Protocollo;Gruppo;DataOraIncidente;Localizzazione1;STRADA1;Localizzazione2;STRADA2;Strada02;Chilometrica;DaSpecificare;NaturaIncidente;particolaritastrade;TipoStrada;FondoStradale;Pavimentazione;Segnaletica;CondizioneAtmosferica;Traffico;Visibilita;Illuminazione;NUM_FERITI;NUM_RISERVATA;NUM_MORTI;NUM_ILLESI;Longitudine;Latitudine;Confermato;Progressivo;TipoVeicolo;StatoVeicolo;TipoPersona;Sesso;Tipolesione;Deceduto;DecedutoDopo;CinturaCascoUtilizzato;Airbag;
4353590;20;02/05/2019 17:00:00;Strada Urbana;VIA FRANCESCO MENGOTTI;all'intersezione con;VIA BONALDO STRINGHER;VIA BONALDO STRINGHER;;;Scontro frontale/laterale SX fra veicoli in marcia;Intersezione stradale segnalata;Una carreggiata a senso unico di marcia;Asciutto;Asfaltata;Verticale ed orizzontale;Sereno;Normale;Buona;Ore Diurne;1;0;0;2;12.4661;41.9438;-1;2;Autovettura privata;In marcia / fermata / arresto;Conducente;M;Rimandato;0;NON DECEDUTO;Non accertato;Inesploso
4353607;19;02/05/2019 09:20:00;Strada Urbana;CLIVO DI CINNA;in prossimità;;del civico n.;209;;Scontro frontale fra veicoli in marcia;Rettilineo;Una carreggiata a doppio senso;Bagnato (umidità in atto);Asfaltata;Assente;Sereno;Normale;Sufficiente;Ore Diurne;0;0;0;3;12.4447;41.9162;-1;1;Autovettura privata;In marcia / fermata / arresto;Conducente;F;Illeso;0;;Non accertato;Inesploso
4353607;19;02/05/2019 09:20:00;Strada Urbana;CLIVO DI CINNA;in prossimità;;del civico n.;209;;Scontro frontale fra veicoli in marcia;Rettilineo;Una carreggiata a doppio senso;Bagnato (umidità in atto);Asfaltata;Assente;Sereno;Normale;Sufficiente;Ore Diurne;0;0;0;3;12.4447;41.9162;-1;1;Autovettura privata;In marcia / fermata / arresto;Passeggero;F;Illeso;0;;Non accertato;Inesploso
4353607;19;02/05/2019 09:20:00;Strada Urbana;CLIVO DI CINNA;in prossimità;;del civico n.;209;;Scontro frontale fra veicoli in marcia;Rettilineo;Una carreggiata a doppio senso;Bagnato (umidità in atto);Asfaltata;Assente;Sereno;Normale;Sufficiente;Ore Diurne;0;0;0;3;12.4447;41.9162;-1;2;Motociclo a solo;In marcia / fermata / arresto;Conducente;F;Illeso;0;;Non accertato;
4353629;19;02/05/2019 11:05:00;Strada Urbana;VIA PIERO BASADONNA;in prossimità;;del civico n.;21;;Scontro laterale fra veicoli in marcia;Rettilineo;Una carreggiata a senso unico di marcia;Asciutto;Asfaltata;Assente;Sereno;Scarso;Buona;Ore Diurne;0;0;0;4;12.4113;41.9153;-1;1;Autovettura privata;In marcia / fermata / arresto;Conducente;M;Illeso;0;;;
4353629;19;02/05/2019 11:05:00;Strada Urbana;VIA PIERO BASADONNA;in prossimità;;del civico n.;21;;Scontro laterale fra veicoli in marcia;Rettilineo;Una carreggiata a senso unico di marcia;Asciutto;Asfaltata;Assente;Sereno;Scarso;Buona;Ore Diurne;0;0;0;4;12.4113;41.9153;-1;1;Autovettura privata;In marcia / fermata / arresto;Passeggero;M;Illeso;0;;;
4353629;19;02/05/2019 11:05:00;Strada Urbana;VIA PIERO BASADONNA;in prossimità;;del civico n.;21;;Scontro laterale fra veicoli in marcia;Rettilineo;Una carreggiata a senso unico di marcia;Asciutto;Asfaltata;Assente;Sereno;Scarso;Buona;Ore Diurne;0;0;0;4;12.4113;41.9153;-1;2;Motociclo a solo;In marcia / fermata / arresto;Conducente;M;Illeso;0;;;
4353629;19;02/05/2019 11:05:00;Strada Urbana;VIA PIERO BASADONNA;in prossimità;;del civico n.;21;;Scontro laterale fra veicoli in marcia;Rettilineo;Una carreggiata a senso unico di marcia;Asciutto;Asfaltata;Assente;Sereno;Scarso;Buona;Ore Diurne;0;0;0;4;12.4113;41.9153;-1;2;Motociclo a solo;In marcia / fermata / arresto;Passeggero;M;Illeso;0;;;
4353656;12;01/05/2019 21:00:00;Strada Urbana;VIALE CRISTOFORO COLOMBO;all'intersezione semaforizzata con;VIALE AMERICA;VIALE AMERICA;;;Scontro frontale/laterale SX fra veicoli in marcia;Intersezione semaforizzata;Una carreggiata a senso unico di marcia;Bagnato (pioggia);Asfaltata;Verticale ed orizzontale;Pioggia in atto;Normale;Sufficiente;Sufficiente;1;0;0;1;12.4672;41.83;-1;1;Autovettura privata;In marcia / fermata / arresto;Conducente;M;Illeso;0;;;
4353656;12;01/05/2019 21:00:00;Strada Urbana;VIALE CRISTOFORO COLOMBO;all'intersezione semaforizzata con;VIALE AMERICA;VIALE AMERICA;;;Scontro frontale/laterale SX fra veicoli in marcia;Intersezione semaforizzata;Una carreggiata a senso unico di marcia;Bagnato (pioggia);Asfaltata;Verticale ed orizzontale;Pioggia in atto;Normale;Sufficiente;Sufficiente;1;0;0;1;12.4672;41.83;-1;2;Autovettura privata;In marcia / fermata / arresto;Conducente;M;Rimandato;0;NON DECEDUTO;;
4354047;7;02/05/2019 16:00:00;Strada Urbana;VIA COLLATINA;in corrispondenza;;del civico n.;277;;Investimento di pedone;Rettilineo;Una carreggiata a doppio senso;Asciutto;Asfaltata;Orizzontale;Sereno;Normale;Buona;Ore Diurne;2;0;0;3;12.5906;41.9045;-1;;;;Pedone;F;Rimandato;0;NON DECEDUTO;;
4354047;7;02/05/2019 16:00:00;Strada Urbana;VIA COLLATINA;in corrispondenza;;del civico n.;277;;Investimento di pedone;Rettilineo;Una carreggiata a doppio senso;Asciutto;Asfaltata;Orizzontale;Sereno;Normale;Buona;Ore Diurne;2;0;0;3;12.5906;41.9045;-1;1;Autovettura privata;In marcia / fermata / arresto;Conducente;M;Illeso;0;;Non accertato;Inesploso
4354047;7;02/05/2019 16:00:00;Strada Urbana;VIA COLLATINA;in corrispondenza;;del civico n.;277;;Investimento di pedone;Rettilineo;Una carreggiata a doppio senso;Asciutto;Asfaltata;Orizzontale;Sereno;Normale;Buona;Ore Diurne;2;0;0;3;12.5906;41.9045;-1;1;Autovettura privata;In marcia / fermata / arresto;Passeggero;M;Rimandato;0;NON DECEDUTO;Non accertato;Inesploso
4354047;7;02/05/2019 16:00:00;Strada Urbana;VIA COLLATINA;in corrispondenza;;del civico n.;277;;Investimento di pedone;Rettilineo;Una carreggiata a doppio senso;Asciutto;Asfaltata;Orizzontale;Sereno;Normale;Buona;Ore Diurne;2;0;0;3;12.5906;41.9045;-1;2;Autocarro superiore 35 q.;In marcia / fermata / arresto;Conducente;M;Illeso;0;;Non accertato;Inesploso
4354047;7;02/05/2019 16:00:00;Strada Urbana;VIA COLLATINA;in corrispondenza;;del civico n.;277;;Investimento di pedone;Rettilineo;Una carreggiata a doppio senso;Asciutto;Asfaltata;Orizzontale;Sereno;Normale;Buona;Ore Diurne;2;0;0;3;12.5906;41.9045;-1;3;Autovettura privata;In marcia / fermata / arresto;Conducente;M;Illeso;0;;Non accertato;Inesploso
4354047;7;02/05/2019 16:00:00;Strada Urbana;VIA COLLATINA;in corrispondenza;;del civico n.;277;;Investimento di pedone;Rettilineo;Una carreggiata a doppio senso;Asciutto;Asfaltata;Orizzontale;Sereno;Normale;Buona;Ore Diurne;2;0;0;3;12.5906;41.9045;-1;4;Autovettura privata;Sosta;;;;;;;
4354047;7;02/05/2019 16:00:00;Strada Urbana;VIA COLLATINA;in corrispondenza;;del civico n.;277;;Investimento di pedone;Rettilineo;Una carreggiata a doppio senso;Asciutto;Asfaltata;Orizzontale;Sereno;Normale;Buona;Ore Diurne;2;0;0;3;12.5906;41.9045;-1;5;Autovettura privata;Sosta;;;;;;;
4354047;7;02/05/2019 16:00:00;Strada Urbana;VIA COLLATINA;in corrispondenza;;del civico n.;277;;Investimento di pedone;Rettilineo;Una carreggiata a doppio senso;Asciutto;Asfaltata;Orizzontale;Sereno;Normale;Buona;Ore Diurne;2;0;0;3;12.5906;41.9045;-1;6;Autovettura privata;Sosta;;;;;;;
4354057;15;02/05/2019 18:00:00;Strada Urbana;VIA DELLA MAGLIANA;in corrispondenza;;del civico n.;231;;Tamponamento;Rettilineo;Una carreggiata a doppio senso;Asciutto;Asfaltata;Orizzontale;Sereno;Intenso;Buona;Ore Diurne;0;0;0;3;12.4583;41.8483;-1;1;Autovettura privata;In marcia / fermata / arresto;Conducente;M;Illeso;0;;Non accertato;Inesploso
4354057;15;02/05/2019 18:00:00;Strada Urbana;VIA DELLA MAGLIANA;in corrispondenza;;del civico n.;231;;Tamponamento;Rettilineo;Una carreggiata a doppio senso;Asciutto;Asfaltata;Orizzontale;Sereno;Intenso;Buona;Ore Diurne;0;0;0;3;12.4583;41.8483;-1;1;Autovettura privata;In marcia / fermata / arresto;Passeggero;F;Illeso;0;;Non accertato;Inesploso
4354057;15;02/05/2019 18:00:00;Strada Urbana;VIA DELLA MAGLIANA;in corrispondenza;;del civico n.;231;;Tamponamento;Rettilineo;Una carreggiata a doppio senso;Asciutto;Asfaltata;Orizzontale;Sereno;Intenso;Buona;Ore Diurne;0;0;0;3;12.4583;41.8483;-1;2;Motociclo con passeggero;In marcia / fermata / arresto;Conducente;M;Illeso;0;;Non accertato;
4354058;11;02/05/2019 15:30:00;Strada Urbana;VIA DELL'ACCADEMIA PELORITANA;in prossimità;;del civico n.;24;;Scontro frontale fra veicoli in marcia;Rettilineo;Due carreggiate;Asciutto;Asfaltata;Verticale ed orizzontale;Sereno;Scarso;Buona;Ore Diurne;0;0;0;3;12.4898;41.8522;-1;1;Autovettura privata;In marcia / fermata / arresto;Conducente;F;Illeso;0;;Utilizzato;
4354058;11;02/05/2019 15:30:00;Strada Urbana;VIA DELL'ACCADEMIA PELORITANA;in prossimità;;del civico n.;24;;Scontro frontale fra veicoli in marcia;Rettilineo;Due carreggiate;Asciutto;Asfaltata;Verticale ed orizzontale;Sereno;Scarso;Buona;Ore Diurne;0;0;0;3;12.4898;41.8522;-1;1;Autovettura privata;In marcia / fermata / arresto;Passeggero;F;Illeso;0;;;
4354058;11;02/05/2019 15:30:00;Strada Urbana;VIA DELL'ACCADEMIA PELORITANA;in prossimità;;del civico n.;24;;Scontro frontale fra veicoli in marcia;Rettilineo;Due carreggiate;Asciutto;Asfaltata;Verticale ed orizzontale;Sereno;Scarso;Buona;Ore Diurne;0;0;0;3;12.4898;41.8522;-1;2;Autovettura privata;In marcia / fermata / arresto;Conducente;M;Illeso;0;;;
4354064;15;02/05/2019 17:35:00;Strada Urbana;VIA DELLA MAGLIANA;in corrispondenza;;del civico n.;281/F;;Tamponamento;Rettilineo;Una carreggiata a doppio senso;Asciutto;Asfaltata;Verticale ed orizzontale;Sereno;Normale;Buona;Ore Diurne;0;0;0;2;12.4565;41.8448;-1;1;Autobus di linea;In marcia / fermata / arresto;Conducente;M;Illeso;0;;Non accertato;Inesploso
4354064;15;02/05/2019 17:35:00;Strada Urbana;VIA DELLA MAGLIANA;in corrispondenza;;del civico n.;281/F;;Tamponamento;Rettilineo;Una carreggiata a doppio senso;Asciutto;Asfaltata;Verticale ed orizzontale;Sereno;Normale;Buona;Ore Diurne;0;0;0;2;12.4565;41.8448;-1;2;Autovettura privata;In marcia / fermata / arresto;Conducente;M;Illeso;0;;Non accertato;Inesploso
4354068;11;02/05/2019 19:40:00;Strada Urbana;VIA DELL'ACCADEMIA AMBROSIANA;da specificare;;;;palo Acea n. 2;Veicolo in marcia contro ostacolo fisso;Rettilineo;Una carreggiata a doppio senso;Asciutto;Asfaltata;Verticale ed orizzontale;Sereno;Scarso;Buona;Ore Diurne;0;0;0;1;12.491;41.8462;-1;1;Velocipede;In marcia / fermata / arresto;Conducente;M;Illeso;0;;Esente;
4354068;11;02/05/2019 19:40:00;Strada Urbana;VIA DELL'ACCADEMIA AMBROSIANA;da specificare;;;;palo Acea n. 2;Veicolo in marcia contro ostacolo fisso;Rettilineo;Una carreggiata a doppio senso;Asciutto;Asfaltata;Verticale ed orizzontale;Sereno;Scarso;Buona;Ore Diurne;0;0;0;1;12.491;41.8462;-1;2;Autovettura privata;Sosta;;;;;;;
4354078;15;02/05/2019 15:37:00;Strada Urbana;VIA DEI SAMPIERI;in prossimità;;del civico n.;226;;Veicolo in marcia contro ostacolo fisso;Curva a visuale libera;Una carreggiata a doppio senso;Asciutto;Asfaltata;Verticale ed orizzontale;Sereno;Scarso;Buona;Ore Diurne;0;0;0;0;12.4159;41.8525;-1;1;Autocarro inferiore 35 q.;In marcia / fermata / arresto;;;;;;;
4354084;20;03/05/2019 06:40:00;Strada Urbana;VIA CASSIA NUOVA;in prossimità;;del civico n.;33;;Scontro laterale fra veicoli in marcia;Curva a visuale libera;Due carreggiate;Asciutto;Asfaltata;Orizzontale;Sereno;Normale;Buona;Ore Diurne;1;0;0;4;12.4692;41.9495;-1;1;Autocarro inferiore 35 q.;In marcia / fermata / arresto;Conducente;M;Illeso;0;;Non accertato;Inesploso
4354084;20;03/05/2019 06:40:00;Strada Urbana;VIA CASSIA NUOVA;in prossimità;;del civico n.;33;;Scontro laterale fra veicoli in marcia;Curva a visuale libera;Due carreggiate;Asciutto;Asfaltata;Orizzontale;Sereno;Normale;Buona;Ore Diurne;1;0;0;4;12.4692;41.9495;-1;1;Autocarro inferiore 35 q.;In marcia / fermata / arresto;Passeggero;M;Illeso;0;;Non accertato;Inesploso
4354084;20;03/05/2019 06:40:00;Strada Urbana;VIA CASSIA NUOVA;in prossimità;;del civico n.;33;;Scontro laterale fra veicoli in marcia;Curva a visuale libera;Due carreggiate;Asciutto;Asfaltata;Orizzontale;Sereno;Normale;Buona;Ore Diurne;1;0;0;4;12.4692;41.9495;-1;1;Autocarro inferiore 35 q.;In marcia / fermata / arresto;Passeggero;M;Illeso;0;;Non accertato;Inesistente
4354084;20;03/05/2019 06:40:00;Strada Urbana;VIA CASSIA NUOVA;in prossimità;;del civico n.;33;;Scontro laterale fra veicoli in marcia;Curva a visuale libera;Due carreggiate;Asciutto;Asfaltata;Orizzontale;Sereno;Normale;Buona;Ore Diurne;1;0;0;4;12.4692;41.9495;-1;1;Autocarro inferiore 35 q.;In marcia / fermata / arresto;Passeggero;M;Illeso;0;;Non accertato;Inesistente
4354084;20;03/05/2019 06:40:00;Strada Urbana;VIA CASSIA NUOVA;in prossimità;;del civico n.;33;;Scontro laterale fra veicoli in marcia;Curva a visuale libera;Due carreggiate;Asciutto;Asfaltata;Orizzontale;Sereno;Normale;Buona;Ore Diurne;1;0;0;4;12.4692;41.9495;-1;2;Motociclo a solo;In marcia / fermata / arresto;Conducente;M;Rimandato;0;NON DECEDUTO;Non accertato;
4354091;15;03/05/2019;Strada Urbana;PIAZZALE DEI CADUTI DELLA MONTAGNOLA;all'intersezione con;VIA FRANCESCO ACRI;VIA FRANCESCO ACRI;;;Veicolo in marcia contro veicolo fermo;Incrocio;Due carreggiate;Asciutto;Asfaltata;Verticale ed orizzontale;Sereno;Scarso;Buona;Sufficiente;0;0;0;3;12.4834;41.8454;-1;1;Autovettura privata;In marcia / fermata / arresto;Conducente;M;Illeso;0;;Non accertato;Inesploso
4354091;15;03/05/2019;Strada Urbana;PIAZZALE DEI CADUTI DELLA MONTAGNOLA;all'intersezione con;VIA FRANCESCO ACRI;VIA FRANCESCO ACRI;;;Veicolo in marcia contro veicolo fermo;Incrocio;Due carreggiate;Asciutto;Asfaltata;Verticale ed orizzontale;Sereno;Scarso;Buona;Sufficiente;0;0;0;3;12.4834;41.8454;-1;1;Autovettura privata;In marcia / fermata / arresto;Passeggero;M;Illeso;0;;Non accertato;Inesploso
4354091;15;03/05/2019;Strada Urbana;PIAZZALE DEI CADUTI DELLA MONTAGNOLA;all'intersezione con;VIA FRANCESCO ACRI;VIA FRANCESCO ACRI;;;Veicolo in marcia contro veicolo fermo;Incrocio;Due carreggiate;Asciutto;Asfaltata;Verticale ed orizzontale;Sereno;Scarso;Buona;Sufficiente;0;0;0;3;12.4834;41.8454;-1;2;Autovettura privata;In marcia / fermata / arresto;Conducente;M;Illeso;0;;Non accertato;
4354097;20;02/05/2019 08:25:00;Regionale entro l'abitato;VIA CASSIA;all'intersezione con;VIA CAPRAROLA;VIA CAPRAROLA;;;Scontro frontale/laterale DX fra veicoli in marcia;Intersezione stradale segnalata;Una carreggiata a doppio senso;Bagnato (umidità in atto);Asfaltata;Verticale ed orizzontale;Sereno;Normale;Buona;Ore Diurne;0;0;0;2;12.4385;41.9681;-1;1;Autovettura privata;In marcia / fermata / arresto;Conducente;M;Illeso;0;;Non accertato;Inesploso
4354097;20;02/05/2019 08:25:00;Regionale entro l'abitato;VIA CASSIA;all'intersezione con;VIA CAPRAROLA;VIA CAPRAROLA;;;Scontro frontale/laterale DX fra veicoli in marcia;Intersezione stradale segnalata;Una carreggiata a doppio senso;Bagnato (umidità in atto);Asfaltata;Verticale ed orizzontale;Sereno;Normale;Buona;Ore Diurne;0;0;0;2;12.4385;41.9681;-1;2;Motociclo a solo;In marcia / fermata / arresto;Conducente;M;Illeso;0;;Non accertato;
4354109;20;02/05/2019 13:40:00;Strada Urbana;VIA VILFREDO PARETO;in corrispondenza;;del civico n.;5;;Tamponamento;Rettilineo;Una carreggiata a doppio senso;Asciutto;Asfaltata;Verticale ed orizzontale;Sereno;Normale;Buona;Ore Diurne;0;0;0;2;12.4684;41.9503;-1;1;Autovettura privata;In marcia / fermata / arresto;Conducente;M;Illeso;0;;Non accertato;Inesploso
4354109;20;02/05/2019 13:40:00;Strada Urbana;VIA VILFREDO PARETO;in corrispondenza;;del civico n.;5;;Tamponamento;Rettilineo;Una carreggiata a doppio senso;Asciutto;Asfaltata;Verticale ed orizzontale;Sereno;Normale;Buona;Ore Diurne;0;0;0;2;12.4684;41.9503;-1;2;Autovettura privata;In marcia / fermata / arresto;Conducente;M;Illeso;0;;Non accertato;Inesploso
4354121;10;02/05/2019 22:20:00;Strada Urbana;VIA TUSCOLANA;in corrispondenza;;del civico n.;194;;Investimento di pedone;Rettilineo;Una carreggiata a doppio senso;Asciutto;Asfaltata;Verticale ed orizzontale;Sereno;Normale;Sufficiente;Sufficiente;0;0;1;2;12.5213;41.8797;-1;;;;Pedone;M;Prognosi riservata;0;DECEDUTO ENTRO 15 GIORNI;;
4354121;10;02/05/2019 22:20:00;Strada Urbana;VIA TUSCOLANA;in corrispondenza;;del civico n.;194;;Investimento di pedone;Rettilineo;Una carreggiata a doppio senso;Asciutto;Asfaltata;Verticale ed orizzontale;Sereno;Normale;Sufficiente;Sufficiente;0;0;1;2;12.5213;41.8797;-1;1;Autovettura privata;In marcia / fermata / arresto;Conducente;M;Illeso;0;;Non accertato;Inesploso
4354121;10;02/05/2019 22:20:00;Strada Urbana;VIA TUSCOLANA;in corrispondenza;;del civico n.;194;;Investimento di pedone;Rettilineo;Una carreggiata a doppio senso;Asciutto;Asfaltata;Verticale ed orizzontale;Sereno;Normale;Sufficiente;Sufficiente;0;0;1;2;12.5213;41.8797;-1;1;Autovettura privata;In marcia / fermata / arresto;Passeggero;M;Illeso;0;;Non accertato;Inesploso
4354125;10;02/05/2019 18:00:00;Strada Urbana;VIALE PALMIRO TOGLIATTI;in prossimità;;del civico n.;2;;Tamponamento Multiplo;Rettilineo;Due carreggiate;Asciutto;Asfaltata;Verticale ed orizzontale;Sereno;Normale;Buona;Ore Diurne;2;0;0;4;12.5704;41.8529;-1;1;Autovettura privata;In marcia / fermata / arresto;Conducente;F;Illeso;0;;Non accertato;Inesploso
4354125;10;02/05/2019 18:00:00;Strada Urbana;VIALE PALMIRO TOGLIATTI;in prossimità;;del civico n.;2;;Tamponamento Multiplo;Rettilineo;Due carreggiate;Asciutto;Asfaltata;Verticale ed orizzontale;Sereno;Normale;Buona;Ore Diurne;2;0;0;4;12.5704;41.8529;-1;1;Autovettura privata;In marcia / fermata / arresto;Passeggero;M;Illeso;0;;Utilizzato;Inesistente
4354125;10;02/05/2019 18:00:00;Strada Urbana;VIALE PALMIRO TOGLIATTI;in prossimità;;del civico n.;2;;Tamponamento Multiplo;Rettilineo;Due carreggiate;Asciutto;Asfaltata;Verticale ed orizzontale;Sereno;Normale;Buona;Ore Diurne;2;0;0;4;12.5704;41.8529;-1;1;Autovettura privata;In marcia / fermata / arresto;Passeggero;M;Illeso;0;;Utilizzato;Inesistente
4354125;10;02/05/2019 18:00:00;Strada Urbana;VIALE PALMIRO TOGLIATTI;in prossimità;;del civico n.;2;;Tamponamento Multiplo;Rettilineo;Due carreggiate;Asciutto;Asfaltata;Verticale ed orizzontale;Sereno;Normale;Buona;Ore Diurne;2;0;0;4;12.5704;41.8529;-1;2;Autovettura privata;In marcia / fermata / arresto;Conducente;F;Rifiuta cure immediate;0;NON DECEDUTO;Non accertato;Inesploso
4354125;10;02/05/2019 18:00:00;Strada Urbana;VIALE PALMIRO TOGLIATTI;in prossimità;;del civico n.;2;;Tamponamento Multiplo;Rettilineo;Due carreggiate;Asciutto;Asfaltata;Verticale ed orizzontale;Sereno;Normale;Buona;Ore Diurne;2;0;0;4;12.5704;41.8529;-1;3;Autovettura privata;In marcia / fermata / arresto;Conducente;M;Rifiuta cure immediate;0;NON DECEDUTO;;
4354125;10;02/05/2019 18:00:00;Strada Urbana;VIALE PALMIRO TOGLIATTI;in prossimità;;del civico n.;2;;Tamponamento Multiplo;Rettilineo;Due carreggiate;Asciutto;Asfaltata;Verticale ed orizzontale;Sereno;Normale;Buona;Ore Diurne;2;0;0;4;12.5704;41.8529;-1;4;Autovettura privata;In marcia / fermata / arresto;Conducente;M;Illeso;0;;Non accertato;Inesploso
4354126;8;02/05/2019 07:13:00;Strada Urbana;VIALE OXFORD;da specificare;;;;fronte palo ACEA n. 6;Scontro laterale fra veicoli in marcia;Rotatoria;Una carreggiata a senso unico di marcia;Asciutto;Asfaltata;Verticale ed orizzontale;Sereno;Intenso;Buona;Ore Diurne;0;0;0;3;12.6276;41.8611;-1;1;Autovettura privata;In marcia / fermata / arresto;Conducente;M;Illeso;0;;Non accertato;Inesploso
4354126;8;02/05/2019 07:13:00;Strada Urbana;VIALE OXFORD;da specificare;;;;fronte palo ACEA n. 6;Scontro laterale fra veicoli in marcia;Rotatoria;Una carreggiata a senso unico di marcia;Asciutto;Asfaltata;Verticale ed orizzontale;Sereno;Intenso;Buona;Ore Diurne;0;0;0;3;12.6276;41.8611;-1;2;Autovettura privata;In marcia / fermata / arresto;Conducente;F;Illeso;0;;Non accertato;Inesploso
4354126;8;02/05/2019 07:13:00;Strada Urbana;VIALE OXFORD;da specificare;;;;fronte palo ACEA n. 6;Scontro laterale fra veicoli in marcia;Rotatoria;Una carreggiata a senso unico di marcia;Asciutto;Asfaltata;Verticale ed orizzontale;Sereno;Intenso;Buona;Ore Diurne;0;0;0;3;12.6276;41.8611;-1;2;Autovettura privata;In marcia / fermata / arresto;Passeggero;M;Illeso;0;;Non accertato;Inesploso
4354127;19;02/05/2019 14:30:00;Strada Urbana;VIA TRIONFALE;in corrispondenza;;del civico n.;9030;;Tamponamento Multiplo;Rettilineo;Una carreggiata a doppio senso;Asciutto;Asfaltata;Orizzontale;Sereno;Normale;Buona;Ore Diurne;0;0;0;4;12.4205;41.942;-1;1;Autovettura privata;In marcia / fermata / arresto;Conducente;F;Illeso;0;;Non accertato;
4354127;19;02/05/2019 14:30:00;Strada Urbana;VIA TRIONFALE;in corrispondenza;;del civico n.;9030;;Tamponamento Multiplo;Rettilineo;Una carreggiata a doppio senso;Asciutto;Asfaltata;Orizzontale;Sereno;Normale;Buona;Ore Diurne;0;0;0;4;12.4205;41.942;-1;2;Autovettura privata;In marcia / fermata / arresto;Conducente;M;Illeso;0;;Non accertato;
4354127;19;02/05/2019 14:30:00;Strada Urbana;VIA TRIONFALE;in corrispondenza;;del civico n.;9030;;Tamponamento Multiplo;Rettilineo;Una carreggiata a doppio senso;Asciutto;Asfaltata;Orizzontale;Sereno;Normale;Buona;Ore Diurne;0;0;0;4;12.4205;41.942;-1;2;Autovettura privata;In marcia / fermata / arresto;Passeggero;M;Illeso;0;;Non accertato;
4354127;19;02/05/2019 14:30:00;Strada Urbana;VIA TRIONFALE;in corrispondenza;;del civico n.;9030;;Tamponamento Multiplo;Rettilineo;Una carreggiata a doppio senso;Asciutto;Asfaltata;Orizzontale;Sereno;Normale;Buona;Ore Diurne;0;0;0;4;12.4205;41.942;-1;3;Autovettura privata;Allontanatosi;Conducente;;Illeso;0;;;
4354128;20;02/05/2019 17:00:00;Strada Urbana;VIA CASSIA;all'intersezione con;VIALE CORTINA D'AMPEZZO;VIALE CORTINA D'AMPEZZO;;;Scontro laterale fra veicoli in marcia;Intersezione stradale segnalata;Una carreggiata a doppio senso;Asciutto;Asfaltata;Verticale ed orizzontale;Sereno;Normale;Sufficiente;Ore Diurne;0;0;0;2;12.4137;41.9828;-1;1;Motociclo a solo;In marcia / fermata / arresto;Conducente;M;Illeso;0;;Non accertato;
4354128;20;02/05/2019 17:00:00;Strada Urbana;VIA CASSIA;all'intersezione con;VIALE CORTINA D'AMPEZZO;VIALE CORTINA D'AMPEZZO;;;Scontro laterale fra veicoli in marcia;Intersezione stradale segnalata;Una carreggiata a doppio senso;Asciutto;Asfaltata;Verticale ed orizzontale;Sereno;Normale;Sufficiente;Ore Diurne;0;0;0;2;12.4137;41.9828;-1;2;Autovettura privata;In marcia / fermata / arresto;Conducente;M;Illeso;0;;Non accertato;
4354140;19;02/05/2019 17:30:00;Strada Urbana;LARGO GIORGIO MACCAGNO;in corrispondenza;;del civico n.;18;;Investimento di pedone;Rettilineo;Una carreggiata a senso unico di marcia;Asciutto;Asfaltata;Verticale ed orizzontale;Sereno;Scarso;Buona;Ore Diurne;1;0;0;1;12.4386;41.9163;-1;;;;Pedone;F;Rimandato;0;NON DECEDUTO;;
4354140;19;02/05/2019 17:30:00;Strada Urbana;LARGO GIORGIO MACCAGNO;in corrispondenza;;del civico n.;18;;Investimento di pedone;Rettilineo;Una carreggiata a senso unico di marcia;Asciutto;Asfaltata;Verticale ed orizzontale;Sereno;Scarso;Buona;Ore Diurne;1;0;0;1;12.4386;41.9163;-1;1;Motociclo a solo;In marcia / fermata / arresto;Conducente;M;Illeso;0;;Non accertato;
4354144;11;02/05/2019 11:40:00;Strada Urbana;VIA ALESSANDRA MACINGHI STROZZI;da specificare;;;;prossimità L.GO DELLE SETTE CHIESE;Scontro laterale fra veicoli in marcia;Rettilineo;Una carreggiata a doppio senso;Asciutto;Asfaltata;Verticale ed orizzontale;Sereno;Normale;Buona;Ore Diurne;0;0;0;3;12.4862;41.8609;-1;1;Autovettura privata;In marcia / fermata / arresto;Conducente;M;Illeso;0;;;
4354144;11;02/05/2019 11:40:00;Strada Urbana;VIA ALESSANDRA MACINGHI STROZZI;da specificare;;;;prossimità L.GO DELLE SETTE CHIESE;Scontro laterale fra veicoli in marcia;Rettilineo;Una carreggiata a doppio senso;Asciutto;Asfaltata;Verticale ed orizzontale;Sereno;Normale;Buona;Ore Diurne;0;0;0;3;12.4862;41.8609;-1;1;Autovettura privata;In marcia / fermata / arresto;Passeggero;M;Illeso;0;;;
4354144;11;02/05/2019 11:40:00;Strada Urbana;VIA ALESSANDRA MACINGHI STROZZI;da specificare;;;;prossimità L.GO DELLE SETTE CHIESE;Scontro laterale fra veicoli in marcia;Rettilineo;Una carreggiata a doppio senso;Asciutto;Asfaltata;Verticale ed orizzontale;Sereno;Normale;Buona;Ore Diurne;0;0;0;3;12.4862;41.8609;-1;2;Autovettura privata;In marcia / fermata / arresto;Conducente;M;Illeso;0;;;
4354155;9;02/05/2019 16:25:00;Strada Urbana;VIA APPIA NUOVA;all'intersezione semaforizzata con;VIA MARIO MENGHINI;VIA MARIO MENGHINI;;;Scontro laterale fra veicoli in marcia;Intersezione semaforizzata;Due carreggiate;Asciutto;Asfaltata;Verticale ed orizzontale;Sereno;Normale;Buona;Ore Diurne;0;0;0;2;12.5288;41.8698;-1;1;Autobus turistico;In marcia / fermata / arresto;Conducente;M;Illeso;0;;Non accertato;Inesploso