Protocollo;Gruppo;DataOraIncidente;Localizzazione1;STRADA1;Localizzazione2;STRADA2;Strada02;Chilometrica;DaSpecificare;NaturaIncidente;particolaritastrade;TipoStrada;FondoStradale;Pavimentazione;Segnaletica;CondizioneAtmosferica;Traffico;Visibilita;Illuminazione;NUM_FERITI;NUM_RISERVATA;NUM_MORTI;NUM_ILLESI;Longitudine;Latitudine;Confermato;Progressivo;TipoVeicolo;StatoVeicolo;TipoPersona;Sesso;Tipolesione;Deceduto;DecedutoDopo;CinturaCascoUtilizzato;Airbag;
4355877;8;03/05/2019 14:18:00;Strada Urbana;VIA DOMENICO PARASACCHI;da specificare;;;;fronte civico 178;Scontro laterale fra veicoli in marcia;Rettilineo;Una carreggiata a senso unico di marcia;Asciutto;Asfaltata;Verticale;Sereno;Normale;Buona;Ore Diurne;1;0;0;2;12.6325;41.867;-1;2;Autovettura privata;In marcia / fermata / arresto;Passeggero;F;Illeso;0;;;
4355882;11;04/05/2019;Strada Urbana;VIA DELLA STAZIONE OSTIENSE;da specificare;;;;fr.civ.19;Veicolo in marcia contro veicoli in sosta;Rettilineo;Una carreggiata a senso unico di marcia;Bagnato (pioggia);Asfaltata;Orizzontale;Pioggia in atto;Scarso;Sufficiente;Sufficiente;0;0;0;1;12.4822;41.8732;-1;1;Autovettura privata;Sosta;;;;;;;
4355882;11;04/05/2019;Strada Urbana;VIA DELLA STAZIONE OSTIENSE;da specificare;;;;fr.civ.19;Veicolo in marcia contro veicoli in sosta;Rettilineo;Una carreggiata a senso unico di marcia;Bagnato (pioggia);Asfaltata;Orizzontale;Pioggia in atto;Scarso;Sufficiente;Sufficiente;0;0;0;1;12.4822;41.8732;-1;2;Autovettura privata;Sosta;;;;;;;
4355882;11;04/05/2019;Strada Urbana;VIA DELLA STAZIONE OSTIENSE;da specificare;;;;fr.civ.19;Veicolo in marcia contro veicoli in sosta;Rettilineo;Una carreggiata a senso unico di marcia;Bagnato (pioggia);Asfaltata;Orizzontale;Pioggia in atto;Scarso;Sufficiente;Sufficiente;0;0;0;1;12.4822;41.8732;-1;3;Quadriciclo;In marcia / fermata / arresto;Conducente;M;Illeso;0;;;
4355893;20;03/05/2019 14:30:00;Strada Urbana;VIA CASSIA;all'intersezione con;VIA DI VILLA LAUCHLI;VIA DI VILLA LAUCHLI;;;Scontro frontale/laterale DX fra veicoli in marcia;Intersezione stradale segnalata;Una carreggiata a doppio senso;Asciutto;Asfaltata;Orizzontale;Sereno;Intenso;Buona;Ore Diurne;0;0;0;3;12.4137;41.9828;-1;1;Autovettura privata;In marcia / fermata / arresto;Conducente;M;Illeso;0;;Non accertato;
4355893;20;03/05/2019 14:30:00;Strada Urbana;VIA CASSIA;all'intersezione con;VIA DI VILLA LAUCHLI;VIA DI VILLA LAUCHLI;;;Scontro frontale/laterale DX fra veicoli in marcia;Intersezione stradale segnalata;Una carreggiata a doppio senso;Asciutto;Asfaltata;Orizzontale;Sereno;Intenso;Buona;Ore Diurne;0;0;0;3;12.4137;41.9828;-1;1;Autovettura privata;In marcia / fermata / arresto;Passeggero;F;Illeso;0;;Non accertato;
4355893;20;03/05/2019 14:30:00;Strada Urbana;VIA CASSIA;all'intersezione con;VIA DI VILLA LAUCHLI;VIA DI VILLA LAUCHLI;;;Scontro frontale/laterale DX fra veicoli in marcia;Intersezione stradale segnalata;Una carreggiata a doppio senso;Asciutto;Asfaltata;Orizzontale;Sereno;Intenso;Buona;Ore Diurne;0;0;0;3;12.4137;41.9828;-1;2;Motociclo a solo;In marcia / fermata / arresto;Conducente;M;Illeso;0;;Non accertato;
4355896;11;04/05/2019 01:30:00;Strada Urbana;VIA CRISTOFORO COLOMBO;all'intersezione semaforizzata con;VIA GIOVANNI GENOCCHI;VIA GIOVANNI GENOCCHI;;;Tamponamento;Intersezione semaforizzata;Più di due carreggiate;Bagnato (pioggia);Asfaltata;Verticale ed orizzontale;Pioggia in atto;Scarso;Buona;Sufficiente;2;0;0;0;12.4965;41.8586;-1;1;Autovettura privata;In marcia / fermata / arresto;Conducente;F;Rimandato;0;NON DECEDUTO;Non accertato;
4355896;11;04/05/2019 01:30:00;Strada Urbana;VIA CRISTOFORO COLOMBO;all'intersezione semaforizzata con;VIA GIOVANNI GENOCCHI;VIA GIOVANNI GENOCCHI;;;Tamponamento;Intersezione semaforizzata;Più di due carreggiate;Bagnato (pioggia);Asfaltata;Verticale ed orizzontale;Pioggia in atto;Scarso;Buona;Sufficiente;2;0;0;0;12.4965;41.8586;-1;2;Autovettura privata;In marcia / fermata / arresto;Conducente;F;Rimandato;0;NON DECEDUTO;Non accertato;
4355905;11;03/05/2019 16:10:00;Strada Urbana;LARGO FRATELLI GRECO;all'intersezione con;VIA LEARCO GUERRA;VIA LEARCO GUERRA;;;Veicolo in marcia contro veicolo arresto;Intersezione stradale segnalata;Una carreggiata a senso unico di marcia;Asciutto;Asfaltata;Verticale ed orizzontale;Sereno;Scarso;Buona;Ore Diurne;0;0;0;2;12.5123;41.8333;-1;1;Autovettura privata;In marcia / fermata / arresto;Conducente;F;Illeso;0;;Non accertato;
4355905;11;03/05/2019 16:10:00;Strada Urbana;LARGO FRATELLI GRECO;all'intersezione con;VIA LEARCO GUERRA;VIA LEARCO GUERRA;;;Veicolo in marcia contro veicolo arresto;Intersezione stradale segnalata;Una carreggiata a senso unico di marcia;Asciutto;Asfaltata;Verticale ed orizzontale;Sereno;Scarso;Buona;Ore Diurne;0;0;0;2;12.5123;41.8333;-1;2;Autovettura privata;In marcia / fermata / arresto;Conducente;F;Illeso;0;;Non accertato;
4355935;6;04/05/2019 07:30:00;Strada Urbana;VIA TEANO;da specificare;;;;civico 3 (tratto tra via di Santo Stefano e via Ma;Scontro frontale fra veicoli in marcia;Rettilineo;Una carreggiata a doppio senso;Bagnato (pioggia);Asfaltata;Assente;Pioggia in atto;Normale;Sufficiente;Ore Diurne;2;0;0;1;12.5423;41.8906;-1;1;Autovettura privata;In marcia / fermata / arresto;Conducente;F;Ricoverato;0;NON DECEDUTO;;
4355935;6;04/05/2019 07:30:00;Strada Urbana;VIA TEANO;da specificare;;;;civico 3 (tratto tra via di Santo Stefano e via Ma;Scontro frontale fra veicoli in marcia;Rettilineo;Una carreggiata a doppio senso;Bagnato (pioggia);Asfaltata;Assente;Pioggia in atto;Normale;Sufficiente;Ore Diurne;2;0;0;1;12.5423;41.8906;-1;1;Autovettura privata;In marcia / fermata / arresto;Passeggero;M;Rimandato;0;NON DECEDUTO;Utilizzato;
4355935;6;04/05/2019 07:30:00;Strada Urbana;VIA TEANO;da specificare;;;;civico 3 (tratto tra via di Santo Stefano e via Ma;Scontro frontale fra veicoli in marcia;Rettilineo;Una carreggiata a doppio senso;Bagnato (pioggia);Asfaltata;Assente;Pioggia in atto;Normale;Sufficiente;Ore Diurne;2;0;0;1;12.5423;41.8906;-1;2;Autovettura privata;In marcia / fermata / arresto;Conducente;M;Illeso;0;;;Esploso
4355939;11;03/05/2019 23:55:00;Strada Urbana;VIALE CRISTOFORO COLOMBO;in prossimità;;del palo luce n.;255;;Scontro laterale fra veicoli in marcia;Rettilineo;Più di due carreggiate;Bagnato (pioggia);Asfaltata;Verticale ed orizzontale;Pioggia in atto;Scarso;Buona;Sufficiente;0;0;0;2;12.4867;41.8515;-1;1;Autovettura privata;In marcia / fermata / arresto;Conducente;M;Illeso;0;;;
4355939;11;03/05/2019 23:55:00;Strada Urbana;VIALE CRISTOFORO COLOMBO;in prossimità;;del palo luce n.;255;;Scontro laterale fra veicoli in marcia;Rettilineo;Più di due carreggiate;Bagnato (pioggia);Asfaltata;Verticale ed orizzontale;Pioggia in atto;Scarso;Buona;Sufficiente;0;0;0;2;12.4867;41.8515;-1;2;Autovettura privata;In marcia / fermata / arresto;Conducente;M;Illeso;0;;;
4355942;15;03/05/2019 14:35:00;Strada Urbana;VIA LUIGI DASTI;all'intersezione con;VIA DELLA MAGLIANA;VIA DELLA MAGLIANA;;;Scontro frontale/laterale DX fra veicoli in marcia;Intersezione non regolata/non segnalata;Una carreggiata a doppio senso;Asciutto;Asfaltata;Verticale;Nuvoloso;Normale;Buona;Ore Diurne;0;0;0;4;12.417;41.8286;-1;1;Autovettura privata;In marcia / fermata / arresto;Conducente;F;Illeso;0;;Non accertato;Inesploso
4355942;15;03/05/2019 14:35:00;Strada Urbana;VIA LUIGI DASTI;all'intersezione con;VIA DELLA MAGLIANA;VIA DELLA MAGLIANA;;;Scontro frontale/laterale DX fra veicoli in marcia;Intersezione non regolata/non segnalata;Una carreggiata a doppio senso;Asciutto;Asfaltata;Verticale;Nuvoloso;Normale;Buona;Ore Diurne;0;0;0;4;12.417;41.8286;-1;1;Autovettura privata;In marcia / fermata / arresto;Passeggero;M;Illeso;0;;Non accertato;Inesploso
4355942;15;03/05/2019 14:35:00;Strada Urbana;VIA LUIGI DASTI;all'intersezione con;VIA DELLA MAGLIANA;VIA DELLA MAGLIANA;;;Scontro frontale/laterale DX fra veicoli in marcia;Intersezione non regolata/non segnalata;Una carreggiata a doppio senso;Asciutto;Asfaltata;Verticale;Nuvoloso;Normale;Buona;Ore Diurne;0;0;0;4;12.417;41.8286;-1;2;Autocarro inferiore 35 q.;In marcia / fermata / arresto;Conducente;M;Illeso;0;;Non accertato;Inesploso
4355942;15;03/05/2019 14:35:00;Strada Urbana;VIA LUIGI DASTI;all'intersezione con;VIA DELLA MAGLIANA;VIA DELLA MAGLIANA;;;Scontro frontale/laterale DX fra veicoli in marcia;Intersezione non regolata/non segnalata;Una carreggiata a doppio senso;Asciutto;Asfaltata;Verticale;Nuvoloso;Normale;Buona;Ore Diurne;0;0;0;4;12.417;41.8286;-1;2;Autocarro inferiore 35 q.;In marcia / fermata / arresto;Passeggero;F;Illeso;0;;Non accertato;Inesploso
4355951;15;03/05/2019 20:37:00;Strada Urbana;VIA DELLA CASETTA MATTEI;da specificare;;;;PROSSIMITA' VIA LA CONTEA;Investimento di pedone;Rettilineo;Una carreggiata a doppio senso;Asciutto;Asfaltata;Orizzontale;Sereno;Scarso;Buona;Sufficiente;1;0;0;4;12.4196;41.8579;-1;;;;Pedone;F;Rimandato;0;NON DECEDUTO;;
4355951;15;03/05/2019 20:37:00;Strada Urbana;VIA DELLA CASETTA MATTEI;da specificare;;;;PROSSIMITA' VIA LA CONTEA;Investimento di pedone;Rettilineo;Una carreggiata a doppio senso;Asciutto;Asfaltata;Orizzontale;Sereno;Scarso;Buona;Sufficiente;1;0;0;4;12.4196;41.8579;-1;1;Autovettura privata;In marcia / fermata / arresto;Conducente;M;Illeso;0;;Non accertato;Inesploso
4355951;15;03/05/2019 20:37:00;Strada Urbana;VIA DELLA CASETTA MATTEI;da specificare;;;;PROSSIMITA' VIA LA CONTEA;Investimento di pedone;Rettilineo;Una carreggiata a doppio senso;Asciutto;Asfaltata;Orizzontale;Sereno;Scarso;Buona;Sufficiente;1;0;0;4;12.4196;41.8579;-1;1;Autovettura privata;In marcia / fermata / arresto;Passeggero;F;Illeso;0;;Non accertato;Inesploso
4355951;15;03/05/2019 20:37:00;Strada Urbana;VIA DELLA CASETTA MATTEI;da specificare;;;;PROSSIMITA' VIA LA CONTEA;Investimento di pedone;Rettilineo;Una carreggiata a doppio senso;Asciutto;Asfaltata;Orizzontale;Sereno;Scarso;Buona;Sufficiente;1;0;0;4;12.4196;41.8579;-1;1;Autovettura privata;In marcia / fermata / arresto;Passeggero;F;Illeso;0;;Non accertato;Inesploso
4355951;15;03/05/2019 20:37:00;Strada Urbana;VIA DELLA CASETTA MATTEI;da specificare;;;;PROSSIMITA' VIA LA CONTEA;Investimento di pedone;Rettilineo;Una carreggiata a doppio senso;Asciutto;Asfaltata;Orizzontale;Sereno;Scarso;Buona;Sufficiente;1;0;0;4;12.4196;41.8579;-1;1;Autovettura privata;In marcia / fermata / arresto;Passeggero;F;Illeso;0;;Non accertato;Inesploso
4355952;20;03/05/2019 23:45:00;Strada Urbana;LUNGOTEVERE MARESCIALLO DIAZ;da specificare;;;;fr. pros. Piazzale Masciallo Diaz;Tamponamento;Rettilineo;Due carreggiate;Bagnato (pioggia);Asfaltata;Orizzontale;Pioggia in atto;Normale;Sufficiente;Sufficiente;0;0;0;4;12.462;41.9339;-1;1;Autovettura privata;In marcia / fermata / arresto;Conducente;M;Illeso;0;;Non accertato;
4355952;20;03/05/2019 23:45:00;Strada Urbana;LUNGOTEVERE MARESCIALLO DIAZ;da specificare;;;;fr. pros. Piazzale Masciallo Diaz;Tamponamento;Rettilineo;Due carreggiate;Bagnato (pioggia);Asfaltata;Orizzontale;Pioggia in atto;Normale;Sufficiente;Sufficiente;0;0;0;4;12.462;41.9339;-1;1;Autovettura privata;In marcia / fermata / arresto;Passeggero;M;Illeso;0;;Non accertato;
4355952;20;03/05/2019 23:45:00;Strada Urbana;LUNGOTEVERE MARESCIALLO DIAZ;da specificare;;;;fr. pros. Piazzale Masciallo Diaz;Tamponamento;Rettilineo;Due carreggiate;Bagnato (pioggia);Asfaltata;Orizzontale;Pioggia in atto;Normale;Sufficiente;Sufficiente;0;0;0;4;12.462;41.9339;-1;2;Autovettura privata;In marcia / fermata / arresto;Conducente;F;Illeso;0;;;
4355952;20;03/05/2019 23:45:00;Strada Urbana;LUNGOTEVERE MARESCIALLO DIAZ;da specificare;;;;fr. pros. Piazzale Masciallo Diaz;Tamponamento;Rettilineo;Due carreggiate;Bagnato (pioggia);Asfaltata;Orizzontale;Pioggia in atto;Normale;Sufficiente;Sufficiente;0;0;0;4;12.462;41.9339;-1;2;Autovettura privata;In marcia / fermata / arresto;Passeggero;F;Illeso;0;;;
4355956;11;03/05/2019 16:00:00;Strada Urbana;VIA VEDANA;da specificare;;;;fronte palo acea 4;Scontro frontale/laterale SX fra veicoli in marcia;Rettilineo;Una carreggiata a senso unico di marcia;Asciutto;Asfaltata;Verticale ed orizzontale;Sereno;Scarso;Buona;Ore Diurne;1;0;0;1;12.4816;41.8469;-1;1;Autovettura privata;In marcia / fermata / arresto;Conducente;M;Rifiuta cure immediate;0;NON DECEDUTO;Non accertato;
4355956;11;03/05/2019 16:00:00;Strada Urbana;VIA VEDANA;da specificare;;;;fronte palo acea 4;Scontro frontale/laterale SX fra veicoli in marcia;Rettilineo;Una carreggiata a senso unico di marcia;Asciutto;Asfaltata;Verticale ed orizzontale;Sereno;Scarso;Buona;Ore Diurne;1;0;0;1;12.4816;41.8469;-1;2;Autovettura privata;In marcia / fermata / arresto;Conducente;F;Illeso;0;;Non accertato;
4355960;11;03/05/2019 19:10:00;Strada Urbana;VIA DEL SERAFICO;in prossimità;;del civico n.;200;;Tamponamento Multiplo;Rettilineo;Una carreggiata a doppio senso;Asciutto;Asfaltata;Verticale;Sereno;Normale;Buona;Ore Diurne;3;0;0;1;12.4916;41.8325;-1;1;Autovettura privata;In marcia / fermata / arresto;Conducente;F;Illeso;0;;Non accertato;
4355960;11;03/05/2019 19:10:00;Strada Urbana;VIA DEL SERAFICO;in prossimità;;del civico n.;200;;Tamponamento Multiplo;Rettilineo;Una carreggiata a doppio senso;Asciutto;Asfaltata;Verticale;Sereno;Normale;Buona;Ore Diurne;3;0;0;1;12.4916;41.8325;-1;2;Autovettura privata;In marcia / fermata / arresto;Conducente;M;Rifiuta cure immediate;0;NON DECEDUTO;Non accertato;
4355960;11;03/05/2019 19:10:00;Strada Urbana;VIA DEL SERAFICO;in prossimità;;del civico n.;200;;Tamponamento Multiplo;Rettilineo;Una carreggiata a doppio senso;Asciutto;Asfaltata;Verticale;Sereno;Normale;Buona;Ore Diurne;3;0;0;1;12.4916;41.8325;-1;2;Autovettura privata;In marcia / fermata / arresto;Passeggero;F;Rifiuta cure immediate;0;NON DECEDUTO;;
4355960;11;03/05/2019 19:10:00;Strada Urbana;VIA DEL SERAFICO;in prossimità;;del civico n.;200;;Tamponamento Multiplo;Rettilineo;Una carreggiata a doppio senso;Asciutto;Asfaltata;Verticale;Sereno;Normale;Buona;Ore Diurne;3;0;0;1;12.4916;41.8325;-1;3;Autovettura privata;In marcia / fermata / arresto;Conducente;F;Rifiuta cure immediate;0;NON DECEDUTO;Non accertato;
4355963;6;03/05/2019 14:30:00;Strada Urbana;VIA SAMPIERO DI BASTELICA;all'intersezione con;VIA NICOLO' FORTEGUERRI;VIA NICOLO' FORTEGUERRI;;;Tamponamento;Incrocio;Due carreggiate;Asciutto;Asfaltata;Verticale ed orizzontale;Sereno;Scarso;Buona;Ore Diurne;1;0;0;1;12.541;41.891;-1;1;Autovettura privata;In marcia / fermata / arresto;Conducente;F;Illeso;0;;;
4355963;6;03/05/2019 14:30:00;Strada Urbana;VIA SAMPIERO DI BASTELICA;all'intersezione con;VIA NICOLO' FORTEGUERRI;VIA NICOLO' FORTEGUERRI;;;Tamponamento;Incrocio;Due carreggiate;Asciutto;Asfaltata;Verticale ed orizzontale;Sereno;Scarso;Buona;Ore Diurne;1;0;0;1;12.541;41.891;-1;2;Motociclo a solo;In marcia / fermata / arresto;Conducente;M;Rifiuta cure immediate;0;NON DECEDUTO;;
4355965;15;04/05/2019 01:55:00;Strada Urbana;VIALE GUGLIELMO MARCONI;in corrispondenza;;del civico n.;440;;Scontro frontale/laterale SX fra veicoli in marcia;Rettilineo;Due carreggiate;Bagnato (pioggia);Asfaltata;Verticale ed orizzontale;Pioggia in atto;Normale;Sufficiente;Sufficiente;0;0;0;5;12.4711;41.8568;-1;1;Autovettura privata;In marcia / fermata / arresto;Conducente;M;Illeso;0;;;
4355965;15;04/05/2019 01:55:00;Strada Urbana;VIALE GUGLIELMO MARCONI;in corrispondenza;;del civico n.;440;;Scontro frontale/laterale SX fra veicoli in marcia;Rettilineo;Due carreggiate;Bagnato (pioggia);Asfaltata;Verticale ed orizzontale;Pioggia in atto;Normale;Sufficiente;Sufficiente;0;0;0;5;12.4711;41.8568;-1;1;Autovettura privata;In marcia / fermata / arresto;Passeggero;M;Illeso;0;;;
4355965;15;04/05/2019 01:55:00;Strada Urbana;VIALE GUGLIELMO MARCONI;in corrispondenza;;del civico n.;440;;Scontro frontale/laterale SX fra veicoli in marcia;Rettilineo;Due carreggiate;Bagnato (pioggia);Asfaltata;Verticale ed orizzontale;Pioggia in atto;Normale;Sufficiente;Sufficiente;0;0;0;5;12.4711;41.8568;-1;2;Autovettura privata;In marcia / fermata / arresto;Conducente;F;Illeso;0;;;
4355965;15;04/05/2019 01:55:00;Strada Urbana;VIALE GUGLIELMO MARCONI;in corrispondenza;;del civico n.;440;;Scontro frontale/laterale SX fra veicoli in marcia;Rettilineo;Due carreggiate;Bagnato (pioggia);Asfaltata;Verticale ed orizzontale;Pioggia in atto;Normale;Sufficiente;Sufficiente;0;0;0;5;12.4711;41.8568;-1;2;Autovettura privata;In marcia / fermata / arresto;Passeggero;F;Illeso;0;;;
4355965;15;04/05/2019 01:55:00;Strada Urbana;VIALE GUGLIELMO MARCONI;in corrispondenza;;del civico n.;440;;Scontro frontale/laterale SX fra veicoli in marcia;Rettilineo;Due carreggiate;Bagnato (pioggia);Asfaltata;Verticale ed orizzontale;Pioggia in atto;Normale;Sufficiente;Sufficiente;0;0;0;5;12.4711;41.8568;-1;2;Autovettura privata;In marcia / fermata / arresto;Passeggero;F;Illeso;0;;;
4355974;6;03/05/2019 15:30:00;Strada Urbana;VIA CASILINA;all'intersezione con;VIA DI TOR TRE TESTE;VIA DI TOR TRE TESTE;;;Tamponamento;Incrocio;Più di due carreggiate;Asciutto;Asfaltata;Verticale ed orizzontale;Sereno;Intenso;Buona;Ore Diurne;0;0;0;3;12.5873;41.8684;-1;1;Ciclomotore;In marcia / fermata / arresto;Conducente;M;Illeso;0;;;
4355974;6;03/05/2019 15:30:00;Strada Urbana;VIA CASILINA;all'intersezione con;VIA DI TOR TRE TESTE;VIA DI TOR TRE TESTE;;;Tamponamento;Incrocio;Più di due carreggiate;Asciutto;Asfaltata;Verticale ed orizzontale;Sereno;Intenso;Buona;Ore Diurne;0;0;0;3;12.5873;41.8684;-1;2;Autovettura privata;In marcia / fermata / arresto;Conducente;M;Illeso;0;;;
4355974;6;03/05/2019 15:30:00;Strada Urbana;VIA CASILINA;all'intersezione con;VIA DI TOR TRE TESTE;VIA DI TOR TRE TESTE;;;Tamponamento;Incrocio;Più di due carreggiate;Asciutto;Asfaltata;Verticale ed orizzontale;Sereno;Intenso;Buona;Ore Diurne;0;0;0;3;12.5873;41.8684;-1;2;Autovettura privata;In marcia / fermata / arresto;Passeggero;F;Illeso;0;;;
4355977;10;04/05/2019 07:30:00;Strada Urbana;VIA ANAGNINA;da specificare;;;;dir. Centro sotto GRA;Ribaltamento senza urto contro ostacolo fisso;Curva senza visuale libera;Due carreggiate;Bagnato (pioggia);Asfaltata;Verticale ed orizzontale;Pioggia in atto;Scarso;Buona;Ore Diurne;0;0;0;1;12.5919;41.8394;-1;1;Autovettura privata;In marcia / fermata / arresto;Conducente;M;Illeso;0;;Non accertato;Inesploso
4355980;6;03/05/2019 21:15:00;Strada Urbana;VIA DEI PLATANI;in corrispondenza;;del civico n.;123b;;Infortunio per sola frenata improvvisa;Rettilineo;Una carreggiata a doppio senso;Asciutto;Asfaltata;Verticale ed orizzontale;Sereno;Scarso;Sufficiente;Sufficiente;1;0;0;0;12.5683;41.8811;-1;1;Velocipede;In marcia / fermata / arresto;Conducente;M;Rimandato;0;NON DECEDUTO;Esente;
4355989;13;03/05/2019 11:40:00;Strada Urbana;VIA DEI TRAGHETTI;in prossimità;;del civico n.;130;;Veicolo in marcia contro veicoli in sosta;Rettilineo;Una carreggiata a senso unico di marcia;Asciutto;Asfaltata;Orizzontale;Sereno;Normale;Sufficiente;Ore Diurne;0;0;0;1;12.2761;41.7369;-1;1;Autovettura privata;Sosta;;;;;;;
4355989;13;03/05/2019 11:40:00;Strada Urbana;VIA DEI TRAGHETTI;in prossimità;;del civico n.;130;;Veicolo in marcia contro veicoli in sosta;Rettilineo;Una carreggiata a senso unico di marcia;Asciutto;Asfaltata;Orizzontale;Sereno;Normale;Sufficiente;Ore Diurne;0;0;0;1;12.2761;41.7369;-1;2;Autovettura privata;In marcia / fermata / arresto;Conducente;F;Illeso;0;;Non accertato;Inesploso
4355990;6;03/05/2019 23:40:00;Strada Urbana;VIA SAMPIERO DI BASTELICA;all'intersezione con;VIA RENZO DA CERI;VIA RENZO DA CERI;;;Scontro frontale/laterale DX fra veicoli in marcia;Incrocio;Una carreggiata a senso unico di marcia;Bagnato (pioggia);Asfaltata;Verticale ed orizzontale;Pioggia in atto;Scarso;Buona;Sufficiente;0;0;0;2;12.5386;41.8906;-1;1;Autovettura privata;In marcia / fermata / arresto;Conducente;M;Illeso;0;;;
4355990;6;03/05/2019 23:40:00;Strada Urbana;VIA SAMPIERO DI BASTELICA;all'intersezione con;VIA RENZO DA CERI;VIA RENZO DA CERI;;;Scontro frontale/laterale DX fra veicoli in marcia;Incrocio;Una carreggiata a senso unico di marcia;Bagnato (pioggia);Asfaltata;Verticale ed orizzontale;Pioggia in atto;Scarso;Buona;Sufficiente;0;0;0;2;12.5386;41.8906;-1;2;Autovettura di polizia;In marcia / fermata / arresto;Conducente;M;Illeso;0;;;
4356004;6;04/05/2019 05:45:00;Strada Urbana;VIALE KANT;da specificare;;;;fronte area mercato;Veicolo in marcia contro ostacolo fisso;Curva a visuale libera;Due carreggiate;Bagnato (pioggia);Asfaltata;Verticale ed orizzontale;Pioggia in atto;Scarso;Buona;Sufficiente;0;0;0;1;12.5555;41.9329;-1;1;Autovettura privata;In marcia / fermata / arresto;Conducente;M;Illeso;0;;Non accertato;Inesploso
4356039;2;04/05/2019 04:40:00;Strada Urbana;VIA SAN GODENZO;in prossimità;;del civico n.;193;;Veicolo in marcia contro veicoli in sosta;Rettilineo;Una carreggiata a senso unico di marcia;Bagnato (pioggia);Asfaltata;Verticale ed orizzontale;Pioggia in atto;Scarso;Buona;Sufficiente;0;0;0;1;12.4531;41.9613;-1;1;Autovettura privata;In marcia / fermata / arresto;Conducente;M;Illeso;0;;;
4356039;2;04/05/2019 04:40:00;Strada Urbana;VIA SAN GODENZO;in prossimità;;del civico n.;193;;Veicolo in marcia contro veicoli in sosta;Rettilineo;Una carreggiata a senso unico di marcia;Bagnato (pioggia);Asfaltata;Verticale ed orizzontale;Pioggia in atto;Scarso;Buona;Sufficiente;0;0;0;1;12.4531;41.9613;-1;2;Autovettura privata;Sosta;;;;;;;
4356039;2;04/05/2019 04:40:00;Strada Urbana;VIA SAN GODENZO;in prossimità;;del civico n.;193;;Veicolo in marcia contro veicoli in sosta;Rettilineo;Una carreggiata a senso unico di marcia;Bagnato (pioggia);Asfaltata;Verticale ed orizzontale;Pioggia in atto;Scarso;Buona;Sufficiente;0;0;0;1;12.4531;41.9613;-1;3;Autovettura privata;Sosta;;;;;;;
4356039;2;04/05/2019 04:40:00;Strada Urbana;VIA SAN GODENZO;in prossimità;;del civico n.;193;;Veicolo in marcia contro veicoli in sosta;Rettilineo;Una carreggiata a senso unico di marcia;Bagnato (pioggia);Asfaltata;Verticale ed orizzontale;Pioggia in atto;Scarso;Buona;Sufficiente;0;0;0;1;12.4531;41.9613;-1;4;Autovettura privata;Sosta;;;;;;;
4356061;2;04/05/2019 07:40:00;Strada Urbana;VIA SALARIA;in corrispondenza;;del civico n.;413;;Scontro laterale fra veicoli in marcia;Rettilineo;Una carreggiata a doppio senso;Bagnato (pioggia);Asfaltata;Orizzontale;Pioggia in atto;Intenso;Buona;Ore Diurne;1;0;0;3;12.5089;41.9345;-1;1;Motociclo a solo;In marcia / fermata / arresto;Conducente;M;Ricoverato;0;NON DECEDUTO;;
4356061;2;04/05/2019 07:40:00;Strada Urbana;VIA SALARIA;in corrispondenza;;del civico n.;413;;Scontro laterale fra veicoli in marcia;Rettilineo;Una carreggiata a doppio senso;Bagnato (pioggia);Asfaltata;Orizzontale;Pioggia in atto;Intenso;Buona;Ore Diurne;1;0;0;3;12.5089;41.9345;-1;2;Autovettura privata;In marcia / fermata / arresto;Conducente;M;Illeso;0;;;
4356061;2;04/05/2019 07:40:00;Strada Urbana;VIA SALARIA;in corrispondenza;;del civico n.;413;;Scontro laterale fra veicoli in marcia;Rettilineo;Una carreggiata a doppio senso;Bagnato (pioggia);Asfaltata;Orizzontale;Pioggia in atto;Intenso;Buona;Ore Diurne;1;0;0;3;12.5089;41.9345;-1;3;Autovettura privata;In marcia / fermata / arresto;Conducente;M;Illeso;0;;;
4356061;2;04/05/2019 07:40:00;Strada Urbana;VIA SALARIA;in corrispondenza;;del civico n.;413;;Scontro laterale fra veicoli in marcia;Rettilineo;Una carreggiata a doppio senso;Bagnato (pioggia);Asfaltata;Orizzontale;Pioggia in atto;Intenso;Buona;Ore Diurne;1;0;0;3;12.5089;41.9345;-1;3;Autovettura privata;In marcia / fermata / arresto;Passeggero;F;Illeso;0;;Non accertato;
4356077;13;04/05/2019 05:45:00;Regionale entro l'abitato;VIA GUIDO CALZA;da specificare;;;;SR296 dopo prima curva a sinistra;Veicolo in marcia contro ostacolo fisso;Curva senza visuale libera;Una carreggiata a senso unico di marcia;Bagnato (pioggia);Asfaltata;Verticale ed orizzontale;Nuvoloso;Scarso;Sufficiente;Ore Diurne;1;0;0;0;12.4964;41.9028;0;1;Autovettura privata;In marcia / fermata / arresto;Conducente;M;Rimandato;0;NON DECEDUTO;;
4356083;13;03/05/2019 22:10:00;Strada Urbana;PIAZZA TOLOSETTO FARINATA DEGLI UBERTI;in corrispondenza;;del civico n.;1;;Veicolo in marcia contro veicoli in sosta;Rettilineo;Due carreggiate;Bagnato (pioggia);Asfaltata;Verticale;Pioggia in atto;Scarso;Buona;Sufficiente;0;0;0;1;12.2913;41.7355;-1;1;Autovettura privata;Sosta;;;;;;;