Protocollo;Gruppo;DataOraIncidente;Localizzazione1;STRADA1;Localizzazione2;STRADA2;Strada02;Chilometrica;DaSpecificare;NaturaIncidente;particolaritastrade;TipoStrada;FondoStradale;Pavimentazione;Segnaletica;CondizioneAtmosferica;Traffico;Visibilita;Illuminazione;NUM_FERITI;NUM_RISERVATA;NUM_MORTI;NUM_ILLESI;Longitudine;Latitudine;Confermato;Progressivo;TipoVeicolo;StatoVeicolo;TipoPersona;Sesso;Tipolesione;Deceduto;DecedutoDopo;CinturaCascoUtilizzato;Airbag;
4358737;13;05/05/2019;Strada Urbana;VIA CARLO CASINI;all'intersezione con;VIA NICOLO' BALANZANO;VIA NICOLO' BALANZANO;;;Scontro laterale fra veicoli in marcia;Incrocio;Una carreggiata a senso unico di marcia;Bagnato (umidità in atto);Asfaltata;Verticale;Nuvoloso;Scarso;Sufficiente;Sufficiente;5;0;0;0;12.3391;41.7794;-1;1;Autovettura privata;In marcia / fermata / arresto;Passeggero;F;Rimandato;0;NON DECEDUTO;Non accertato;Esploso
4358737;13;05/05/2019;Strada Urbana;VIA CARLO CASINI;all'intersezione con;VIA NICOLO' BALANZANO;VIA NICOLO' BALANZANO;;;Scontro laterale fra veicoli in marcia;Incrocio;Una carreggiata a senso unico di marcia;Bagnato (umidità in atto);Asfaltata;Verticale;Nuvoloso;Scarso;Sufficiente;Sufficiente;5;0;0;0;12.3391;41.7794;-1;2;Autovettura privata;In marcia / fermata / arresto;Conducente;M;Rimandato;0;NON DECEDUTO;Non accertato;Inesploso
4358737;13;05/05/2019;Strada Urbana;VIA CARLO CASINI;all'intersezione con;VIA NICOLO' BALANZANO;VIA NICOLO' BALANZANO;;;Scontro laterale fra veicoli in marcia;Incrocio;Una carreggiata a senso unico di marcia;Bagnato (umidità in atto);Asfaltata;Verticale;Nuvoloso;Scarso;Sufficiente;Sufficiente;5;0;0;0;12.3391;41.7794;-1;2;Autovettura privata;In marcia / fermata / arresto;Passeggero;M;Rimandato;0;NON DECEDUTO;Non accertato;Inesploso
4358737;13;05/05/2019;Strada Urbana;VIA CARLO CASINI;all'intersezione con;VIA NICOLO' BALANZANO;VIA NICOLO' BALANZANO;;;Scontro laterale fra veicoli in marcia;Incrocio;Una carreggiata a senso unico di marcia;Bagnato (umidità in atto);Asfaltata;Verticale;Nuvoloso;Scarso;Sufficiente;Sufficiente;5;0;0;0;12.3391;41.7794;-1;2;Autovettura privata;In marcia / fermata / arresto;Passeggero;F;Rimandato;0;NON DECEDUTO;Non accertato;Inesploso
4358737;13;05/05/2019;Strada Urbana;VIA CARLO CASINI;all'intersezione con;VIA NICOLO' BALANZANO;VIA NICOLO' BALANZANO;;;Scontro laterale fra veicoli in marcia;Incrocio;Una carreggiata a senso unico di marcia;Bagnato (umidità in atto);Asfaltata;Verticale;Nuvoloso;Scarso;Sufficiente;Sufficiente;5;0;0;0;12.3391;41.7794;-1;3;Autovettura privata;Sosta;;;;;;;
4358737;13;05/05/2019;Strada Urbana;VIA CARLO CASINI;all'intersezione con;VIA NICOLO' BALANZANO;VIA NICOLO' BALANZANO;;;Scontro laterale fra veicoli in marcia;Incrocio;Una carreggiata a senso unico di marcia;Bagnato (umidità in atto);Asfaltata;Verticale;Nuvoloso;Scarso;Sufficiente;Sufficiente;5;0;0;0;12.3391;41.7794;-1;4;Autovettura privata;Sosta;;;;;;;
4358747;13;05/05/2019 11:15:00;Strada Urbana;VIA DI PRATO CORNELIO;da specificare;;;;alt. via G. PELLIZZA;Scontro laterale fra veicoli in marcia;Rettilineo;Una carreggiata a doppio senso;Asciutto;Asfaltata;Orizzontale;Nuvoloso;Scarso;Buona;Ore Diurne;0;0;0;4;12.3626;41.7738;-1;1;Autovettura privata;In marcia / fermata / arresto;Conducente;M;Illeso;0;;Non accertato;Inesploso
4358747;13;05/05/2019 11:15:00;Strada Urbana;VIA DI PRATO CORNELIO;da specificare;;;;alt. via G. PELLIZZA;Scontro laterale fra veicoli in marcia;Rettilineo;Una carreggiata a doppio senso;Asciutto;Asfaltata;Orizzontale;Nuvoloso;Scarso;Buona;Ore Diurne;0;0;0;4;12.3626;41.7738;-1;2;Autovettura privata;In marcia / fermata / arresto;Conducente;M;Illeso;0;;Non accertato;Inesploso
4358747;13;05/05/2019 11:15:00;Strada Urbana;VIA DI PRATO CORNELIO;da specificare;;;;alt. via G. PELLIZZA;Scontro laterale fra veicoli in marcia;Rettilineo;Una carreggiata a doppio senso;Asciutto;Asfaltata;Orizzontale;Nuvoloso;Scarso;Buona;Ore Diurne;0;0;0;4;12.3626;41.7738;-1;2;Autovettura privata;In marcia / fermata / arresto;Passeggero;M;Illeso;0;;Non accertato;Inesploso
4358747;13;05/05/2019 11:15:00;Strada Urbana;VIA DI PRATO CORNELIO;da specificare;;;;alt. via G. PELLIZZA;Scontro laterale fra veicoli in marcia;Rettilineo;Una carreggiata a doppio senso;Asciutto;Asfaltata;Orizzontale;Nuvoloso;Scarso;Buona;Ore Diurne;0;0;0;4;12.3626;41.7738;-1;2;Autovettura privata;In marcia / fermata / arresto;Passeggero;F;Illeso;0;;Non accertato;Inesploso
4358762;4;03/05/2019 20:30:00;Provinciale entro l'abitato;VIA NOMENTANA;in corrispondenza;;del civico n.;1358;;Veicolo in marcia contro ostacolo accidentale;Rettilineo;Una carreggiata a doppio senso;Asciutto;Asfaltata;Orizzontale;Sereno;Normale;Sufficiente;Sufficiente;0;0;0;1;12.5977;41.9654;-1;1;Autovettura privata;In marcia / fermata / arresto;Conducente;M;Illeso;0;;Non accertato;
4358763;18;04/05/2019 12:45:00;Strada Urbana;VIA DI TORREVECCHIA;all'intersezione con;VIA CARDINALE CELSO COSTANTINI;VIA CARDINALE CELSO COSTANTINI;;;Tamponamento;Incrocio;Due carreggiate;Bagnato (pioggia);Asfaltata;Verticale ed orizzontale;Nuvoloso;Normale;Sufficiente;Ore Diurne;1;0;0;2;12.4081;41.9163;-1;1;Autovettura privata;In marcia / fermata / arresto;Conducente;F;Rifiuta cure immediate;0;NON DECEDUTO;;
4358763;18;04/05/2019 12:45:00;Strada Urbana;VIA DI TORREVECCHIA;all'intersezione con;VIA CARDINALE CELSO COSTANTINI;VIA CARDINALE CELSO COSTANTINI;;;Tamponamento;Incrocio;Due carreggiate;Bagnato (pioggia);Asfaltata;Verticale ed orizzontale;Nuvoloso;Normale;Sufficiente;Ore Diurne;1;0;0;2;12.4081;41.9163;-1;2;Autovettura privata;In marcia / fermata / arresto;Conducente;F;Illeso;0;;;
4358763;18;04/05/2019 12:45:00;Strada Urbana;VIA DI TORREVECCHIA;all'intersezione con;VIA CARDINALE CELSO COSTANTINI;VIA CARDINALE CELSO COSTANTINI;;;Tamponamento;Incrocio;Due carreggiate;Bagnato (pioggia);Asfaltata;Verticale ed orizzontale;Nuvoloso;Normale;Sufficiente;Ore Diurne;1;0;0;2;12.4081;41.9163;-1;2;Autovettura privata;In marcia / fermata / arresto;Passeggero;M;Illeso;0;;;
4358764;5;04/05/2019 09:15:00;;VIA RINALDO D'AQUINO;da specificare;;;;alt. palo Acea 7 dir. GRA;Ribaltamento senza urto contro ostacolo fisso;;;;;;;;;;1;0;0;0;12.6119;41.9684;0;1;Autovettura privata;In marcia / fermata / arresto;Conducente;M;Rimandato;0;NON DECEDUTO;;
4358791;12;04/05/2019 08:40:00;Strada Urbana;VIA OSTIENSE;da specificare;;;;dir. Roma centro altezza palo luce n.275;Fuoriuscita dalla sede stradale;Curva a visuale libera;Una carreggiata a doppio senso;Bagnato (pioggia);Asfaltata;Verticale ed orizzontale;Pioggia in atto;Scarso;Buona;Ore Diurne;1;0;0;0;12.4229;41.8109;-1;1;Autovettura privata;In marcia / fermata / arresto;Conducente;M;Rimandato;0;NON DECEDUTO;;
4358809;2;05/05/2019 01:00:00;Strada Urbana;PIAZZA DELLE CINQUE GIORNATE;da specificare;;;;lato civico 3;Scontro frontale/laterale DX fra veicoli in marcia;Rettilineo;Una carreggiata a senso unico di marcia;Bagnato (pioggia);Asfaltata;Verticale ed orizzontale;Pioggia in atto;Scarso;Buona;Sufficiente;3;0;0;0;12.4695;41.914;-1;1;Autovettura privata;In marcia / fermata / arresto;Conducente;F;Ricoverato;0;NON DECEDUTO;;
4358809;2;05/05/2019 01:00:00;Strada Urbana;PIAZZA DELLE CINQUE GIORNATE;da specificare;;;;lato civico 3;Scontro frontale/laterale DX fra veicoli in marcia;Rettilineo;Una carreggiata a senso unico di marcia;Bagnato (pioggia);Asfaltata;Verticale ed orizzontale;Pioggia in atto;Scarso;Buona;Sufficiente;3;0;0;0;12.4695;41.914;-1;2;Autovettura privata;In marcia / fermata / arresto;Conducente;M;Rimandato;0;NON DECEDUTO;;
4358809;2;05/05/2019 01:00:00;Strada Urbana;PIAZZA DELLE CINQUE GIORNATE;da specificare;;;;lato civico 3;Scontro frontale/laterale DX fra veicoli in marcia;Rettilineo;Una carreggiata a senso unico di marcia;Bagnato (pioggia);Asfaltata;Verticale ed orizzontale;Pioggia in atto;Scarso;Buona;Sufficiente;3;0;0;0;12.4695;41.914;-1;2;Autovettura privata;In marcia / fermata / arresto;Passeggero;F;Rimandato;0;NON DECEDUTO;;
4358826;4;03/05/2019 15:15:00;Strada Urbana;VIA NOMENTANA NUOVA;da specificare;;;;altezza VIA VAL D'OSSOLA;Tamponamento;Rettilineo;Una carreggiata a doppio senso;Asciutto;Asfaltata;Verticale ed orizzontale;Nuvoloso;Normale;Buona;Ore Diurne;0;0;0;2;12.5311;41.9342;-1;1;Quadriciclo leggero;In marcia / fermata / arresto;Conducente;M;Illeso;0;;;
4358826;4;03/05/2019 15:15:00;Strada Urbana;VIA NOMENTANA NUOVA;da specificare;;;;altezza VIA VAL D'OSSOLA;Tamponamento;Rettilineo;Una carreggiata a doppio senso;Asciutto;Asfaltata;Verticale ed orizzontale;Nuvoloso;Normale;Buona;Ore Diurne;0;0;0;2;12.5311;41.9342;-1;2;Autovettura privata;In marcia / fermata / arresto;Conducente;M;Illeso;0;;;
4358835;5;05/05/2019 07:00:00;;VIA SAMBUCI;all'intersezione con;VIA FAUSTINIANA;VIA FAUSTINIANA;;;Veicolo in marcia contro veicolo in sosta;;;;;;;;;;0;0;0;0;12.6123;41.9367;0;1;Autovettura privata;In marcia / fermata / arresto;;;;;;;
4358837;13;04/05/2019 08:50:00;Strada Urbana;VIA DEL COLLETTORE PRIMARIO;all'intersezione con;VIA GASPARE OLIVERIO;VIA GASPARE OLIVERIO;;;Veicolo in marcia contro ostacolo accidentale;Incrocio;Una carreggiata a doppio senso;Bagnato (pioggia);Asfaltata;Verticale;Pioggia in atto;Normale;Buona;Ore Diurne;0;0;0;1;12.3058;41.7768;-1;1;Autovettura privata;In marcia / fermata / arresto;Conducente;M;Illeso;0;;Non accertato;Inesploso
4358844;16;04/05/2019 21:50:00;Strada Urbana;VIA DELLA PISANA;all'intersezione con;VIA DEGLI ANTAMORO;VIA DEGLI ANTAMORO;;;Scontro laterale fra veicoli in marcia;Incrocio;Una carreggiata a doppio senso;Asciutto;Asfaltata;Assente;Nuvoloso;Normale;Buona;Sufficiente;1;0;0;1;12.4142;41.8755;-1;1;Autovettura privata;In marcia / fermata / arresto;Conducente;M;Illeso;0;;Non accertato;Inesploso
4358844;16;04/05/2019 21:50:00;Strada Urbana;VIA DELLA PISANA;all'intersezione con;VIA DEGLI ANTAMORO;VIA DEGLI ANTAMORO;;;Scontro laterale fra veicoli in marcia;Incrocio;Una carreggiata a doppio senso;Asciutto;Asfaltata;Assente;Nuvoloso;Normale;Buona;Sufficiente;1;0;0;1;12.4142;41.8755;-1;2;Motociclo a solo;In marcia / fermata / arresto;Conducente;M;Rimandato;0;NON DECEDUTO;Non accertato;
4358844;16;04/05/2019 21:50:00;Strada Urbana;VIA DELLA PISANA;all'intersezione con;VIA DEGLI ANTAMORO;VIA DEGLI ANTAMORO;;;Scontro laterale fra veicoli in marcia;Incrocio;Una carreggiata a doppio senso;Asciutto;Asfaltata;Assente;Nuvoloso;Normale;Buona;Sufficiente;1;0;0;1;12.4142;41.8755;-1;3;Autovettura privata;Sosta;;;;;;;
4358846;13;06/05/2019 07:10:00;Strada Urbana;VIA BRUNO MOLAJOLI;all'intersezione con;VIA FRANCO GENTILINI;VIA FRANCO GENTILINI;;;Scontro frontale/laterale DX fra veicoli in marcia;Incrocio;Una carreggiata a doppio senso;Asciutto;Asfaltata;Verticale;Sereno;Scarso;Buona;Ore Diurne;0;0;0;2;12.3616;41.7705;-1;1;Autovettura privata;In marcia / fermata / arresto;Conducente;F;Illeso;0;;Non accertato;Inesploso
4358846;13;06/05/2019 07:10:00;Strada Urbana;VIA BRUNO MOLAJOLI;all'intersezione con;VIA FRANCO GENTILINI;VIA FRANCO GENTILINI;;;Scontro frontale/laterale DX fra veicoli in marcia;Incrocio;Una carreggiata a doppio senso;Asciutto;Asfaltata;Verticale;Sereno;Scarso;Buona;Ore Diurne;0;0;0;2;12.3616;41.7705;-1;2;Quadriciclo;In marcia / fermata / arresto;Conducente;F;Illeso;0;;Non accertato;Inesploso
4358849;5;05/05/2019 13:40:00;Strada Urbana;VIA DEI MONTI TIBURTINI;da specificare;;;;fronte Pertini;Scontro laterale fra veicoli in marcia;Rettilineo;Una carreggiata a senso unico di marcia;Bagnato (umidità in atto);Asfaltata;Verticale ed orizzontale;Sereno;Scarso;Buona;Ore Diurne;0;0;0;2;12.5385;41.9186;-1;1;Autovettura privata;In marcia / fermata / arresto;Conducente;M;Illeso;0;;Non accertato;
4358849;5;05/05/2019 13:40:00;Strada Urbana;VIA DEI MONTI TIBURTINI;da specificare;;;;fronte Pertini;Scontro laterale fra veicoli in marcia;Rettilineo;Una carreggiata a senso unico di marcia;Bagnato (umidità in atto);Asfaltata;Verticale ed orizzontale;Sereno;Scarso;Buona;Ore Diurne;0;0;0;2;12.5385;41.9186;-1;2;Autovettura privata;In marcia / fermata / arresto;Conducente;M;Illeso;0;;Non accertato;
4358855;4;04/05/2019 18:45:00;Strada Urbana;VIA CASALE REDICICOLI;da specificare;;;;(tronchetto autostradale A 90);Veicolo in marcia contro ostacolo fisso;Curva senza visuale libera;Una carreggiata a senso unico di marcia;Bagnato (pioggia);Asfaltata;Verticale ed orizzontale;Nuvoloso;Normale;Buona;Ore Diurne;0;0;0;2;12.5393;41.9724;-1;1;Autovettura privata;In marcia / fermata / arresto;Conducente;M;Illeso;0;;Non accertato;Inesploso
4358855;4;04/05/2019 18:45:00;Strada Urbana;VIA CASALE REDICICOLI;da specificare;;;;(tronchetto autostradale A 90);Veicolo in marcia contro ostacolo fisso;Curva senza visuale libera;Una carreggiata a senso unico di marcia;Bagnato (pioggia);Asfaltata;Verticale ed orizzontale;Nuvoloso;Normale;Buona;Ore Diurne;0;0;0;2;12.5393;41.9724;-1;1;Autovettura privata;In marcia / fermata / arresto;Passeggero;M;Illeso;0;;Non accertato;Inesploso
4358863;5;05/05/2019 16:03:00;Strada Urbana;VIA CARLO ARTURO JEMOLO;all'intersezione con;VIA ENRICO JOVANE;VIA ENRICO JOVANE;;;Scontro frontale/laterale SX fra veicoli in marcia;Intersezione stradale segnalata;Due carreggiate;Bagnato (pioggia);Asfaltata;Verticale ed orizzontale;Pioggia in atto;Scarso;Sufficiente;Ore Diurne;1;0;0;3;12.5857;41.9489;-1;1;Autovettura privata;In marcia / fermata / arresto;Conducente;F;Illeso;0;;Non utilizzato;Inesploso
4358863;5;05/05/2019 16:03:00;Strada Urbana;VIA CARLO ARTURO JEMOLO;all'intersezione con;VIA ENRICO JOVANE;VIA ENRICO JOVANE;;;Scontro frontale/laterale SX fra veicoli in marcia;Intersezione stradale segnalata;Due carreggiate;Bagnato (pioggia);Asfaltata;Verticale ed orizzontale;Pioggia in atto;Scarso;Sufficiente;Ore Diurne;1;0;0;3;12.5857;41.9489;-1;1;Autovettura privata;In marcia / fermata / arresto;Passeggero;M;Illeso;0;;Non accertato;Inesploso
4358863;5;05/05/2019 16:03:00;Strada Urbana;VIA CARLO ARTURO JEMOLO;all'intersezione con;VIA ENRICO JOVANE;VIA ENRICO JOVANE;;;Scontro frontale/laterale SX fra veicoli in marcia;Intersezione stradale segnalata;Due carreggiate;Bagnato (pioggia);Asfaltata;Verticale ed orizzontale;Pioggia in atto;Scarso;Sufficiente;Ore Diurne;1;0;0;3;12.5857;41.9489;-1;1;Autovettura privata;In marcia / fermata / arresto;Passeggero;F;Rimandato;0;NON DECEDUTO;Non accertato;Inesploso
4358863;5;05/05/2019 16:03:00;Strada Urbana;VIA CARLO ARTURO JEMOLO;all'intersezione con;VIA ENRICO JOVANE;VIA ENRICO JOVANE;;;Scontro frontale/laterale SX fra veicoli in marcia;Intersezione stradale segnalata;Due carreggiate;Bagnato (pioggia);Asfaltata;Verticale ed orizzontale;Pioggia in atto;Scarso;Sufficiente;Ore Diurne;1;0;0;3;12.5857;41.9489;-1;2;Autovettura privata;In marcia / fermata / arresto;Conducente;M;Illeso;0;;Non accertato;Inesploso
4358864;4;05/05/2019 01:00:00;Strada Urbana;VIA DELLA BUFALOTTA;all'intersezione con;VIA DELLA CECCHINA;VIA DELLA CECCHINA;;;Scontro frontale/laterale SX fra veicoli in marcia;Intersezione non regolata/non segnalata;Una carreggiata a doppio senso;Bagnato (pioggia);Asfaltata;Verticale;Pioggia in atto;Scarso;Buona;Sufficiente;0;0;0;3;12.5499;41.9676;-1;1;Autovettura privata;In marcia / fermata / arresto;Conducente;F;Illeso;0;;;
4358864;4;05/05/2019 01:00:00;Strada Urbana;VIA DELLA BUFALOTTA;all'intersezione con;VIA DELLA CECCHINA;VIA DELLA CECCHINA;;;Scontro frontale/laterale SX fra veicoli in marcia;Intersezione non regolata/non segnalata;Una carreggiata a doppio senso;Bagnato (pioggia);Asfaltata;Verticale;Pioggia in atto;Scarso;Buona;Sufficiente;0;0;0;3;12.5499;41.9676;-1;2;Autovettura privata;In marcia / fermata / arresto;Conducente;M;Illeso;0;;;
4358864;4;05/05/2019 01:00:00;Strada Urbana;VIA DELLA BUFALOTTA;all'intersezione con;VIA DELLA CECCHINA;VIA DELLA CECCHINA;;;Scontro frontale/laterale SX fra veicoli in marcia;Intersezione non regolata/non segnalata;Una carreggiata a doppio senso;Bagnato (pioggia);Asfaltata;Verticale;Pioggia in atto;Scarso;Buona;Sufficiente;0;0;0;3;12.5499;41.9676;-1;2;Autovettura privata;In marcia / fermata / arresto;Passeggero;F;Illeso;0;;Non accertato;Inesistente
4358873;1;04/05/2019 11:20:00;Strada Urbana;VIA DEI SERPENTI;in corrispondenza;;del civico n.;180;;Veicolo in marcia contro veicolo fermo;Rettilineo;Una carreggiata a senso unico di marcia;Bagnato (pioggia);Asfaltata;Verticale ed orizzontale;Pioggia in atto;Scarso;Buona;Ore Diurne;0;0;0;2;12.4908;41.8944;-1;1;Autovettura privata;In marcia / fermata / arresto;Conducente;M;Illeso;0;;Non accertato;
4358873;1;04/05/2019 11:20:00;Strada Urbana;VIA DEI SERPENTI;in corrispondenza;;del civico n.;180;;Veicolo in marcia contro veicolo fermo;Rettilineo;Una carreggiata a senso unico di marcia;Bagnato (pioggia);Asfaltata;Verticale ed orizzontale;Pioggia in atto;Scarso;Buona;Ore Diurne;0;0;0;2;12.4908;41.8944;-1;2;Autocarro inferiore 35 q.;In marcia / fermata / arresto;Passeggero;M;Illeso;0;;Non accertato;
4358875;4;04/05/2019 13:00:00;Strada Urbana;VIA FRANCO SACCHETTI;in prossimità;;del civico n.;5;;Veicolo in marcia contro veicolo in sosta;Rettilineo;Una carreggiata a doppio senso;Bagnato (pioggia);Asfaltata;Verticale;Pioggia in atto;Normale;Buona;Ore Diurne;0;0;0;2;12.5472;41.951;-1;1;Autovettura privata;In marcia / fermata / arresto;Conducente;M;Illeso;0;;;
4358875;4;04/05/2019 13:00:00;Strada Urbana;VIA FRANCO SACCHETTI;in prossimità;;del civico n.;5;;Veicolo in marcia contro veicolo in sosta;Rettilineo;Una carreggiata a doppio senso;Bagnato (pioggia);Asfaltata;Verticale;Pioggia in atto;Normale;Buona;Ore Diurne;0;0;0;2;12.5472;41.951;-1;1;Autovettura privata;In marcia / fermata / arresto;Passeggero;M;Illeso;0;;;
4358875;4;04/05/2019 13:00:00;Strada Urbana;VIA FRANCO SACCHETTI;in prossimità;;del civico n.;5;;Veicolo in marcia contro veicolo in sosta;Rettilineo;Una carreggiata a doppio senso;Bagnato (pioggia);Asfaltata;Verticale;Pioggia in atto;Normale;Buona;Ore Diurne;0;0;0;2;12.5472;41.951;-1;2;Autovettura privata;Sosta;;;;;;;
4358884;13;06/05/2019 08:00:00;Strada Urbana;VIA CANAZEI;all'intersezione con;VIA BOCENAGO;VIA BOCENAGO;;;Scontro frontale/laterale SX fra veicoli in marcia;Incrocio;Una carreggiata a doppio senso;Asciutto;Asfaltata;Verticale;Sereno;Scarso;Buona;Ore Diurne;0;0;0;5;12.3803;41.7361;-1;1;Autovettura privata;In marcia / fermata / arresto;Conducente;F;Illeso;0;;;
4358884;13;06/05/2019 08:00:00;Strada Urbana;VIA CANAZEI;all'intersezione con;VIA BOCENAGO;VIA BOCENAGO;;;Scontro frontale/laterale SX fra veicoli in marcia;Incrocio;Una carreggiata a doppio senso;Asciutto;Asfaltata;Verticale;Sereno;Scarso;Buona;Ore Diurne;0;0;0;5;12.3803;41.7361;-1;1;Autovettura privata;In marcia / fermata / arresto;Passeggero;M;Illeso;0;;;
4358884;13;06/05/2019 08:00:00;Strada Urbana;VIA CANAZEI;all'intersezione con;VIA BOCENAGO;VIA BOCENAGO;;;Scontro frontale/laterale SX fra veicoli in marcia;Incrocio;Una carreggiata a doppio senso;Asciutto;Asfaltata;Verticale;Sereno;Scarso;Buona;Ore Diurne;0;0;0;5;12.3803;41.7361;-1;1;Autovettura privata;In marcia / fermata / arresto;Passeggero;F;Illeso;0;;;
4358884;13;06/05/2019 08:00:00;Strada Urbana;VIA CANAZEI;all'intersezione con;VIA BOCENAGO;VIA BOCENAGO;;;Scontro frontale/laterale SX fra veicoli in marcia;Incrocio;Una carreggiata a doppio senso;Asciutto;Asfaltata;Verticale;Sereno;Scarso;Buona;Ore Diurne;0;0;0;5;12.3803;41.7361;-1;1;Autovettura privata;In marcia / fermata / arresto;Passeggero;M;Illeso;0;;;
4358884;13;06/05/2019 08:00:00;Strada Urbana;VIA CANAZEI;all'intersezione con;VIA BOCENAGO;VIA BOCENAGO;;;Scontro frontale/laterale SX fra veicoli in marcia;Incrocio;Una carreggiata a doppio senso;Asciutto;Asfaltata;Verticale;Sereno;Scarso;Buona;Ore Diurne;0;0;0;5;12.3803;41.7361;-1;2;Autovettura privata;In marcia / fermata / arresto;Conducente;M;Illeso;0;;;
4358886;2;04/05/2019 08:30:00;Strada Urbana;VIALE DEL MURO TORTO;in prossimità;;del palo luce n.;17;;Veicolo in marcia contro ostacolo fisso;Curva senza visuale libera;Due carreggiate;Bagnato (pioggia);Asfaltata;Orizzontale;Pioggia in atto;Normale;Sufficiente;Ore Diurne;0;0;0;1;12.4817;41.9107;-1;1;Ciclomotore;In marcia / fermata / arresto;Conducente;M;Illeso;0;;;
4358893;2;04/05/2019 08:50:00;Strada Urbana;SOTTOVIA IGNAZIO GUIDI;da specificare;;;;pross. fr.civ.4 di C.so d'ITALIA - dir. Croce Ross;Veicolo in marcia contro ostacolo fisso;Rettilineo;Due carreggiate;Bagnato (pioggia);Asfaltata;Verticale ed orizzontale;Pioggia in atto;Scarso;Sufficiente;Ore Diurne;0;0;0;1;12.5014;41.9096;-1;1;Autovettura privata;In marcia / fermata / arresto;Conducente;M;Illeso;0;;Non accertato;Inesploso
4358895;20;05/05/2019 18:40:00;Statale entro l'abitato;VIA CASSIA;in prossimità;;del civico n.;817;;Scontro laterale fra veicoli in marcia;Rettilineo;Una carreggiata a doppio senso;Asciutto;Asfaltata;Verticale ed orizzontale;Sereno;Normale;Sufficiente;Ore Diurne;1;0;0;0;12.4397;41.9671;0;1;Motociclo a solo;In marcia / fermata / arresto;Conducente;M;Rimandato;0;NON DECEDUTO;Non accertato;
4358896;2;04/05/2019 11:00:00;Strada Urbana;VIA GIAN GIACOMO PORRO;in corrispondenza;;del civico n.;3;;Scontro laterale fra veicoli in marcia;Curva a visuale libera;Una carreggiata a senso unico di marcia;Bagnato (pioggia);Asfaltata;Orizzontale;Pioggia in atto;Scarso;Sufficiente;Ore Diurne;0;0;0;3;12.4895;41.9285;-1;1;Ciclomotore;In marcia / fermata / arresto;Conducente;M;Illeso;0;;;
4358896;2;04/05/2019 11:00:00;Strada Urbana;VIA GIAN GIACOMO PORRO;in corrispondenza;;del civico n.;3;;Scontro laterale fra veicoli in marcia;Curva a visuale libera;Una carreggiata a senso unico di marcia;Bagnato (pioggia);Asfaltata;Orizzontale;Pioggia in atto;Scarso;Sufficiente;Ore Diurne;0;0;0;3;12.4895;41.9285;-1;1;Ciclomotore;In marcia / fermata / arresto;Passeggero;F;Illeso;0;;;
4358896;2;04/05/2019 11:00:00;Strada Urbana;VIA GIAN GIACOMO PORRO;in corrispondenza;;del civico n.;3;;Scontro laterale fra veicoli in marcia;Curva a visuale libera;Una carreggiata a senso unico di marcia;Bagnato (pioggia);Asfaltata;Orizzontale;Pioggia in atto;Scarso;Sufficiente;Ore Diurne;0;0;0;3;12.4895;41.9285;-1;2;Autovettura privata;In marcia / fermata / arresto;Conducente;F;Illeso;0;;;
4358896;2;04/05/2019 11:00:00;Strada Urbana;VIA GIAN GIACOMO PORRO;in corrispondenza;;del civico n.;3;;Scontro laterale fra veicoli in marcia;Curva a visuale libera;Una carreggiata a senso unico di marcia;Bagnato (pioggia);Asfaltata;Orizzontale;Pioggia in atto;Scarso;Sufficiente;Ore Diurne;0;0;0;3;12.4895;41.9285;-1;3;Autovettura privata;Sosta;;;;;;;
4358897;2;04/05/2019 13:30:00;Strada Urbana;VIALE REGINA MARGHERITA;all'intersezione semaforizzata con;VIA DALMAZIA;VIA DALMAZIA;;;Scontro frontale/laterale SX fra veicoli in marcia;Intersezione semaforizzata;Una carreggiata a doppio senso;Bagnato (umidità in atto);Asfaltata;Verticale;Nuvoloso;Normale;Buona;Ore Diurne;0;0;0;3;12.5051;41.9142;-1;1;Autovettura privata;In marcia / fermata / arresto;Conducente;M;Illeso;0;;Non accertato;Inesploso
4358897;2;04/05/2019 13:30:00;Strada Urbana;VIALE REGINA MARGHERITA;all'intersezione semaforizzata con;VIA DALMAZIA;VIA DALMAZIA;;;Scontro frontale/laterale SX fra veicoli in marcia;Intersezione semaforizzata;Una carreggiata a doppio senso;Bagnato (umidità in atto);Asfaltata;Verticale;Nuvoloso;Normale;Buona;Ore Diurne;0;0;0;3;12.5051;41.9142;-1;1;Autovettura privata;In marcia / fermata / arresto;Passeggero;M;Illeso;0;;Non accertato;Inesploso
4358897;2;04/05/2019 13:30:00;Strada Urbana;VIALE REGINA MARGHERITA;all'intersezione semaforizzata con;VIA DALMAZIA;VIA DALMAZIA;;;Scontro frontale/laterale SX fra veicoli in marcia;Intersezione semaforizzata;Una carreggiata a doppio senso;Bagnato (umidità in atto);Asfaltata;Verticale;Nuvoloso;Normale;Buona;Ore Diurne;0;0;0;3;12.5051;41.9142;-1;2;Autovettura privata;In marcia / fermata / arresto;Conducente;M;Illeso;0;;;
4358900;2;05/05/2019 11:20:00;Strada Urbana;VIALE REGINA MARGHERITA;all'intersezione semaforizzata con;VIA SALARIA;VIA SALARIA;;;Scontro laterale fra veicoli in marcia;Intersezione semaforizzata;Una carreggiata a doppio senso;Asciutto;Asfaltata;Verticale ed orizzontale;Nuvoloso;Normale;Buona;Ore Diurne;0;0;0;4;12.4986;41.9194;-1;1;Autovettura privata;In marcia / fermata / arresto;Conducente;M;Illeso;0;;Non accertato;Inesploso