Protocollo;Gruppo;DataOraIncidente;Localizzazione1;STRADA1;Localizzazione2;STRADA2;Strada02;Chilometrica;DaSpecificare;NaturaIncidente;particolaritastrade;TipoStrada;FondoStradale;Pavimentazione;Segnaletica;CondizioneAtmosferica;Traffico;Visibilita;Illuminazione;NUM_FERITI;NUM_RISERVATA;NUM_MORTI;NUM_ILLESI;Longitudine;Latitudine;Confermato;Progressivo;TipoVeicolo;StatoVeicolo;TipoPersona;Sesso;Tipolesione;Deceduto;DecedutoDopo;CinturaCascoUtilizzato;Airbag;
4359035;9;05/05/2019 19:15:00;Strada Urbana;VIA APPIA NUOVA;da specificare;;;;fronte civico 896;Tamponamento;Rettilineo;Due carreggiate;Bagnato (pioggia);Asfaltata;Verticale ed orizzontale;Pioggia in atto;Normale;Buona;Sufficiente;0;0;0;5;12.5599;41.8262;-1;2;Autovettura privata;In marcia / fermata / arresto;Passeggero;F;Illeso;0;;Non accertato;Inesploso
4359057;1;05/05/2019 13:30:00;Strada Urbana;VIA DEI CHIAVARI;in prossimità;;del civico n.;6;;Veicolo in marcia contro ostacolo accidentale;Rettilineo;Una carreggiata a senso unico di marcia;Asciutto;In cubetti di porfido;Verticale;Nuvoloso;Scarso;Buona;Ore Diurne;0;0;0;1;12.4742;41.8952;-1;1;Autovettura privata;In marcia / fermata / arresto;Conducente;M;Illeso;0;;Non accertato;
4359071;4;05/05/2019 10:45:00;Statale;VIA SALARIA;in prossimità;;del civico n.;1628;;Veicolo in marcia contro ostacolo accidentale;Rettilineo;Una carreggiata a doppio senso;Bagnato (pioggia);Asfaltata;Verticale ed orizzontale;Pioggia in atto;Normale;Buona;Ore Diurne;0;0;0;2;12.5213;42.013;-1;1;Autovettura privata;In marcia / fermata / arresto;Conducente;F;Illeso;0;;;
4359071;4;05/05/2019 10:45:00;Statale;VIA SALARIA;in prossimità;;del civico n.;1628;;Veicolo in marcia contro ostacolo accidentale;Rettilineo;Una carreggiata a doppio senso;Bagnato (pioggia);Asfaltata;Verticale ed orizzontale;Pioggia in atto;Normale;Buona;Ore Diurne;0;0;0;2;12.5213;42.013;-1;1;Autovettura privata;In marcia / fermata / arresto;Passeggero;F;Illeso;0;;;
4359090;4;05/05/2019 02:45:00;Provinciale entro l'abitato;VIA NOMENTANA;in corrispondenza;;del civico n.;689;;Veicolo in marcia contro ostacolo fisso;Curva senza visuale libera;Una carreggiata a doppio senso;Bagnato (umidità in atto);Asfaltata;Verticale ed orizzontale;Nuvoloso;Scarso;Buona;Sufficiente;1;0;0;0;12.5399;41.9377;-1;1;Autovettura privata;In marcia / fermata / arresto;Conducente;M;Ricoverato;0;NON DECEDUTO;;
4359098;1;05/05/2019 23:40:00;Strada Urbana;VIA MARSALA;da specificare;;;;FRONTE CHIESA S. CUORE;Veicolo in marcia contro ostacolo fisso;Rettilineo;Più di due carreggiate;Bagnato (pioggia);Asfaltata;Verticale ed orizzontale;Pioggia in atto;Scarso;Sufficiente;Sufficiente;0;0;0;1;12.5046;41.901;-1;1;Autovettura privata;In marcia / fermata / arresto;Conducente;M;Illeso;0;;;
4359110;9;06/05/2019 06:50:00;Strada Urbana;VIA APPIA NUOVA;in prossimità;;del civico n.;199E;;Scontro laterale fra veicoli in marcia;Rettilineo;Due carreggiate;Bagnato (umidità in atto);Asfaltata;Verticale ed orizzontale;Nuvoloso;Intenso;Buona;Ore Diurne;0;0;0;3;12.5166;41.8802;-1;1;Autovettura privata;In marcia / fermata / arresto;Conducente;F;Illeso;0;;Non accertato;Inesploso
4359110;9;06/05/2019 06:50:00;Strada Urbana;VIA APPIA NUOVA;in prossimità;;del civico n.;199E;;Scontro laterale fra veicoli in marcia;Rettilineo;Due carreggiate;Bagnato (umidità in atto);Asfaltata;Verticale ed orizzontale;Nuvoloso;Intenso;Buona;Ore Diurne;0;0;0;3;12.5166;41.8802;-1;1;Autovettura privata;In marcia / fermata / arresto;Passeggero;M;Illeso;0;;Non accertato;Inesploso
4359110;9;06/05/2019 06:50:00;Strada Urbana;VIA APPIA NUOVA;in prossimità;;del civico n.;199E;;Scontro laterale fra veicoli in marcia;Rettilineo;Due carreggiate;Bagnato (umidità in atto);Asfaltata;Verticale ed orizzontale;Nuvoloso;Intenso;Buona;Ore Diurne;0;0;0;3;12.5166;41.8802;-1;2;Motociclo a solo;In marcia / fermata / arresto;Conducente;M;Illeso;0;;Non accertato;
4359155;18;06/05/2019 11:30:00;Strada Urbana;VIA CARDINALE MASSIMI;in prossimità;;del civico n.;19;;Veicolo in marcia contro veicolo in sosta;Rettilineo;Una carreggiata a doppio senso;Asciutto;Asfaltata;Verticale ed orizzontale;Sereno;Normale;Buona;Ore Diurne;0;0;0;0;12.4171;41.9069;-1;2;Autovettura privata;Sosta;;;;;;;
4359190;1;06/05/2019 04:50:00;;PIAZZALE OSTIENSE;all'intersezione con;VIA RAFFAELE PERSICHETTI;VIA RAFFAELE PERSICHETTI;;;Scontro frontale/laterale DX fra veicoli in marcia;;;;;;;;;;0;0;0;1;;;0;1;Autovettura privata;In marcia / fermata / arresto;Conducente;M;Illeso;0;;;
4359200;1;05/05/2019 08:10:00;Strada Urbana;VIA NICOLA ZABAGLIA;all'intersezione semaforizzata con;VIA ALDO MANUZIO;VIA ALDO MANUZIO;;;Investimento di pedone;Intersezione semaforizzata;Una carreggiata a doppio senso;Asciutto;Asfaltata;Verticale ed orizzontale;Nuvoloso;Scarso;Buona;Ore Diurne;1;0;0;2;12.4752;41.8785;-1;;;;Pedone;F;Ricoverato;0;NON DECEDUTO;;
4359200;1;05/05/2019 08:10:00;Strada Urbana;VIA NICOLA ZABAGLIA;all'intersezione semaforizzata con;VIA ALDO MANUZIO;VIA ALDO MANUZIO;;;Investimento di pedone;Intersezione semaforizzata;Una carreggiata a doppio senso;Asciutto;Asfaltata;Verticale ed orizzontale;Nuvoloso;Scarso;Buona;Ore Diurne;1;0;0;2;12.4752;41.8785;-1;1;Autovettura privata;In marcia / fermata / arresto;Conducente;M;Illeso;0;;Non accertato;
4359200;1;05/05/2019 08:10:00;Strada Urbana;VIA NICOLA ZABAGLIA;all'intersezione semaforizzata con;VIA ALDO MANUZIO;VIA ALDO MANUZIO;;;Investimento di pedone;Intersezione semaforizzata;Una carreggiata a doppio senso;Asciutto;Asfaltata;Verticale ed orizzontale;Nuvoloso;Scarso;Buona;Ore Diurne;1;0;0;2;12.4752;41.8785;-1;1;Autovettura privata;In marcia / fermata / arresto;Passeggero;M;Illeso;0;;Non accertato;
4359207;1;05/05/2019 09:20:00;Strada Urbana;PIAZZA VENEZIA;in corrispondenza;;del civico n.;16;;Investimento di pedone;Rotatoria;Una carreggiata a senso unico di marcia;Asciutto;In cubetti di porfido;Verticale ed orizzontale;Nuvoloso;Normale;Buona;Ore Diurne;1;0;0;1;12.4828;41.896;-1;;;;Pedone;F;Rimandato;0;NON DECEDUTO;;
4359207;1;05/05/2019 09:20:00;Strada Urbana;PIAZZA VENEZIA;in corrispondenza;;del civico n.;16;;Investimento di pedone;Rotatoria;Una carreggiata a senso unico di marcia;Asciutto;In cubetti di porfido;Verticale ed orizzontale;Nuvoloso;Normale;Buona;Ore Diurne;1;0;0;1;12.4828;41.896;-1;1;Autovettura privata;In marcia / fermata / arresto;Conducente;M;Illeso;0;;Non accertato;Inesploso
4359226;16;03/05/2019 14:00:00;Strada Urbana;VIA DI BRAVETTA;all'intersezione con;VIA DEI FELTRESCHI;VIA DEI FELTRESCHI;;;Scontro laterale fra veicoli in marcia;Intersezione non regolata/non segnalata;Una carreggiata a doppio senso;Asciutto;Asfaltata;Verticale ed orizzontale;Sereno;Normale;Buona;Ore Diurne;0;0;0;2;12.4257;41.8762;-1;1;Autovettura privata;In marcia / fermata / arresto;Conducente;F;Illeso;0;;Non accertato;Inesploso
4359226;16;03/05/2019 14:00:00;Strada Urbana;VIA DI BRAVETTA;all'intersezione con;VIA DEI FELTRESCHI;VIA DEI FELTRESCHI;;;Scontro laterale fra veicoli in marcia;Intersezione non regolata/non segnalata;Una carreggiata a doppio senso;Asciutto;Asfaltata;Verticale ed orizzontale;Sereno;Normale;Buona;Ore Diurne;0;0;0;2;12.4257;41.8762;-1;2;Autovettura privata;In marcia / fermata / arresto;Conducente;F;Illeso;0;;Non accertato;Inesploso
4359255;16;03/05/2019 19:50:00;Strada Urbana;RAMPA AURELIA;all'intersezione con;VIA DI MALAGROTTA;VIA DI MALAGROTTA;;;Scontro frontale fra veicoli in marcia;Incrocio;Una carreggiata a senso unico di marcia;Asciutto;Asfaltata;Orizzontale;Sereno;Normale;Sufficiente;Sufficiente;0;0;0;3;12.4516;41.9;-1;1;Autovettura privata;In marcia / fermata / arresto;Conducente;M;Illeso;0;;;
4359255;16;03/05/2019 19:50:00;Strada Urbana;RAMPA AURELIA;all'intersezione con;VIA DI MALAGROTTA;VIA DI MALAGROTTA;;;Scontro frontale fra veicoli in marcia;Incrocio;Una carreggiata a senso unico di marcia;Asciutto;Asfaltata;Orizzontale;Sereno;Normale;Sufficiente;Sufficiente;0;0;0;3;12.4516;41.9;-1;1;Autovettura privata;In marcia / fermata / arresto;Passeggero;F;Illeso;0;;;
4359255;16;03/05/2019 19:50:00;Strada Urbana;RAMPA AURELIA;all'intersezione con;VIA DI MALAGROTTA;VIA DI MALAGROTTA;;;Scontro frontale fra veicoli in marcia;Incrocio;Una carreggiata a senso unico di marcia;Asciutto;Asfaltata;Orizzontale;Sereno;Normale;Sufficiente;Sufficiente;0;0;0;3;12.4516;41.9;-1;2;Autovettura privata;In marcia / fermata / arresto;Conducente;M;Illeso;0;;;
4359261;1;05/05/2019 06:00:00;Strada Urbana;VIA VITTORIO VENETO;all'intersezione con;VIA SARDEGNA;VIA SARDEGNA;;;Scontro frontale/laterale DX fra veicoli in marcia;Incrocio;Una carreggiata a doppio senso;Asciutto;Asfaltata;Verticale ed orizzontale;Nuvoloso;Scarso;Sufficiente;Ore Diurne;0;0;0;3;12.4895;41.9061;-1;1;Autovettura privata;In marcia / fermata / arresto;Conducente;M;Illeso;0;;;
4359261;1;05/05/2019 06:00:00;Strada Urbana;VIA VITTORIO VENETO;all'intersezione con;VIA SARDEGNA;VIA SARDEGNA;;;Scontro frontale/laterale DX fra veicoli in marcia;Incrocio;Una carreggiata a doppio senso;Asciutto;Asfaltata;Verticale ed orizzontale;Nuvoloso;Scarso;Sufficiente;Ore Diurne;0;0;0;3;12.4895;41.9061;-1;2;Autovettura privata;In marcia / fermata / arresto;Conducente;M;Illeso;0;;;
4359261;1;05/05/2019 06:00:00;Strada Urbana;VIA VITTORIO VENETO;all'intersezione con;VIA SARDEGNA;VIA SARDEGNA;;;Scontro frontale/laterale DX fra veicoli in marcia;Incrocio;Una carreggiata a doppio senso;Asciutto;Asfaltata;Verticale ed orizzontale;Nuvoloso;Scarso;Sufficiente;Ore Diurne;0;0;0;3;12.4895;41.9061;-1;2;Autovettura privata;In marcia / fermata / arresto;Passeggero;F;Illeso;0;;;
4359264;6;06/05/2019 12:10:00;Strada Urbana;VIA DEI GORDIANI;in prossimità;;del civico n.;42;;Scontro frontale/laterale SX fra veicoli in marcia;Rettilineo;Una carreggiata a doppio senso;Asciutto;Asfaltata;Orizzontale;Sereno;Normale;Buona;Ore Diurne;0;0;0;2;12.5532;41.881;-1;1;Motociclo a solo;In marcia / fermata / arresto;Conducente;M;Illeso;0;;Non accertato;
4359264;6;06/05/2019 12:10:00;Strada Urbana;VIA DEI GORDIANI;in prossimità;;del civico n.;42;;Scontro frontale/laterale SX fra veicoli in marcia;Rettilineo;Una carreggiata a doppio senso;Asciutto;Asfaltata;Orizzontale;Sereno;Normale;Buona;Ore Diurne;0;0;0;2;12.5532;41.881;-1;2;Autovettura privata;In marcia / fermata / arresto;Conducente;F;Illeso;0;;Non accertato;Inesploso
4359272;12;03/05/2019 09:50:00;Strada Urbana;PIAZZALE GIULIO DOUHET;all'intersezione semaforizzata con;VIA LAURENTINA;VIA LAURENTINA;;;Scontro laterale fra veicoli in marcia;Intersezione semaforizzata;Una carreggiata a senso unico di marcia;Asciutto;Asfaltata;Verticale ed orizzontale;Sereno;Normale;Buona;Ore Diurne;0;0;0;2;12.4787;41.826;-1;1;Autovettura privata;In marcia / fermata / arresto;Conducente;F;Illeso;0;;Non accertato;Inesploso
4359272;12;03/05/2019 09:50:00;Strada Urbana;PIAZZALE GIULIO DOUHET;all'intersezione semaforizzata con;VIA LAURENTINA;VIA LAURENTINA;;;Scontro laterale fra veicoli in marcia;Intersezione semaforizzata;Una carreggiata a senso unico di marcia;Asciutto;Asfaltata;Verticale ed orizzontale;Sereno;Normale;Buona;Ore Diurne;0;0;0;2;12.4787;41.826;-1;2;Autovettura privata;In marcia / fermata / arresto;Conducente;M;Illeso;0;;Non accertato;Inesploso
4359282;16;04/05/2019 11:30:00;Strada Urbana;VIA FEDERICO OZANAM;all'intersezione con;VIA FABIOLA;VIA FABIOLA;;;Veicolo in marcia contro veicolo arresto;Intersezione non regolata/non segnalata;Una carreggiata a doppio senso;Bagnato (pioggia);Asfaltata;Verticale ed orizzontale;Pioggia in atto;Normale;Sufficiente;Ore Diurne;0;0;0;2;12.4492;41.8768;-1;1;Autovettura privata;In marcia / fermata / arresto;Conducente;M;Illeso;0;;;
4359282;16;04/05/2019 11:30:00;Strada Urbana;VIA FEDERICO OZANAM;all'intersezione con;VIA FABIOLA;VIA FABIOLA;;;Veicolo in marcia contro veicolo arresto;Intersezione non regolata/non segnalata;Una carreggiata a doppio senso;Bagnato (pioggia);Asfaltata;Verticale ed orizzontale;Pioggia in atto;Normale;Sufficiente;Ore Diurne;0;0;0;2;12.4492;41.8768;-1;2;Autovettura privata;In marcia / fermata / arresto;Conducente;M;Illeso;0;;;
4359384;12;03/05/2019 12:05:00;Strada Urbana;VIALE AMERICA;all'intersezione con;VIALE DELL'ARTE;VIALE DELL'ARTE;;;Scontro laterale fra veicoli in marcia;Intersezione stradale segnalata;Una carreggiata a doppio senso;Asciutto;Asfaltata;Verticale ed orizzontale;Sereno;Normale;Buona;Ore Diurne;0;0;0;2;12.4737;41.8281;-1;1;Motociclo a solo;In marcia / fermata / arresto;Conducente;M;Illeso;0;;;
4359384;12;03/05/2019 12:05:00;Strada Urbana;VIALE AMERICA;all'intersezione con;VIALE DELL'ARTE;VIALE DELL'ARTE;;;Scontro laterale fra veicoli in marcia;Intersezione stradale segnalata;Una carreggiata a doppio senso;Asciutto;Asfaltata;Verticale ed orizzontale;Sereno;Normale;Buona;Ore Diurne;0;0;0;2;12.4737;41.8281;-1;2;Autovettura privata;In marcia / fermata / arresto;Conducente;M;Illeso;0;;Non accertato;Inesploso
4359432;6;06/05/2019 13:25:00;Strada Urbana;VIA ANAGNI;in corrispondenza;;del civico n.;101;;Scontro frontale/laterale DX fra veicoli in marcia;Rettilineo;Una carreggiata a doppio senso;Asciutto;Asfaltata;Orizzontale;Nuvoloso;Normale;Buona;Ore Diurne;0;0;0;2;12.5595;41.8906;-1;1;Autovettura privata;In marcia / fermata / arresto;Conducente;M;Illeso;0;;Non accertato;Inesploso
4359432;6;06/05/2019 13:25:00;Strada Urbana;VIA ANAGNI;in corrispondenza;;del civico n.;101;;Scontro frontale/laterale DX fra veicoli in marcia;Rettilineo;Una carreggiata a doppio senso;Asciutto;Asfaltata;Orizzontale;Nuvoloso;Normale;Buona;Ore Diurne;0;0;0;2;12.5595;41.8906;-1;2;Autobus urbano;In marcia / fermata / arresto;Conducente;M;Illeso;0;;Non accertato;Inesploso
4359437;12;03/05/2019 13:45:00;Provinciale;VIA DEL MARE;da specificare;;;;ALT. TOR DI VALLE;Tamponamento Multiplo;Rettilineo;Una carreggiata a doppio senso;Asciutto;Asfaltata;Verticale ed orizzontale;Nuvoloso;Intenso;Buona;Ore Diurne;0;0;0;3;12.4359;41.8195;-1;1;Autovettura privata;In marcia / fermata / arresto;Conducente;F;Illeso;0;;Non utilizzato;Inesploso
4359437;12;03/05/2019 13:45:00;Provinciale;VIA DEL MARE;da specificare;;;;ALT. TOR DI VALLE;Tamponamento Multiplo;Rettilineo;Una carreggiata a doppio senso;Asciutto;Asfaltata;Verticale ed orizzontale;Nuvoloso;Intenso;Buona;Ore Diurne;0;0;0;3;12.4359;41.8195;-1;2;Autovettura privata;In marcia / fermata / arresto;Conducente;M;Illeso;0;;Non accertato;Inesploso
4359437;12;03/05/2019 13:45:00;Provinciale;VIA DEL MARE;da specificare;;;;ALT. TOR DI VALLE;Tamponamento Multiplo;Rettilineo;Una carreggiata a doppio senso;Asciutto;Asfaltata;Verticale ed orizzontale;Nuvoloso;Intenso;Buona;Ore Diurne;0;0;0;3;12.4359;41.8195;-1;3;Autovettura privata;In marcia / fermata / arresto;Conducente;M;Illeso;0;;Non accertato;Inesploso
4359460;1;06/05/2019 08:15:00;Strada Urbana;VIA CARLO ALBERTO;all'intersezione con;VIA DI S. VITO;VIA DI S. VITO;;;Infortunio per sola frenata improvvisa;Incrocio;Una carreggiata a doppio senso;Asciutto;Acciotolata;Verticale ed orizzontale;Nuvoloso;Intenso;Buona;Ore Diurne;1;0;0;1;12.5011;41.8963;-1;1;Autovettura privata;In marcia / fermata / arresto;Conducente;M;Illeso;0;;;
4359460;1;06/05/2019 08:15:00;Strada Urbana;VIA CARLO ALBERTO;all'intersezione con;VIA DI S. VITO;VIA DI S. VITO;;;Infortunio per sola frenata improvvisa;Incrocio;Una carreggiata a doppio senso;Asciutto;Acciotolata;Verticale ed orizzontale;Nuvoloso;Intenso;Buona;Ore Diurne;1;0;0;1;12.5011;41.8963;-1;2;Motociclo con passeggero;In marcia / fermata / arresto;Conducente;M;Rimandato;0;NON DECEDUTO;;
4359480;1;05/05/2019 09:50:00;Strada Urbana;LUNGOTEVERE DEGLI ALBERTESCHI;da specificare;;;;IN PROSSIMITA' PONTE PALATINO;Veicolo in marcia contro ostacolo accidentale;Rettilineo;Una carreggiata a senso unico di marcia;Bagnato (pioggia);Asfaltata;Verticale ed orizzontale;Pioggia in atto;Normale;Buona;Ore Diurne;1;0;0;0;12.4779;41.8893;-1;1;Autovettura privata;In marcia / fermata / arresto;Conducente;M;Rifiuta cure immediate;0;NON DECEDUTO;Non accertato;Inesploso
4359501;1;05/05/2019 00:15:00;Strada Urbana;LUNGOTEVERE DELLA FARNESINA;da specificare;;;;PRESSO PONTE SISTO;Scontro frontale/laterale SX fra veicoli in marcia;Rettilineo;Una carreggiata a senso unico di marcia;Asciutto;Asfaltata;Verticale ed orizzontale;Nuvoloso;Intenso;Buona;Sufficiente;0;0;0;5;12.4702;41.892;-1;1;Autovettura di polizia;In marcia / fermata / arresto;Conducente;M;Illeso;0;;;
4359501;1;05/05/2019 00:15:00;Strada Urbana;LUNGOTEVERE DELLA FARNESINA;da specificare;;;;PRESSO PONTE SISTO;Scontro frontale/laterale SX fra veicoli in marcia;Rettilineo;Una carreggiata a senso unico di marcia;Asciutto;Asfaltata;Verticale ed orizzontale;Nuvoloso;Intenso;Buona;Sufficiente;0;0;0;5;12.4702;41.892;-1;1;Autovettura di polizia;In marcia / fermata / arresto;Passeggero;F;Illeso;0;;;
4359501;1;05/05/2019 00:15:00;Strada Urbana;LUNGOTEVERE DELLA FARNESINA;da specificare;;;;PRESSO PONTE SISTO;Scontro frontale/laterale SX fra veicoli in marcia;Rettilineo;Una carreggiata a senso unico di marcia;Asciutto;Asfaltata;Verticale ed orizzontale;Nuvoloso;Intenso;Buona;Sufficiente;0;0;0;5;12.4702;41.892;-1;2;Autovettura privata;In marcia / fermata / arresto;Conducente;M;Illeso;0;;;
4359501;1;05/05/2019 00:15:00;Strada Urbana;LUNGOTEVERE DELLA FARNESINA;da specificare;;;;PRESSO PONTE SISTO;Scontro frontale/laterale SX fra veicoli in marcia;Rettilineo;Una carreggiata a senso unico di marcia;Asciutto;Asfaltata;Verticale ed orizzontale;Nuvoloso;Intenso;Buona;Sufficiente;0;0;0;5;12.4702;41.892;-1;2;Autovettura privata;In marcia / fermata / arresto;Passeggero;F;Illeso;0;;;
4359501;1;05/05/2019 00:15:00;Strada Urbana;LUNGOTEVERE DELLA FARNESINA;da specificare;;;;PRESSO PONTE SISTO;Scontro frontale/laterale SX fra veicoli in marcia;Rettilineo;Una carreggiata a senso unico di marcia;Asciutto;Asfaltata;Verticale ed orizzontale;Nuvoloso;Intenso;Buona;Sufficiente;0;0;0;5;12.4702;41.892;-1;2;Autovettura privata;In marcia / fermata / arresto;Passeggero;F;Illeso;0;;;
4359534;1;05/05/2019 14:20:00;Strada Urbana;VIA CESARE BATTISTI;in corrispondenza;;del civico n.;122/A;;Scontro laterale fra veicoli in marcia;Rettilineo;Una carreggiata a doppio senso;Asciutto;In cubetti di porfido;Verticale ed orizzontale;Nuvoloso;Normale;Buona;Ore Diurne;0;0;0;4;12.483;41.8967;-1;1;Autovettura privata;In marcia / fermata / arresto;Conducente;M;Illeso;0;;;
4359534;1;05/05/2019 14:20:00;Strada Urbana;VIA CESARE BATTISTI;in corrispondenza;;del civico n.;122/A;;Scontro laterale fra veicoli in marcia;Rettilineo;Una carreggiata a doppio senso;Asciutto;In cubetti di porfido;Verticale ed orizzontale;Nuvoloso;Normale;Buona;Ore Diurne;0;0;0;4;12.483;41.8967;-1;2;Altro;In marcia / fermata / arresto;Conducente;M;Illeso;0;;Non accertato;
4359534;1;05/05/2019 14:20:00;Strada Urbana;VIA CESARE BATTISTI;in corrispondenza;;del civico n.;122/A;;Scontro laterale fra veicoli in marcia;Rettilineo;Una carreggiata a doppio senso;Asciutto;In cubetti di porfido;Verticale ed orizzontale;Nuvoloso;Normale;Buona;Ore Diurne;0;0;0;4;12.483;41.8967;-1;2;Altro;In marcia / fermata / arresto;Passeggero;M;Illeso;0;;;
4359534;1;05/05/2019 14:20:00;Strada Urbana;VIA CESARE BATTISTI;in corrispondenza;;del civico n.;122/A;;Scontro laterale fra veicoli in marcia;Rettilineo;Una carreggiata a doppio senso;Asciutto;In cubetti di porfido;Verticale ed orizzontale;Nuvoloso;Normale;Buona;Ore Diurne;0;0;0;4;12.483;41.8967;-1;2;Altro;In marcia / fermata / arresto;Passeggero;M;Illeso;0;;;
4359557;1;02/05/2019 19:15:00;Strada Urbana;LUNGOTEVERE DEI FIORENTINI;in prossimità;;del palo luce n.;2;;Scontro laterale fra veicoli in marcia;Rettilineo;Una carreggiata a senso unico di marcia;Asciutto;Asfaltata;Verticale ed orizzontale;Sereno;Normale;Buona;Ore Diurne;0;0;0;3;12.4644;41.9003;-1;1;Motociclo a solo;In marcia / fermata / arresto;Conducente;M;Illeso;0;;Non accertato;
4359557;1;02/05/2019 19:15:00;Strada Urbana;LUNGOTEVERE DEI FIORENTINI;in prossimità;;del palo luce n.;2;;Scontro laterale fra veicoli in marcia;Rettilineo;Una carreggiata a senso unico di marcia;Asciutto;Asfaltata;Verticale ed orizzontale;Sereno;Normale;Buona;Ore Diurne;0;0;0;3;12.4644;41.9003;-1;2;Ciclomotore;In marcia / fermata / arresto;Conducente;M;Illeso;0;;Non accertato;
4359557;1;02/05/2019 19:15:00;Strada Urbana;LUNGOTEVERE DEI FIORENTINI;in prossimità;;del palo luce n.;2;;Scontro laterale fra veicoli in marcia;Rettilineo;Una carreggiata a senso unico di marcia;Asciutto;Asfaltata;Verticale ed orizzontale;Sereno;Normale;Buona;Ore Diurne;0;0;0;3;12.4644;41.9003;-1;3;Autovettura privata;In marcia / fermata / arresto;Conducente;M;Illeso;0;;Non accertato;
4359568;12;03/05/2019 16:20:00;Strada Urbana;VIALE CESARE PAVESE;in prossimità;;del civico n.;146;;Veicolo in marcia contro veicolo in sosta;Curva a visuale libera;Due carreggiate;Asciutto;Asfaltata;Orizzontale;Sereno;Normale;Buona;Ore Diurne;0;0;0;2;12.4755;41.8177;-1;1;Autovettura privata;Sosta;;;;;;;
4359568;12;03/05/2019 16:20:00;Strada Urbana;VIALE CESARE PAVESE;in prossimità;;del civico n.;146;;Veicolo in marcia contro veicolo in sosta;Curva a visuale libera;Due carreggiate;Asciutto;Asfaltata;Orizzontale;Sereno;Normale;Buona;Ore Diurne;0;0;0;2;12.4755;41.8177;-1;2;Autovettura privata;In marcia / fermata / arresto;Conducente;M;Illeso;0;;;
4359568;12;03/05/2019 16:20:00;Strada Urbana;VIALE CESARE PAVESE;in prossimità;;del civico n.;146;;Veicolo in marcia contro veicolo in sosta;Curva a visuale libera;Due carreggiate;Asciutto;Asfaltata;Orizzontale;Sereno;Normale;Buona;Ore Diurne;0;0;0;2;12.4755;41.8177;-1;2;Autovettura privata;In marcia / fermata / arresto;Passeggero;M;Illeso;0;;;
4359597;20;06/05/2019 15:15:00;Strada Urbana;PIAZZALE DI PONTE MILVIO;da specificare;;;;prossimità Ponte Milvio;Scontro laterale fra veicoli in marcia;Curva a visuale libera;Una carreggiata a senso unico di marcia;Asciutto;Asfaltata;Verticale ed orizzontale;Sereno;Intenso;Buona;Ore Diurne;1;0;0;1;12.4664;41.9373;-1;1;Autovettura privata;In marcia / fermata / arresto;Conducente;M;Illeso;0;;Non accertato;Inesploso
4359597;20;06/05/2019 15:15:00;Strada Urbana;PIAZZALE DI PONTE MILVIO;da specificare;;;;prossimità Ponte Milvio;Scontro laterale fra veicoli in marcia;Curva a visuale libera;Una carreggiata a senso unico di marcia;Asciutto;Asfaltata;Verticale ed orizzontale;Sereno;Intenso;Buona;Ore Diurne;1;0;0;1;12.4664;41.9373;-1;2;Motociclo a solo;In marcia / fermata / arresto;Conducente;F;Rimandato;0;NON DECEDUTO;Non accertato;
4359604;12;04/05/2019 04:15:00;Strada Urbana;VIA SALVATORE QUASIMODO;da specificare;;;;DIR. VIA BRANCATI FR. CIV. 141;Fuoriuscita dalla sede stradale;Rettilineo;Una carreggiata a doppio senso;Bagnato (pioggia);Asfaltata;Verticale ed orizzontale;Pioggia in atto;Scarso;Sufficiente;Sufficiente;0;0;0;1;12.4687;41.8151;-1;1;Autovettura privata;In marcia / fermata / arresto;Conducente;M;Illeso;0;;Non accertato;Esploso
4359630;12;04/05/2019 04:14:00;Strada Urbana;VIA SALVATORE QUASIMODO;da specificare;;;;FR. CIV. 141;Fuoriuscita dalla sede stradale;Curva a visuale libera;Una carreggiata a doppio senso;Bagnato (pioggia);Asfaltata;Assente;Pioggia in atto;Scarso;Sufficiente;Sufficiente;0;0;0;1;12.4687;41.8151;-1;1;Autovettura privata;In marcia / fermata / arresto;Conducente;M;Illeso;0;;;
4359643;13;06/05/2019 09:40:00;Strada Urbana;VIA ERMANNO WOLF FERRARI;in corrispondenza;;del civico n.;216;;Veicolo in marcia contro ostacolo fisso;Rettilineo;Una carreggiata a doppio senso;Asciutto;Asfaltata;Verticale;Nuvoloso;Intenso;Buona;Ore Diurne;1;0;0;0;12.3759;41.7504;-1;1;Motociclo con passeggero;In marcia / fermata / arresto;Conducente;M;Rimandato;0;NON DECEDUTO;Non accertato;
4359664;12;04/05/2019 12:25:00;Strada Urbana;VIALE CRISTOFORO COLOMBO;da specificare;;;;PROX VIALE OCEANIA;Fuoriuscita dalla sede stradale;Rettilineo;Una carreggiata a senso unico di marcia;Bagnato (umidità in atto);Asfaltata;Verticale ed orizzontale;Nuvoloso;Normale;Sufficiente;Ore Diurne;1;0;0;0;12.4658;41.8274;-1;1;Autovettura privata;In marcia / fermata / arresto;Conducente;F;Rimandato;0;NON DECEDUTO;;