Protocollo;Gruppo;DataOraIncidente;Localizzazione1;STRADA1;Localizzazione2;STRADA2;Strada02;Chilometrica;DaSpecificare;NaturaIncidente;particolaritastrade;TipoStrada;FondoStradale;Pavimentazione;Segnaletica;CondizioneAtmosferica;Traffico;Visibilita;Illuminazione;NUM_FERITI;NUM_RISERVATA;NUM_MORTI;NUM_ILLESI;Longitudine;Latitudine;Confermato;Progressivo;TipoVeicolo;StatoVeicolo;TipoPersona;Sesso;Tipolesione;Deceduto;DecedutoDopo;CinturaCascoUtilizzato;Airbag;
4359679;6;06/05/2019 16:20:00;Strada Urbana;VIA CONTE DI CARMAGNOLA;in corrispondenza;;del civico n.;24;;Veicolo in marcia contro veicoli in sosta;Rettilineo;Una carreggiata a senso unico di marcia;Asciutto;Asfaltata;Orizzontale;Sereno;Normale;Buona;Ore Diurne;1;0;0;1;12.5349;41.8904;-1;1;Autovettura privata;In marcia / fermata / arresto;Conducente;F;Rimandato;0;NON DECEDUTO;Non accertato;Inesploso
4359679;6;06/05/2019 16:20:00;Strada Urbana;VIA CONTE DI CARMAGNOLA;in corrispondenza;;del civico n.;24;;Veicolo in marcia contro veicoli in sosta;Rettilineo;Una carreggiata a senso unico di marcia;Asciutto;Asfaltata;Orizzontale;Sereno;Normale;Buona;Ore Diurne;1;0;0;1;12.5349;41.8904;-1;2;Autovettura privata;In marcia / fermata / arresto;Conducente;F;Illeso;0;;Non accertato;Inesploso
4359679;6;06/05/2019 16:20:00;Strada Urbana;VIA CONTE DI CARMAGNOLA;in corrispondenza;;del civico n.;24;;Veicolo in marcia contro veicoli in sosta;Rettilineo;Una carreggiata a senso unico di marcia;Asciutto;Asfaltata;Orizzontale;Sereno;Normale;Buona;Ore Diurne;1;0;0;1;12.5349;41.8904;-1;3;Autovettura privata;Sosta;;;;;;;
4359679;6;06/05/2019 16:20:00;Strada Urbana;VIA CONTE DI CARMAGNOLA;in corrispondenza;;del civico n.;24;;Veicolo in marcia contro veicoli in sosta;Rettilineo;Una carreggiata a senso unico di marcia;Asciutto;Asfaltata;Orizzontale;Sereno;Normale;Buona;Ore Diurne;1;0;0;1;12.5349;41.8904;-1;4;Autovettura privata;Sosta;;;;;;;
4359680;1;04/05/2019 22:00:00;Strada Urbana;VIA GAETA;all'intersezione con;VIA GOITO;VIA GOITO;;;Scontro laterale fra veicoli in marcia;Incrocio;Due carreggiate;Asciutto;Asfaltata;Verticale ed orizzontale;Sereno;Normale;Buona;Sufficiente;0;0;0;3;12.5015;41.9052;-1;1;Autobus urbano;In marcia / fermata / arresto;Conducente;M;Illeso;0;;;
4359680;1;04/05/2019 22:00:00;Strada Urbana;VIA GAETA;all'intersezione con;VIA GOITO;VIA GOITO;;;Scontro laterale fra veicoli in marcia;Incrocio;Due carreggiate;Asciutto;Asfaltata;Verticale ed orizzontale;Sereno;Normale;Buona;Sufficiente;0;0;0;3;12.5015;41.9052;-1;2;Autovettura privata;In marcia / fermata / arresto;Conducente;M;Illeso;0;;;
4359680;1;04/05/2019 22:00:00;Strada Urbana;VIA GAETA;all'intersezione con;VIA GOITO;VIA GOITO;;;Scontro laterale fra veicoli in marcia;Incrocio;Due carreggiate;Asciutto;Asfaltata;Verticale ed orizzontale;Sereno;Normale;Buona;Sufficiente;0;0;0;3;12.5015;41.9052;-1;2;Autovettura privata;In marcia / fermata / arresto;Passeggero;F;Illeso;0;;;
4359744;1;04/05/2019 09:30:00;Strada Urbana;VIA MARSALA;in prossimità;;del civico n.;40;;Veicolo in marcia contro ostacolo fisso;Rettilineo;Una carreggiata a senso unico di marcia;Bagnato (pioggia);Asfaltata;Verticale ed orizzontale;Pioggia in atto;Normale;Buona;Ore Diurne;0;0;0;1;12.5025;41.9024;-1;1;Autovettura privata;In marcia / fermata / arresto;Conducente;M;Illeso;0;;;
4359773;16;04/05/2019 11:25:00;Strada Urbana;VIA DEGLI STRADIVARI;all'intersezione con;LUNGOTEVERE PORTUENSE;LUNGOTEVERE PORTUENSE;;;Scontro frontale/laterale SX fra veicoli in marcia;Intersezione non regolata/non segnalata;Una carreggiata a doppio senso;Bagnato (pioggia);Asfaltata;Verticale;Pioggia in atto;Normale;Buona;Ore Diurne;1;0;0;1;12.4686;41.8747;-1;1;Autovettura privata;In marcia / fermata / arresto;Conducente;F;Illeso;0;;Non accertato;Inesploso
4359773;16;04/05/2019 11:25:00;Strada Urbana;VIA DEGLI STRADIVARI;all'intersezione con;LUNGOTEVERE PORTUENSE;LUNGOTEVERE PORTUENSE;;;Scontro frontale/laterale SX fra veicoli in marcia;Intersezione non regolata/non segnalata;Una carreggiata a doppio senso;Bagnato (pioggia);Asfaltata;Verticale;Pioggia in atto;Normale;Buona;Ore Diurne;1;0;0;1;12.4686;41.8747;-1;2;Motociclo a solo;In marcia / fermata / arresto;Conducente;M;Rifiuta cure immediate;0;NON DECEDUTO;Non accertato;
4359778;1;06/05/2019 13:30:00;Strada Urbana;VIA PRINCIPE UMBERTO;in prossimità;;del civico n.;85;;Scontro laterale fra veicoli in marcia;Rettilineo;Una carreggiata a senso unico di marcia;Asciutto;Asfaltata;Verticale ed orizzontale;Sereno;Normale;Buona;Ore Diurne;0;0;0;4;12.5102;41.894;-1;1;Autovettura privata;In marcia / fermata / arresto;Conducente;F;Illeso;0;;;
4359778;1;06/05/2019 13:30:00;Strada Urbana;VIA PRINCIPE UMBERTO;in prossimità;;del civico n.;85;;Scontro laterale fra veicoli in marcia;Rettilineo;Una carreggiata a senso unico di marcia;Asciutto;Asfaltata;Verticale ed orizzontale;Sereno;Normale;Buona;Ore Diurne;0;0;0;4;12.5102;41.894;-1;1;Autovettura privata;In marcia / fermata / arresto;Passeggero;M;Illeso;0;;Non accertato;Inesploso
4359778;1;06/05/2019 13:30:00;Strada Urbana;VIA PRINCIPE UMBERTO;in prossimità;;del civico n.;85;;Scontro laterale fra veicoli in marcia;Rettilineo;Una carreggiata a senso unico di marcia;Asciutto;Asfaltata;Verticale ed orizzontale;Sereno;Normale;Buona;Ore Diurne;0;0;0;4;12.5102;41.894;-1;2;Autovettura privata;In marcia / fermata / arresto;Conducente;M;Illeso;0;;;
4359778;1;06/05/2019 13:30:00;Strada Urbana;VIA PRINCIPE UMBERTO;in prossimità;;del civico n.;85;;Scontro laterale fra veicoli in marcia;Rettilineo;Una carreggiata a senso unico di marcia;Asciutto;Asfaltata;Verticale ed orizzontale;Sereno;Normale;Buona;Ore Diurne;0;0;0;4;12.5102;41.894;-1;2;Autovettura privata;In marcia / fermata / arresto;Passeggero;F;Illeso;0;;;
4359793;1;06/05/2019 11:40:00;Strada Urbana;VIA MARMORATA;in prossimità;;del civico n.;4;;Tamponamento;Rettilineo;Una carreggiata a doppio senso;Asciutto;Asfaltata;Verticale ed orizzontale;Sereno;Normale;Buona;Ore Diurne;1;0;0;1;12.4805;41.8778;-1;1;Motociclo a solo;In marcia / fermata / arresto;Conducente;M;Illeso;0;;Non accertato;
4359793;1;06/05/2019 11:40:00;Strada Urbana;VIA MARMORATA;in prossimità;;del civico n.;4;;Tamponamento;Rettilineo;Una carreggiata a doppio senso;Asciutto;Asfaltata;Verticale ed orizzontale;Sereno;Normale;Buona;Ore Diurne;1;0;0;1;12.4805;41.8778;-1;2;Motociclo a solo;In marcia / fermata / arresto;Conducente;F;Rifiuta cure immediate;0;NON DECEDUTO;Non accertato;
4359802;12;04/05/2019 15:00:00;Strada Urbana;VIA DI CASTEL DI LEVA;da specificare;;;;PROX VIA DELLA CECCHIGNOLA;Veicolo in marcia contro ostacolo accidentale;Rettilineo;Una carreggiata a doppio senso;Bagnato (pioggia);Con buche;Verticale;Pioggia in atto;Normale;Sufficiente;Ore Diurne;0;0;0;1;12.5346;41.777;-1;1;Autovettura privata;In marcia / fermata / arresto;Conducente;M;Illeso;0;;;
4359846;12;04/05/2019 18:15:00;Strada Urbana;VIA CARMELO MAESTRINI;all'intersezione con;VIA PONTINA  (CARREGGIATA COMPLANARE);VIA PONTINA  (CARREGGIATA COMPLANARE);;;Tamponamento;Incrocio;Una carreggiata a doppio senso;Asciutto;Asfaltata;Verticale ed orizzontale;Nuvoloso;Normale;Sufficiente;Ore Diurne;0;0;0;3;12.4413;41.7982;-1;1;Autovettura privata;In marcia / fermata / arresto;Conducente;F;Illeso;0;;;
4359846;12;04/05/2019 18:15:00;Strada Urbana;VIA CARMELO MAESTRINI;all'intersezione con;VIA PONTINA  (CARREGGIATA COMPLANARE);VIA PONTINA  (CARREGGIATA COMPLANARE);;;Tamponamento;Incrocio;Una carreggiata a doppio senso;Asciutto;Asfaltata;Verticale ed orizzontale;Nuvoloso;Normale;Sufficiente;Ore Diurne;0;0;0;3;12.4413;41.7982;-1;1;Autovettura privata;In marcia / fermata / arresto;Passeggero;F;Illeso;0;;Utilizzato;Inesploso
4359846;12;04/05/2019 18:15:00;Strada Urbana;VIA CARMELO MAESTRINI;all'intersezione con;VIA PONTINA  (CARREGGIATA COMPLANARE);VIA PONTINA  (CARREGGIATA COMPLANARE);;;Tamponamento;Incrocio;Una carreggiata a doppio senso;Asciutto;Asfaltata;Verticale ed orizzontale;Nuvoloso;Normale;Sufficiente;Ore Diurne;0;0;0;3;12.4413;41.7982;-1;2;Autovettura privata;In marcia / fermata / arresto;Conducente;M;Illeso;0;;;
4359879;16;05/05/2019 13:30:00;Strada Urbana;VIA ANTONIO BENNICELLI;da specificare;;;;fronte civico 41;Veicolo in marcia contro veicolo in sosta;Rettilineo;Una carreggiata a senso unico di marcia;Asciutto;Asfaltata;Orizzontale;Nuvoloso;Scarso;Buona;Ore Diurne;0;0;0;1;12.4424;41.8739;-1;1;Autovettura privata;In marcia / fermata / arresto;Conducente;M;Illeso;0;;Non accertato;Inesploso
4359879;16;05/05/2019 13:30:00;Strada Urbana;VIA ANTONIO BENNICELLI;da specificare;;;;fronte civico 41;Veicolo in marcia contro veicolo in sosta;Rettilineo;Una carreggiata a senso unico di marcia;Asciutto;Asfaltata;Orizzontale;Nuvoloso;Scarso;Buona;Ore Diurne;0;0;0;1;12.4424;41.8739;-1;2;Autovettura privata;Sosta;;;;;;;
4359891;12;05/05/2019 16:30:00;Strada Urbana;VIA CESARE FRUGONI;da specificare;;;;ALT. VIA DI VAL FIORITA;Tamponamento;Rettilineo;Una carreggiata a doppio senso;Bagnato (pioggia);Asfaltata;Verticale ed orizzontale;Pioggia in atto;Normale;Buona;Ore Diurne;0;0;0;3;12.4645;41.8398;-1;1;Autovettura privata;In marcia / fermata / arresto;Conducente;M;Illeso;0;;Non accertato;Inesploso
4359891;12;05/05/2019 16:30:00;Strada Urbana;VIA CESARE FRUGONI;da specificare;;;;ALT. VIA DI VAL FIORITA;Tamponamento;Rettilineo;Una carreggiata a doppio senso;Bagnato (pioggia);Asfaltata;Verticale ed orizzontale;Pioggia in atto;Normale;Buona;Ore Diurne;0;0;0;3;12.4645;41.8398;-1;1;Autovettura privata;In marcia / fermata / arresto;Passeggero;F;Illeso;0;;Non accertato;Inesploso
4359891;12;05/05/2019 16:30:00;Strada Urbana;VIA CESARE FRUGONI;da specificare;;;;ALT. VIA DI VAL FIORITA;Tamponamento;Rettilineo;Una carreggiata a doppio senso;Bagnato (pioggia);Asfaltata;Verticale ed orizzontale;Pioggia in atto;Normale;Buona;Ore Diurne;0;0;0;3;12.4645;41.8398;-1;2;Autovettura privata;In marcia / fermata / arresto;Conducente;F;Illeso;0;;Non accertato;Inesploso
4359899;2;06/05/2019 14:40:00;Strada Urbana;VIALE SOMALIA;all'intersezione semaforizzata con;VIA ANTRODOCO;VIA ANTRODOCO;;;Tamponamento;Intersezione semaforizzata;Una carreggiata a doppio senso;Asciutto;Asfaltata;Verticale ed orizzontale;Sereno;Normale;Buona;Ore Diurne;0;0;0;2;12.5201;41.9338;-1;1;Autovettura privata;In marcia / fermata / arresto;Conducente;M;Illeso;0;;;
4359899;2;06/05/2019 14:40:00;Strada Urbana;VIALE SOMALIA;all'intersezione semaforizzata con;VIA ANTRODOCO;VIA ANTRODOCO;;;Tamponamento;Intersezione semaforizzata;Una carreggiata a doppio senso;Asciutto;Asfaltata;Verticale ed orizzontale;Sereno;Normale;Buona;Ore Diurne;0;0;0;2;12.5201;41.9338;-1;2;Autocarro inferiore 35 q.;In marcia / fermata / arresto;Conducente;M;Illeso;0;;;
4359907;2;06/05/2019 16:10:00;Strada Urbana;VIA GUIDO D'AREZZO;all'intersezione con;PIAZZA GIUSEPPE VERDI;PIAZZA GIUSEPPE VERDI;;;Scontro frontale/laterale SX fra veicoli in marcia;Incrocio;Una carreggiata a senso unico di marcia;Asciutto;Asfaltata;Verticale ed orizzontale;Sereno;Normale;Buona;Ore Diurne;1;0;0;1;12.4937;41.9206;-1;1;Autovettura privata;In marcia / fermata / arresto;Conducente;M;Illeso;0;;Non accertato;Inesploso
4359907;2;06/05/2019 16:10:00;Strada Urbana;VIA GUIDO D'AREZZO;all'intersezione con;PIAZZA GIUSEPPE VERDI;PIAZZA GIUSEPPE VERDI;;;Scontro frontale/laterale SX fra veicoli in marcia;Incrocio;Una carreggiata a senso unico di marcia;Asciutto;Asfaltata;Verticale ed orizzontale;Sereno;Normale;Buona;Ore Diurne;1;0;0;1;12.4937;41.9206;-1;2;Motociclo a solo;In marcia / fermata / arresto;Conducente;M;Rimandato;0;NON DECEDUTO;Non accertato;
4359915;16;05/05/2019 18:00:00;Strada Urbana;VIA DELLA PISANA;in corrispondenza;;del civico n.;89;;Scontro laterale fra veicoli in marcia;Rettilineo;Una carreggiata a doppio senso;Bagnato (pioggia);Asfaltata;Verticale ed orizzontale;Nuvoloso;Normale;Buona;Ore Diurne;4;0;0;1;12.4196;41.8837;-1;1;Autovettura privata;In marcia / fermata / arresto;Conducente;M;Rimandato;0;NON DECEDUTO;;
4359915;16;05/05/2019 18:00:00;Strada Urbana;VIA DELLA PISANA;in corrispondenza;;del civico n.;89;;Scontro laterale fra veicoli in marcia;Rettilineo;Una carreggiata a doppio senso;Bagnato (pioggia);Asfaltata;Verticale ed orizzontale;Nuvoloso;Normale;Buona;Ore Diurne;4;0;0;1;12.4196;41.8837;-1;2;Autovettura privata;In marcia / fermata / arresto;Conducente;M;Rimandato;0;NON DECEDUTO;;
4359915;16;05/05/2019 18:00:00;Strada Urbana;VIA DELLA PISANA;in corrispondenza;;del civico n.;89;;Scontro laterale fra veicoli in marcia;Rettilineo;Una carreggiata a doppio senso;Bagnato (pioggia);Asfaltata;Verticale ed orizzontale;Nuvoloso;Normale;Buona;Ore Diurne;4;0;0;1;12.4196;41.8837;-1;2;Autovettura privata;In marcia / fermata / arresto;Passeggero;M;Rimandato;0;NON DECEDUTO;;
4359915;16;05/05/2019 18:00:00;Strada Urbana;VIA DELLA PISANA;in corrispondenza;;del civico n.;89;;Scontro laterale fra veicoli in marcia;Rettilineo;Una carreggiata a doppio senso;Bagnato (pioggia);Asfaltata;Verticale ed orizzontale;Nuvoloso;Normale;Buona;Ore Diurne;4;0;0;1;12.4196;41.8837;-1;2;Autovettura privata;In marcia / fermata / arresto;Passeggero;F;Illeso;0;;;
4359915;16;05/05/2019 18:00:00;Strada Urbana;VIA DELLA PISANA;in corrispondenza;;del civico n.;89;;Scontro laterale fra veicoli in marcia;Rettilineo;Una carreggiata a doppio senso;Bagnato (pioggia);Asfaltata;Verticale ed orizzontale;Nuvoloso;Normale;Buona;Ore Diurne;4;0;0;1;12.4196;41.8837;-1;2;Autovettura privata;In marcia / fermata / arresto;Passeggero;F;Rimandato;0;NON DECEDUTO;;
4359915;16;05/05/2019 18:00:00;Strada Urbana;VIA DELLA PISANA;in corrispondenza;;del civico n.;89;;Scontro laterale fra veicoli in marcia;Rettilineo;Una carreggiata a doppio senso;Bagnato (pioggia);Asfaltata;Verticale ed orizzontale;Nuvoloso;Normale;Buona;Ore Diurne;4;0;0;1;12.4196;41.8837;-1;3;Autovettura privata;Sosta;;;;;;;
4359932;12;05/05/2019 16:35:00;Strada Urbana;VIA DELLA CECCHIGNOLA;in corrispondenza;;del civico n.;181;;Scontro laterale fra veicoli in marcia;Rettilineo;Una carreggiata a doppio senso;Bagnato (pioggia);Asfaltata;Verticale ed orizzontale;Nuvoloso;Normale;Buona;Ore Diurne;0;0;0;1;12.5084;41.8062;-1;1;Autovettura privata;In marcia / fermata / arresto;Conducente;F;Illeso;0;;;
4359932;12;05/05/2019 16:35:00;Strada Urbana;VIA DELLA CECCHIGNOLA;in corrispondenza;;del civico n.;181;;Scontro laterale fra veicoli in marcia;Rettilineo;Una carreggiata a doppio senso;Bagnato (pioggia);Asfaltata;Verticale ed orizzontale;Nuvoloso;Normale;Buona;Ore Diurne;0;0;0;1;12.5084;41.8062;-1;2;Autovettura privata;In marcia / fermata / arresto;;;;;;;
4359985;16;05/05/2019 19:15:00;Strada Urbana;VIA FRANCESCO DURANTE;all'intersezione con;VIA ROBERTO ALESSANDRI;VIA ROBERTO ALESSANDRI;;;Scontro frontale/laterale DX fra veicoli in marcia;Incrocio;Una carreggiata a doppio senso;Bagnato (pioggia);Asfaltata;Verticale ed orizzontale;Pioggia in atto;Normale;Sufficiente;Sufficiente;0;0;0;2;12.4415;41.8687;-1;1;Autovettura privata;In marcia / fermata / arresto;Conducente;M;Illeso;0;;Non accertato;Inesploso
4359985;16;05/05/2019 19:15:00;Strada Urbana;VIA FRANCESCO DURANTE;all'intersezione con;VIA ROBERTO ALESSANDRI;VIA ROBERTO ALESSANDRI;;;Scontro frontale/laterale DX fra veicoli in marcia;Incrocio;Una carreggiata a doppio senso;Bagnato (pioggia);Asfaltata;Verticale ed orizzontale;Pioggia in atto;Normale;Sufficiente;Sufficiente;0;0;0;2;12.4415;41.8687;-1;2;Autovettura privata;In marcia / fermata / arresto;Conducente;M;Illeso;0;;Non accertato;Inesploso
4359991;12;06/05/2019 14:48:00;Strada Urbana;PIAZZA CARLO VITA FINZI;all'intersezione semaforizzata con;VIALE DELL'UMANESIMO;VIALE DELL'UMANESIMO;;;Scontro frontale/laterale SX fra veicoli in marcia;Intersezione semaforizzata;Una carreggiata a doppio senso;Asciutto;Asfaltata;Verticale ed orizzontale;Sereno;Normale;Buona;Ore Diurne;1;0;0;5;12.4788;41.8205;-1;1;Autovettura privata;In marcia / fermata / arresto;Conducente;F;Rimandato;0;NON DECEDUTO;;
4359991;12;06/05/2019 14:48:00;Strada Urbana;PIAZZA CARLO VITA FINZI;all'intersezione semaforizzata con;VIALE DELL'UMANESIMO;VIALE DELL'UMANESIMO;;;Scontro frontale/laterale SX fra veicoli in marcia;Intersezione semaforizzata;Una carreggiata a doppio senso;Asciutto;Asfaltata;Verticale ed orizzontale;Sereno;Normale;Buona;Ore Diurne;1;0;0;5;12.4788;41.8205;-1;2;Autovettura di soccorso;In marcia / fermata / arresto;Conducente;M;Illeso;0;;;
4359991;12;06/05/2019 14:48:00;Strada Urbana;PIAZZA CARLO VITA FINZI;all'intersezione semaforizzata con;VIALE DELL'UMANESIMO;VIALE DELL'UMANESIMO;;;Scontro frontale/laterale SX fra veicoli in marcia;Intersezione semaforizzata;Una carreggiata a doppio senso;Asciutto;Asfaltata;Verticale ed orizzontale;Sereno;Normale;Buona;Ore Diurne;1;0;0;5;12.4788;41.8205;-1;2;Autovettura di soccorso;In marcia / fermata / arresto;Passeggero;M;Illeso;0;;;
4359991;12;06/05/2019 14:48:00;Strada Urbana;PIAZZA CARLO VITA FINZI;all'intersezione semaforizzata con;VIALE DELL'UMANESIMO;VIALE DELL'UMANESIMO;;;Scontro frontale/laterale SX fra veicoli in marcia;Intersezione semaforizzata;Una carreggiata a doppio senso;Asciutto;Asfaltata;Verticale ed orizzontale;Sereno;Normale;Buona;Ore Diurne;1;0;0;5;12.4788;41.8205;-1;2;Autovettura di soccorso;In marcia / fermata / arresto;Passeggero;M;Illeso;0;;;
4359991;12;06/05/2019 14:48:00;Strada Urbana;PIAZZA CARLO VITA FINZI;all'intersezione semaforizzata con;VIALE DELL'UMANESIMO;VIALE DELL'UMANESIMO;;;Scontro frontale/laterale SX fra veicoli in marcia;Intersezione semaforizzata;Una carreggiata a doppio senso;Asciutto;Asfaltata;Verticale ed orizzontale;Sereno;Normale;Buona;Ore Diurne;1;0;0;5;12.4788;41.8205;-1;2;Autovettura di soccorso;In marcia / fermata / arresto;Passeggero;M;Illeso;0;;;
4359991;12;06/05/2019 14:48:00;Strada Urbana;PIAZZA CARLO VITA FINZI;all'intersezione semaforizzata con;VIALE DELL'UMANESIMO;VIALE DELL'UMANESIMO;;;Scontro frontale/laterale SX fra veicoli in marcia;Intersezione semaforizzata;Una carreggiata a doppio senso;Asciutto;Asfaltata;Verticale ed orizzontale;Sereno;Normale;Buona;Ore Diurne;1;0;0;5;12.4788;41.8205;-1;2;Autovettura di soccorso;In marcia / fermata / arresto;Passeggero;M;Illeso;0;;;
4359999;3;04/05/2019 16:12:00;Strada Urbana;VIA TIBURTINA;da specificare;;;;257 direzione VERANO;Scontro frontale/laterale SX fra veicoli in marcia;Rettilineo;Più di due carreggiate;Asciutto;Asfaltata;Verticale ed orizzontale;Sereno;Scarso;Buona;Ore Diurne;1;1;0;1;12.5234;41.9071;-1;1;Autobus di linea;In marcia / fermata / arresto;Conducente;M;Illeso;0;;Non accertato;Inesploso
4359999;3;04/05/2019 16:12:00;Strada Urbana;VIA TIBURTINA;da specificare;;;;257 direzione VERANO;Scontro frontale/laterale SX fra veicoli in marcia;Rettilineo;Più di due carreggiate;Asciutto;Asfaltata;Verticale ed orizzontale;Sereno;Scarso;Buona;Ore Diurne;1;1;0;1;12.5234;41.9071;-1;2;Autovettura privata;In marcia / fermata / arresto;Conducente;M;Prognosi riservata;0;NON DECEDUTO;Non accertato;Inesploso
4359999;3;04/05/2019 16:12:00;Strada Urbana;VIA TIBURTINA;da specificare;;;;257 direzione VERANO;Scontro frontale/laterale SX fra veicoli in marcia;Rettilineo;Più di due carreggiate;Asciutto;Asfaltata;Verticale ed orizzontale;Sereno;Scarso;Buona;Ore Diurne;1;1;0;1;12.5234;41.9071;-1;2;Autovettura privata;In marcia / fermata / arresto;Passeggero;M;Rimandato;0;NON DECEDUTO;Non accertato;Inesploso
4360020;16;04/05/2019 11:40:00;Strada Urbana;VIA GIOELE SOLARI;in prossimità;;del civico n.;101;;Scontro frontale fra veicoli in marcia;Curva senza visuale libera;Una carreggiata a doppio senso;Bagnato (pioggia);Asfaltata;Verticale ed orizzontale;Pioggia in atto;Scarso;Buona;Ore Diurne;4;0;0;1;12.3537;41.8721;-1;1;Autovettura privata;In marcia / fermata / arresto;Conducente;M;Rimandato;0;NON DECEDUTO;;Esploso
4360020;16;04/05/2019 11:40:00;Strada Urbana;VIA GIOELE SOLARI;in prossimità;;del civico n.;101;;Scontro frontale fra veicoli in marcia;Curva senza visuale libera;Una carreggiata a doppio senso;Bagnato (pioggia);Asfaltata;Verticale ed orizzontale;Pioggia in atto;Scarso;Buona;Ore Diurne;4;0;0;1;12.3537;41.8721;-1;1;Autovettura privata;In marcia / fermata / arresto;Passeggero;F;Rimandato;0;NON DECEDUTO;;
4360020;16;04/05/2019 11:40:00;Strada Urbana;VIA GIOELE SOLARI;in prossimità;;del civico n.;101;;Scontro frontale fra veicoli in marcia;Curva senza visuale libera;Una carreggiata a doppio senso;Bagnato (pioggia);Asfaltata;Verticale ed orizzontale;Pioggia in atto;Scarso;Buona;Ore Diurne;4;0;0;1;12.3537;41.8721;-1;2;Autovettura privata;In marcia / fermata / arresto;Conducente;M;Rimandato;0;NON DECEDUTO;;
4360020;16;04/05/2019 11:40:00;Strada Urbana;VIA GIOELE SOLARI;in prossimità;;del civico n.;101;;Scontro frontale fra veicoli in marcia;Curva senza visuale libera;Una carreggiata a doppio senso;Bagnato (pioggia);Asfaltata;Verticale ed orizzontale;Pioggia in atto;Scarso;Buona;Ore Diurne;4;0;0;1;12.3537;41.8721;-1;2;Autovettura privata;In marcia / fermata / arresto;Passeggero;M;Rimandato;0;NON DECEDUTO;Non accertato;Inesploso
4360020;16;04/05/2019 11:40:00;Strada Urbana;VIA GIOELE SOLARI;in prossimità;;del civico n.;101;;Scontro frontale fra veicoli in marcia;Curva senza visuale libera;Una carreggiata a doppio senso;Bagnato (pioggia);Asfaltata;Verticale ed orizzontale;Pioggia in atto;Scarso;Buona;Ore Diurne;4;0;0;1;12.3537;41.8721;-1;2;Autovettura privata;In marcia / fermata / arresto;Passeggero;M;Illeso;0;;;
4360022;13;06/05/2019 19:35:00;Strada Urbana;VIA OTTAVIO;in corrispondenza;;del civico n.;34;;Veicolo in marcia contro veicolo in sosta;Rettilineo;Una carreggiata a senso unico di marcia;Asciutto;Asfaltata;Verticale ed orizzontale;Sereno;Normale;Buona;Ore Diurne;0;0;0;0;12.2839;41.7314;-1;1;Autovettura privata;Sosta;;;;;;;
4360022;13;06/05/2019 19:35:00;Strada Urbana;VIA OTTAVIO;in corrispondenza;;del civico n.;34;;Veicolo in marcia contro veicolo in sosta;Rettilineo;Una carreggiata a senso unico di marcia;Asciutto;Asfaltata;Verticale ed orizzontale;Sereno;Normale;Buona;Ore Diurne;0;0;0;0;12.2839;41.7314;-1;2;Autovettura privata;Allontanatosi;;;;;;;
4360029;1;06/05/2019 16:30:00;Strada Urbana;LUNGOTEVERE TOR DI NONA;da specificare;;;;alt palo ACEA n. 14;Tamponamento;Rettilineo;Una carreggiata a senso unico di marcia;Asciutto;Asfaltata;Assente;Sereno;Normale;Sufficiente;Ore Diurne;2;0;0;0;12.4692;41.9015;-1;1;Motociclo a solo;In marcia / fermata / arresto;Conducente;F;Rimandato;0;NON DECEDUTO;Non accertato;
4360029;1;06/05/2019 16:30:00;Strada Urbana;LUNGOTEVERE TOR DI NONA;da specificare;;;;alt palo ACEA n. 14;Tamponamento;Rettilineo;Una carreggiata a senso unico di marcia;Asciutto;Asfaltata;Assente;Sereno;Normale;Sufficiente;Ore Diurne;2;0;0;0;12.4692;41.9015;-1;1;Motociclo a solo;In marcia / fermata / arresto;Passeggero;F;Rimandato;0;NON DECEDUTO;Non accertato;
4360029;1;06/05/2019 16:30:00;Strada Urbana;LUNGOTEVERE TOR DI NONA;da specificare;;;;alt palo ACEA n. 14;Tamponamento;Rettilineo;Una carreggiata a senso unico di marcia;Asciutto;Asfaltata;Assente;Sereno;Normale;Sufficiente;Ore Diurne;2;0;0;0;12.4692;41.9015;-1;2;Autovettura privata;Allontanatosi;;;;;;;
4360053;15;06/05/2019 07:10:00;Strada Urbana;VIA DELLA MURATELLA;in prossimità;;del civico n.;49;;Scontro laterale fra veicoli in marcia;Rettilineo;Una carreggiata a doppio senso;Bagnato (umidità in atto);Asfaltata;Orizzontale;Sereno;Normale;Buona;Ore Diurne;0;0;0;2;12.3265;41.8167;-1;1;Autovettura privata;In marcia / fermata / arresto;Conducente;M;Illeso;0;;Non accertato;Inesploso
4360053;15;06/05/2019 07:10:00;Strada Urbana;VIA DELLA MURATELLA;in prossimità;;del civico n.;49;;Scontro laterale fra veicoli in marcia;Rettilineo;Una carreggiata a doppio senso;Bagnato (umidità in atto);Asfaltata;Orizzontale;Sereno;Normale;Buona;Ore Diurne;0;0;0;2;12.3265;41.8167;-1;2;Autoveicolo trasp.promisc.;In marcia / fermata / arresto;Conducente;M;Illeso;0;;Non accertato;Inesploso
4360062;15;06/05/2019 08:45:00;Strada Urbana;VIA ODERISI DA GUBBIO;in corrispondenza;;del civico n.;185;;Scontro laterale fra veicoli in marcia;Rettilineo;Una carreggiata a doppio senso;Asciutto;Asfaltata;Verticale ed orizzontale;Nuvoloso;Intenso;Buona;Ore Diurne;0;0;0;2;12.4648;41.864;-1;1;Autovettura privata;In marcia / fermata / arresto;Conducente;F;Illeso;0;;Non accertato;Inesploso