Protocollo;Gruppo;DataOraIncidente;Localizzazione1;STRADA1;Localizzazione2;STRADA2;Strada02;Chilometrica;DaSpecificare;NaturaIncidente;particolaritastrade;TipoStrada;FondoStradale;Pavimentazione;Segnaletica;CondizioneAtmosferica;Traffico;Visibilita;Illuminazione;NUM_FERITI;NUM_RISERVATA;NUM_MORTI;NUM_ILLESI;Longitudine;Latitudine;Confermato;Progressivo;TipoVeicolo;StatoVeicolo;TipoPersona;Sesso;Tipolesione;Deceduto;DecedutoDopo;CinturaCascoUtilizzato;Airbag;
4365045;16;08/05/2019 13:50:00;Strada Urbana;VIA ADOLFO GANDIGLIO;in corrispondenza;;del civico n.;138;;Scontro frontale fra veicoli in marcia;Rettilineo;Due carreggiate;Asciutto;Asfaltata;Verticale ed orizzontale;Sereno;Normale;Buona;Ore Diurne;0;0;0;2;12.4424;41.8627;-1;1;Autovettura privata;In marcia / fermata / arresto;Conducente;M;Illeso;0;;Non accertato;
4365045;16;08/05/2019 13:50:00;Strada Urbana;VIA ADOLFO GANDIGLIO;in corrispondenza;;del civico n.;138;;Scontro frontale fra veicoli in marcia;Rettilineo;Due carreggiate;Asciutto;Asfaltata;Verticale ed orizzontale;Sereno;Normale;Buona;Ore Diurne;0;0;0;2;12.4424;41.8627;-1;2;Autovettura privata;In marcia / fermata / arresto;Conducente;F;Illeso;0;;Non accertato;
4365053;12;09/05/2019 11:45:00;Strada Urbana;VIALE DELL'UMANESIMO;in prossimità;;del civico n.;53;;Scontro frontale/laterale DX fra veicoli in marcia;Pendenza;Una carreggiata a doppio senso;Asciutto;Asfaltata;Verticale ed orizzontale;Sereno;Normale;Buona;Ore Diurne;0;0;0;3;12.4734;41.8221;-1;1;Autobus di linea;In marcia / fermata / arresto;Conducente;M;Illeso;0;;Non accertato;Inesploso
4365053;12;09/05/2019 11:45:00;Strada Urbana;VIALE DELL'UMANESIMO;in prossimità;;del civico n.;53;;Scontro frontale/laterale DX fra veicoli in marcia;Pendenza;Una carreggiata a doppio senso;Asciutto;Asfaltata;Verticale ed orizzontale;Sereno;Normale;Buona;Ore Diurne;0;0;0;3;12.4734;41.8221;-1;2;Autovettura privata;In marcia / fermata / arresto;Conducente;M;Illeso;0;;Non accertato;Inesploso
4365053;12;09/05/2019 11:45:00;Strada Urbana;VIALE DELL'UMANESIMO;in prossimità;;del civico n.;53;;Scontro frontale/laterale DX fra veicoli in marcia;Pendenza;Una carreggiata a doppio senso;Asciutto;Asfaltata;Verticale ed orizzontale;Sereno;Normale;Buona;Ore Diurne;0;0;0;3;12.4734;41.8221;-1;2;Autovettura privata;In marcia / fermata / arresto;Passeggero;F;Illeso;0;;Non accertato;Inesploso
4365058;16;08/05/2019 16:20:00;Strada Urbana;VIA PIETRO CARTONI;all'intersezione con;VIA TARQUINIO VIPERA;VIA TARQUINIO VIPERA;;;Scontro frontale/laterale SX fra veicoli in marcia;Incrocio;Una carreggiata a doppio senso;Asciutto;Asfaltata;Assente;Sereno;Normale;Buona;Ore Diurne;0;0;0;4;12.4523;41.8733;-1;1;Autovettura privata;In marcia / fermata / arresto;Conducente;F;Illeso;0;;Non accertato;Inesploso
4365058;16;08/05/2019 16:20:00;Strada Urbana;VIA PIETRO CARTONI;all'intersezione con;VIA TARQUINIO VIPERA;VIA TARQUINIO VIPERA;;;Scontro frontale/laterale SX fra veicoli in marcia;Incrocio;Una carreggiata a doppio senso;Asciutto;Asfaltata;Assente;Sereno;Normale;Buona;Ore Diurne;0;0;0;4;12.4523;41.8733;-1;1;Autovettura privata;In marcia / fermata / arresto;Passeggero;F;Illeso;0;;Non accertato;Inesploso
4365058;16;08/05/2019 16:20:00;Strada Urbana;VIA PIETRO CARTONI;all'intersezione con;VIA TARQUINIO VIPERA;VIA TARQUINIO VIPERA;;;Scontro frontale/laterale SX fra veicoli in marcia;Incrocio;Una carreggiata a doppio senso;Asciutto;Asfaltata;Assente;Sereno;Normale;Buona;Ore Diurne;0;0;0;4;12.4523;41.8733;-1;2;Autovettura privata;In marcia / fermata / arresto;Conducente;F;Illeso;0;;Non accertato;Inesploso
4365058;16;08/05/2019 16:20:00;Strada Urbana;VIA PIETRO CARTONI;all'intersezione con;VIA TARQUINIO VIPERA;VIA TARQUINIO VIPERA;;;Scontro frontale/laterale SX fra veicoli in marcia;Incrocio;Una carreggiata a doppio senso;Asciutto;Asfaltata;Assente;Sereno;Normale;Buona;Ore Diurne;0;0;0;4;12.4523;41.8733;-1;2;Autovettura privata;In marcia / fermata / arresto;Passeggero;F;Illeso;0;;Non accertato;Inesploso
4365067;1;09/05/2019 08:40:00;Strada Urbana;VIA LEONIDA BISSOLATI;in corrispondenza;;del civico n.;76;;Investimento di pedone;Rettilineo;Una carreggiata a doppio senso;Asciutto;Asfaltata;Verticale ed orizzontale;Nuvoloso;Intenso;Buona;Ore Diurne;1;0;0;1;12.4928;41.9052;0;;;;Pedone;M;Rimandato;0;NON DECEDUTO;;
4365067;1;09/05/2019 08:40:00;Strada Urbana;VIA LEONIDA BISSOLATI;in corrispondenza;;del civico n.;76;;Investimento di pedone;Rettilineo;Una carreggiata a doppio senso;Asciutto;Asfaltata;Verticale ed orizzontale;Nuvoloso;Intenso;Buona;Ore Diurne;1;0;0;1;12.4928;41.9052;0;1;Autovettura privata;In marcia / fermata / arresto;Conducente;M;Illeso;0;;;
4365199;17;09/05/2019 09:20:00;Strada Urbana;VIA SABOTINO;all'intersezione con;VIA MONTE SANTO;VIA MONTE SANTO;;;Scontro frontale/laterale DX fra veicoli in marcia;Incrocio;Due carreggiate;Asciutto;Asfaltata;Verticale ed orizzontale;Nuvoloso;Normale;Buona;Ore Diurne;0;0;0;3;12.461;41.9165;-1;1;Autovettura privata;In marcia / fermata / arresto;Conducente;F;Illeso;0;;;
4365199;17;09/05/2019 09:20:00;Strada Urbana;VIA SABOTINO;all'intersezione con;VIA MONTE SANTO;VIA MONTE SANTO;;;Scontro frontale/laterale DX fra veicoli in marcia;Incrocio;Due carreggiate;Asciutto;Asfaltata;Verticale ed orizzontale;Nuvoloso;Normale;Buona;Ore Diurne;0;0;0;3;12.461;41.9165;-1;2;Autovettura privata;In marcia / fermata / arresto;Conducente;M;Illeso;0;;;
4365199;17;09/05/2019 09:20:00;Strada Urbana;VIA SABOTINO;all'intersezione con;VIA MONTE SANTO;VIA MONTE SANTO;;;Scontro frontale/laterale DX fra veicoli in marcia;Incrocio;Due carreggiate;Asciutto;Asfaltata;Verticale ed orizzontale;Nuvoloso;Normale;Buona;Ore Diurne;0;0;0;3;12.461;41.9165;-1;2;Autovettura privata;In marcia / fermata / arresto;Passeggero;F;Illeso;0;;;
4365274;9;09/05/2019 08:05:00;Strada Urbana;VIA SATRICO;all'intersezione con;VIA ACAIA;VIA ACAIA;;;Scontro laterale fra veicoli in marcia;Incrocio;Due carreggiate;Asciutto;Asfaltata;Verticale ed orizzontale;Sereno;Intenso;Buona;Ore Diurne;0;0;0;3;12.5082;41.8768;-1;1;Autovettura privata;In marcia / fermata / arresto;Conducente;M;Illeso;0;;Non accertato;Inesploso
4365274;9;09/05/2019 08:05:00;Strada Urbana;VIA SATRICO;all'intersezione con;VIA ACAIA;VIA ACAIA;;;Scontro laterale fra veicoli in marcia;Incrocio;Due carreggiate;Asciutto;Asfaltata;Verticale ed orizzontale;Sereno;Intenso;Buona;Ore Diurne;0;0;0;3;12.5082;41.8768;-1;2;Autovettura privata;In marcia / fermata / arresto;Conducente;M;Illeso;0;;Non accertato;Inesploso
4365274;9;09/05/2019 08:05:00;Strada Urbana;VIA SATRICO;all'intersezione con;VIA ACAIA;VIA ACAIA;;;Scontro laterale fra veicoli in marcia;Incrocio;Due carreggiate;Asciutto;Asfaltata;Verticale ed orizzontale;Sereno;Intenso;Buona;Ore Diurne;0;0;0;3;12.5082;41.8768;-1;2;Autovettura privata;In marcia / fermata / arresto;Passeggero;M;Illeso;0;;Non accertato;Inesistente
4365280;9;09/05/2019 09:40:00;Strada Urbana;LARGO MAGNAGRECIA;in corrispondenza;;del civico n.;3;;Scontro frontale/laterale SX fra veicoli in marcia;Rettilineo;Una carreggiata a doppio senso;Asciutto;Asfaltata;Verticale ed orizzontale;Nuvoloso;Normale;Buona;Ore Diurne;1;0;0;2;12.5098;41.885;-1;1;Autovettura privata;In marcia / fermata / arresto;Conducente;M;Illeso;0;;Non accertato;Inesploso
4365280;9;09/05/2019 09:40:00;Strada Urbana;LARGO MAGNAGRECIA;in corrispondenza;;del civico n.;3;;Scontro frontale/laterale SX fra veicoli in marcia;Rettilineo;Una carreggiata a doppio senso;Asciutto;Asfaltata;Verticale ed orizzontale;Nuvoloso;Normale;Buona;Ore Diurne;1;0;0;2;12.5098;41.885;-1;1;Autovettura privata;In marcia / fermata / arresto;Passeggero;M;Illeso;0;;Non accertato;Inesploso
4365280;9;09/05/2019 09:40:00;Strada Urbana;LARGO MAGNAGRECIA;in corrispondenza;;del civico n.;3;;Scontro frontale/laterale SX fra veicoli in marcia;Rettilineo;Una carreggiata a doppio senso;Asciutto;Asfaltata;Verticale ed orizzontale;Nuvoloso;Normale;Buona;Ore Diurne;1;0;0;2;12.5098;41.885;-1;2;Motociclo a solo;In marcia / fermata / arresto;Conducente;M;Rimandato;0;NON DECEDUTO;Non accertato;
4365282;9;09/05/2019 09:45:00;Strada Urbana;VIA NOLA;in prossimità;;del civico n.;6;;Scontro laterale fra veicoli in marcia;Rettilineo;Una carreggiata a doppio senso;Asciutto;Asfaltata;Verticale ed orizzontale;Nuvoloso;Intenso;Buona;Ore Diurne;1;0;0;2;12.5152;41.8867;-1;1;Autovettura privata;In marcia / fermata / arresto;Conducente;M;Illeso;0;;Non accertato;Inesploso
4365282;9;09/05/2019 09:45:00;Strada Urbana;VIA NOLA;in prossimità;;del civico n.;6;;Scontro laterale fra veicoli in marcia;Rettilineo;Una carreggiata a doppio senso;Asciutto;Asfaltata;Verticale ed orizzontale;Nuvoloso;Intenso;Buona;Ore Diurne;1;0;0;2;12.5152;41.8867;-1;1;Autovettura privata;In marcia / fermata / arresto;Passeggero;M;Illeso;0;;Non accertato;Inesploso
4365282;9;09/05/2019 09:45:00;Strada Urbana;VIA NOLA;in prossimità;;del civico n.;6;;Scontro laterale fra veicoli in marcia;Rettilineo;Una carreggiata a doppio senso;Asciutto;Asfaltata;Verticale ed orizzontale;Nuvoloso;Intenso;Buona;Ore Diurne;1;0;0;2;12.5152;41.8867;-1;2;Motociclo a solo;In marcia / fermata / arresto;Conducente;M;Rimandato;0;NON DECEDUTO;Non accertato;
4365323;17;09/05/2019 08:10:00;Strada Urbana;VIA CRESCENZIO;in corrispondenza;;del civico n.;17/B;;Investimento di pedone;Rettilineo;Una carreggiata a doppio senso;Asciutto;In cubetti di porfido;Verticale ed orizzontale;Nuvoloso;Normale;Buona;Ore Diurne;1;0;0;1;12.4659;41.9056;-1;;;;Pedone;F;Ricoverato;0;NON DECEDUTO;;
4365323;17;09/05/2019 08:10:00;Strada Urbana;VIA CRESCENZIO;in corrispondenza;;del civico n.;17/B;;Investimento di pedone;Rettilineo;Una carreggiata a doppio senso;Asciutto;In cubetti di porfido;Verticale ed orizzontale;Nuvoloso;Normale;Buona;Ore Diurne;1;0;0;1;12.4659;41.9056;-1;1;Motociclo a solo;In marcia / fermata / arresto;Conducente;M;Illeso;0;;;
4365394;17;09/05/2019 06:35:00;Strada Urbana;VIA MARCANTONIO COLONNA;all'intersezione con;VIA DEGLI SCIPIONI;VIA DEGLI SCIPIONI;;;Scontro frontale/laterale DX fra veicoli in marcia;Incrocio;Una carreggiata a doppio senso;Asciutto;Asfaltata;Verticale ed orizzontale;Nuvoloso;Scarso;Buona;Ore Diurne;1;0;0;2;12.467;41.91;-1;1;Autovettura privata;In marcia / fermata / arresto;Conducente;F;Illeso;0;;;
4365394;17;09/05/2019 06:35:00;Strada Urbana;VIA MARCANTONIO COLONNA;all'intersezione con;VIA DEGLI SCIPIONI;VIA DEGLI SCIPIONI;;;Scontro frontale/laterale DX fra veicoli in marcia;Incrocio;Una carreggiata a doppio senso;Asciutto;Asfaltata;Verticale ed orizzontale;Nuvoloso;Scarso;Buona;Ore Diurne;1;0;0;2;12.467;41.91;-1;2;Autobus di linea;In marcia / fermata / arresto;Conducente;M;Illeso;0;;Non accertato;
4365394;17;09/05/2019 06:35:00;Strada Urbana;VIA MARCANTONIO COLONNA;all'intersezione con;VIA DEGLI SCIPIONI;VIA DEGLI SCIPIONI;;;Scontro frontale/laterale DX fra veicoli in marcia;Incrocio;Una carreggiata a doppio senso;Asciutto;Asfaltata;Verticale ed orizzontale;Nuvoloso;Scarso;Buona;Ore Diurne;1;0;0;2;12.467;41.91;-1;2;Autobus di linea;In marcia / fermata / arresto;Passeggero;F;Rimandato;0;NON DECEDUTO;;
4365431;12;09/05/2019 14:20:00;Strada Urbana;VIALE CITTA' D'EUROPA;all'intersezione con;VIA OSLO;VIA OSLO;;;Scontro frontale/laterale SX fra veicoli in marcia;Incrocio;Due carreggiate;Asciutto;Asfaltata;Verticale ed orizzontale;Sereno;Normale;Buona;Ore Diurne;1;0;0;5;12.4506;41.8224;-1;1;Autovettura privata;In marcia / fermata / arresto;Conducente;M;Illeso;0;;Utilizzato;Esploso
4365431;12;09/05/2019 14:20:00;Strada Urbana;VIALE CITTA' D'EUROPA;all'intersezione con;VIA OSLO;VIA OSLO;;;Scontro frontale/laterale SX fra veicoli in marcia;Incrocio;Due carreggiate;Asciutto;Asfaltata;Verticale ed orizzontale;Sereno;Normale;Buona;Ore Diurne;1;0;0;5;12.4506;41.8224;-1;1;Autovettura privata;In marcia / fermata / arresto;Passeggero;F;Illeso;0;;Utilizzato;Esploso
4365431;12;09/05/2019 14:20:00;Strada Urbana;VIALE CITTA' D'EUROPA;all'intersezione con;VIA OSLO;VIA OSLO;;;Scontro frontale/laterale SX fra veicoli in marcia;Incrocio;Due carreggiate;Asciutto;Asfaltata;Verticale ed orizzontale;Sereno;Normale;Buona;Ore Diurne;1;0;0;5;12.4506;41.8224;-1;1;Autovettura privata;In marcia / fermata / arresto;Passeggero;F;Illeso;0;;Utilizzato;Inesistente
4365431;12;09/05/2019 14:20:00;Strada Urbana;VIALE CITTA' D'EUROPA;all'intersezione con;VIA OSLO;VIA OSLO;;;Scontro frontale/laterale SX fra veicoli in marcia;Incrocio;Due carreggiate;Asciutto;Asfaltata;Verticale ed orizzontale;Sereno;Normale;Buona;Ore Diurne;1;0;0;5;12.4506;41.8224;-1;2;Autovettura privata;In marcia / fermata / arresto;Conducente;F;Rimandato;0;NON DECEDUTO;Non accertato;Esploso
4365431;12;09/05/2019 14:20:00;Strada Urbana;VIALE CITTA' D'EUROPA;all'intersezione con;VIA OSLO;VIA OSLO;;;Scontro frontale/laterale SX fra veicoli in marcia;Incrocio;Due carreggiate;Asciutto;Asfaltata;Verticale ed orizzontale;Sereno;Normale;Buona;Ore Diurne;1;0;0;5;12.4506;41.8224;-1;2;Autovettura privata;In marcia / fermata / arresto;Passeggero;F;Illeso;0;;Non accertato;Inesploso
4365431;12;09/05/2019 14:20:00;Strada Urbana;VIALE CITTA' D'EUROPA;all'intersezione con;VIA OSLO;VIA OSLO;;;Scontro frontale/laterale SX fra veicoli in marcia;Incrocio;Due carreggiate;Asciutto;Asfaltata;Verticale ed orizzontale;Sereno;Normale;Buona;Ore Diurne;1;0;0;5;12.4506;41.8224;-1;2;Autovettura privata;In marcia / fermata / arresto;Passeggero;F;Illeso;0;;Non accertato;Inesploso
4365536;7;09/05/2019 16:00:00;Strada Urbana;VIA DELLE SUSINE;in prossimità;;del civico n.;72;;Veicolo in marcia contro veicolo in sosta;Rettilineo;Una carreggiata a senso unico di marcia;Asciutto;Asfaltata;Assente;Nuvoloso;Normale;Buona;Ore Diurne;0;0;0;2;12.5791;41.8802;-1;1;Autovettura privata;Sosta;Passeggero;F;Illeso;0;;Non accertato;Inesploso
4365536;7;09/05/2019 16:00:00;Strada Urbana;VIA DELLE SUSINE;in prossimità;;del civico n.;72;;Veicolo in marcia contro veicolo in sosta;Rettilineo;Una carreggiata a senso unico di marcia;Asciutto;Asfaltata;Assente;Nuvoloso;Normale;Buona;Ore Diurne;0;0;0;2;12.5791;41.8802;-1;2;Autovettura privata;In marcia / fermata / arresto;Conducente;M;Illeso;0;;Non accertato;Inesploso
4365598;3;09/05/2019 10:30:00;Strada Urbana;CIRCONVALLAZIONE NOMENTANA;all'intersezione con;VIA LUIGI UNGARELLI;VIA LUIGI UNGARELLI;;;Scontro frontale/laterale DX fra veicoli in marcia;Incrocio;Più di due carreggiate;Asciutto;Asfaltata;Verticale ed orizzontale;Nuvoloso;Scarso;Buona;Ore Diurne;0;0;0;4;12.527;41.9196;-1;1;Autovettura privata;In marcia / fermata / arresto;Conducente;M;Illeso;0;;Non accertato;Inesploso
4365598;3;09/05/2019 10:30:00;Strada Urbana;CIRCONVALLAZIONE NOMENTANA;all'intersezione con;VIA LUIGI UNGARELLI;VIA LUIGI UNGARELLI;;;Scontro frontale/laterale DX fra veicoli in marcia;Incrocio;Più di due carreggiate;Asciutto;Asfaltata;Verticale ed orizzontale;Nuvoloso;Scarso;Buona;Ore Diurne;0;0;0;4;12.527;41.9196;-1;1;Autovettura privata;In marcia / fermata / arresto;Passeggero;M;Illeso;0;;Non accertato;Inesploso
4365598;3;09/05/2019 10:30:00;Strada Urbana;CIRCONVALLAZIONE NOMENTANA;all'intersezione con;VIA LUIGI UNGARELLI;VIA LUIGI UNGARELLI;;;Scontro frontale/laterale DX fra veicoli in marcia;Incrocio;Più di due carreggiate;Asciutto;Asfaltata;Verticale ed orizzontale;Nuvoloso;Scarso;Buona;Ore Diurne;0;0;0;4;12.527;41.9196;-1;2;Autovettura privata;In marcia / fermata / arresto;Conducente;F;Illeso;0;;Non accertato;Inesploso
4365598;3;09/05/2019 10:30:00;Strada Urbana;CIRCONVALLAZIONE NOMENTANA;all'intersezione con;VIA LUIGI UNGARELLI;VIA LUIGI UNGARELLI;;;Scontro frontale/laterale DX fra veicoli in marcia;Incrocio;Più di due carreggiate;Asciutto;Asfaltata;Verticale ed orizzontale;Nuvoloso;Scarso;Buona;Ore Diurne;0;0;0;4;12.527;41.9196;-1;2;Autovettura privata;In marcia / fermata / arresto;Passeggero;M;Illeso;0;;Non accertato;Inesploso
4365623;13;09/05/2019 17:30:00;Strada Urbana;VIA OSTIENSE;da specificare;;;;prossimità via della Stazione di Acilia;Tamponamento;Curva a visuale libera;Una carreggiata a senso unico di marcia;Asciutto;Asfaltata;Assente;Sereno;Normale;Buona;Ore Diurne;0;0;0;3;12.4229;41.8109;-1;1;Autovettura privata;In marcia / fermata / arresto;Conducente;M;Illeso;0;;Non accertato;Inesploso
4365623;13;09/05/2019 17:30:00;Strada Urbana;VIA OSTIENSE;da specificare;;;;prossimità via della Stazione di Acilia;Tamponamento;Curva a visuale libera;Una carreggiata a senso unico di marcia;Asciutto;Asfaltata;Assente;Sereno;Normale;Buona;Ore Diurne;0;0;0;3;12.4229;41.8109;-1;2;Autovettura privata;In marcia / fermata / arresto;Conducente;F;Illeso;0;;Non accertato;Inesploso
4365623;13;09/05/2019 17:30:00;Strada Urbana;VIA OSTIENSE;da specificare;;;;prossimità via della Stazione di Acilia;Tamponamento;Curva a visuale libera;Una carreggiata a senso unico di marcia;Asciutto;Asfaltata;Assente;Sereno;Normale;Buona;Ore Diurne;0;0;0;3;12.4229;41.8109;-1;2;Autovettura privata;In marcia / fermata / arresto;Passeggero;M;Illeso;0;;Non accertato;Inesploso
4365661;19;09/05/2019 13:05:00;Strada Urbana;VIALE DELLE MEDAGLIE D'ORO;in prossimità;;del civico n.;193;;Investimento di pedone;Rettilineo;Una carreggiata a doppio senso;Bagnato (pioggia);Asfaltata;Assente;Pioggia in atto;Normale;Buona;Ore Diurne;1;0;0;2;12.4426;41.9167;-1;;;;Pedone;M;Rimandato;0;NON DECEDUTO;;
4365661;19;09/05/2019 13:05:00;Strada Urbana;VIALE DELLE MEDAGLIE D'ORO;in prossimità;;del civico n.;193;;Investimento di pedone;Rettilineo;Una carreggiata a doppio senso;Bagnato (pioggia);Asfaltata;Assente;Pioggia in atto;Normale;Buona;Ore Diurne;1;0;0;2;12.4426;41.9167;-1;1;Motociclo a solo;In marcia / fermata / arresto;Conducente;M;Illeso;0;;Non accertato;
4365661;19;09/05/2019 13:05:00;Strada Urbana;VIALE DELLE MEDAGLIE D'ORO;in prossimità;;del civico n.;193;;Investimento di pedone;Rettilineo;Una carreggiata a doppio senso;Bagnato (pioggia);Asfaltata;Assente;Pioggia in atto;Normale;Buona;Ore Diurne;1;0;0;2;12.4426;41.9167;-1;1;Motociclo a solo;In marcia / fermata / arresto;Passeggero;M;Illeso;0;;Non accertato;
4365676;7;09/05/2019 16:10:00;Strada Urbana;VIA TOR DE' SCHIAVI;in prossimità;;del civico n.;75;;Veicolo in marcia contro veicolo in sosta;Rettilineo;Una carreggiata a doppio senso;Asciutto;Asfaltata;Orizzontale;Nuvoloso;Intenso;Buona;Ore Diurne;0;0;0;2;12.5638;41.8793;-1;1;Autovettura privata;In marcia / fermata / arresto;Conducente;M;Illeso;0;;Non accertato;Inesploso
4365676;7;09/05/2019 16:10:00;Strada Urbana;VIA TOR DE' SCHIAVI;in prossimità;;del civico n.;75;;Veicolo in marcia contro veicolo in sosta;Rettilineo;Una carreggiata a doppio senso;Asciutto;Asfaltata;Orizzontale;Nuvoloso;Intenso;Buona;Ore Diurne;0;0;0;2;12.5638;41.8793;-1;2;Autovettura privata;Sosta;Passeggero;F;Illeso;0;;Non accertato;Inesploso
4365679;12;09/05/2019 18:00:00;Strada Urbana;VIA LAURENTINA;in prossimità;;del civico n.;669;;Veicolo in marcia contro ostacolo accidentale;Rettilineo;Più di due carreggiate;Asciutto;Asfaltata;Verticale ed orizzontale;Vento forte;Normale;Buona;Ore Diurne;0;0;0;1;12.4823;41.8188;-1;1;Autovettura privata;In marcia / fermata / arresto;Conducente;M;Illeso;0;;Non accertato;Inesploso
4365710;13;09/05/2019 19:00:00;Strada Urbana;VIALE CAPITAN CONSALVO;in prossimità;;del civico n.;28;;Tamponamento;Rettilineo;Una carreggiata a doppio senso;Asciutto;Asfaltata;Verticale ed orizzontale;Sereno;Normale;Buona;Ore Diurne;1;0;0;2;12.2789;41.7328;-1;1;Autovettura privata;In marcia / fermata / arresto;Conducente;M;Illeso;0;;Non accertato;Inesploso
4365710;13;09/05/2019 19:00:00;Strada Urbana;VIALE CAPITAN CONSALVO;in prossimità;;del civico n.;28;;Tamponamento;Rettilineo;Una carreggiata a doppio senso;Asciutto;Asfaltata;Verticale ed orizzontale;Sereno;Normale;Buona;Ore Diurne;1;0;0;2;12.2789;41.7328;-1;1;Autovettura privata;In marcia / fermata / arresto;Passeggero;M;Illeso;0;;Non accertato;Inesploso
4365710;13;09/05/2019 19:00:00;Strada Urbana;VIALE CAPITAN CONSALVO;in prossimità;;del civico n.;28;;Tamponamento;Rettilineo;Una carreggiata a doppio senso;Asciutto;Asfaltata;Verticale ed orizzontale;Sereno;Normale;Buona;Ore Diurne;1;0;0;2;12.2789;41.7328;-1;2;Autovettura privata;In marcia / fermata / arresto;Conducente;M;Rimandato;0;NON DECEDUTO;Non accertato;Inesploso
4365727;9;09/05/2019 15:55:00;Strada Urbana;VIA APPIA NUOVA;all'intersezione con;VIA GENZANO;VIA GENZANO;;;Scontro laterale fra veicoli in marcia;Intersezione stradale segnalata;Due carreggiate;Asciutto;Asfaltata;Verticale ed orizzontale;Grandine in atto;Normale;Buona;Ore Diurne;1;0;0;1;12.528;41.8709;-1;1;Motociclo a solo;In marcia / fermata / arresto;Conducente;F;Illeso;0;;Non accertato;
4365727;9;09/05/2019 15:55:00;Strada Urbana;VIA APPIA NUOVA;all'intersezione con;VIA GENZANO;VIA GENZANO;;;Scontro laterale fra veicoli in marcia;Intersezione stradale segnalata;Due carreggiate;Asciutto;Asfaltata;Verticale ed orizzontale;Grandine in atto;Normale;Buona;Ore Diurne;1;0;0;1;12.528;41.8709;-1;2;Velocipede;In marcia / fermata / arresto;Conducente;M;Rimandato;0;NON DECEDUTO;Esente;
4365731;17;09/05/2019 13:45:00;Strada Urbana;VIALE DELLE MEDAGLIE D'ORO;all'intersezione con;PIAZZALE DEGLI EROI;PIAZZALE DEGLI EROI;;;Tamponamento;Intersezione stradale segnalata;Una carreggiata a doppio senso;Asciutto;Asfaltata;Verticale ed orizzontale;Sereno;Normale;Buona;Ore Diurne;0;0;0;2;12.4486;41.9095;-1;1;Motociclo a solo;In marcia / fermata / arresto;Conducente;F;Illeso;0;;;
4365731;17;09/05/2019 13:45:00;Strada Urbana;VIALE DELLE MEDAGLIE D'ORO;all'intersezione con;PIAZZALE DEGLI EROI;PIAZZALE DEGLI EROI;;;Tamponamento;Intersezione stradale segnalata;Una carreggiata a doppio senso;Asciutto;Asfaltata;Verticale ed orizzontale;Sereno;Normale;Buona;Ore Diurne;0;0;0;2;12.4486;41.9095;-1;2;Autocarro inferiore 35 q.;In marcia / fermata / arresto;Conducente;M;Illeso;0;;;
4365774;12;09/05/2019 18:30:00;Strada Urbana;VIA SEVERINO DELOGU;in corrispondenza;;del civico n.;6;;Tamponamento;Rettilineo;Una carreggiata a doppio senso;Asciutto;Asfaltata;Verticale ed orizzontale;Sole radente;Normale;Buona;Ore Diurne;1;0;0;1;12.4535;41.8156;-1;1;Autovettura privata;In marcia / fermata / arresto;Conducente;M;Illeso;0;;Utilizzato;Inesploso
4365774;12;09/05/2019 18:30:00;Strada Urbana;VIA SEVERINO DELOGU;in corrispondenza;;del civico n.;6;;Tamponamento;Rettilineo;Una carreggiata a doppio senso;Asciutto;Asfaltata;Verticale ed orizzontale;Sole radente;Normale;Buona;Ore Diurne;1;0;0;1;12.4535;41.8156;-1;2;Motociclo a solo;In marcia / fermata / arresto;Conducente;M;Ricoverato;0;NON DECEDUTO;Utilizzato;
4365779;6;09/05/2019 13:10:00;Strada Urbana;VIA POLICASTRO;in corrispondenza;;del civico n.;23;;Veicolo in marcia contro veicolo arresto;Rettilineo;Una carreggiata a doppio senso;Asciutto;Asfaltata;Assente;Nuvoloso;Scarso;Buona;Ore Diurne;0;0;0;5;12.5443;41.8826;-1;1;Autovettura privata;In marcia / fermata / arresto;Conducente;M;Illeso;0;;;
4365779;6;09/05/2019 13:10:00;Strada Urbana;VIA POLICASTRO;in corrispondenza;;del civico n.;23;;Veicolo in marcia contro veicolo arresto;Rettilineo;Una carreggiata a doppio senso;Asciutto;Asfaltata;Assente;Nuvoloso;Scarso;Buona;Ore Diurne;0;0;0;5;12.5443;41.8826;-1;1;Autovettura privata;In marcia / fermata / arresto;Passeggero;F;Illeso;0;;Non accertato;Inesploso
4365779;6;09/05/2019 13:10:00;Strada Urbana;VIA POLICASTRO;in corrispondenza;;del civico n.;23;;Veicolo in marcia contro veicolo arresto;Rettilineo;Una carreggiata a doppio senso;Asciutto;Asfaltata;Assente;Nuvoloso;Scarso;Buona;Ore Diurne;0;0;0;5;12.5443;41.8826;-1;2;Autovettura privata;In marcia / fermata / arresto;Conducente;M;Illeso;0;;;Inesploso
4365779;6;09/05/2019 13:10:00;Strada Urbana;VIA POLICASTRO;in corrispondenza;;del civico n.;23;;Veicolo in marcia contro veicolo arresto;Rettilineo;Una carreggiata a doppio senso;Asciutto;Asfaltata;Assente;Nuvoloso;Scarso;Buona;Ore Diurne;0;0;0;5;12.5443;41.8826;-1;2;Autovettura privata;In marcia / fermata / arresto;Passeggero;F;Illeso;0;;;
4365779;6;09/05/2019 13:10:00;Strada Urbana;VIA POLICASTRO;in corrispondenza;;del civico n.;23;;Veicolo in marcia contro veicolo arresto;Rettilineo;Una carreggiata a doppio senso;Asciutto;Asfaltata;Assente;Nuvoloso;Scarso;Buona;Ore Diurne;0;0;0;5;12.5443;41.8826;-1;2;Autovettura privata;In marcia / fermata / arresto;Passeggero;M;Illeso;0;;;