Protocollo;Gruppo;DataOraIncidente;Localizzazione1;STRADA1;Localizzazione2;STRADA2;Strada02;Chilometrica;DaSpecificare;NaturaIncidente;particolaritastrade;TipoStrada;FondoStradale;Pavimentazione;Segnaletica;CondizioneAtmosferica;Traffico;Visibilita;Illuminazione;NUM_FERITI;NUM_RISERVATA;NUM_MORTI;NUM_ILLESI;Longitudine;Latitudine;Confermato;Progressivo;TipoVeicolo;StatoVeicolo;TipoPersona;Sesso;Tipolesione;Deceduto;DecedutoDopo;CinturaCascoUtilizzato;Airbag;
4366261;4;09/05/2019 17:15:00;Strada Urbana;VIA DEI PRATI FISCALI;da specificare;;;;Fronte Via Val di Sangro;Investimento di pedone;Rettilineo;Due carreggiate;Asciutto;Asfaltata;Verticale ed orizzontale;Sereno;Normale;Buona;Ore Diurne;1;0;0;1;12.5165;41.9461;-1;;;;Pedone;F;Rimandato;0;NON DECEDUTO;;
4366261;4;09/05/2019 17:15:00;Strada Urbana;VIA DEI PRATI FISCALI;da specificare;;;;Fronte Via Val di Sangro;Investimento di pedone;Rettilineo;Due carreggiate;Asciutto;Asfaltata;Verticale ed orizzontale;Sereno;Normale;Buona;Ore Diurne;1;0;0;1;12.5165;41.9461;-1;1;Autovettura privata;In marcia / fermata / arresto;Conducente;M;Illeso;0;;Non accertato;Inesploso
4366273;8;09/05/2019 11:30:00;;VIA DI TOR BELLA MONACA;da specificare;;;;in prossimità di via Quaglia;Scontro laterale fra veicoli in marcia;;;;;;;;;;1;0;0;0;12.6281;41.8764;0;1;Autovettura privata;In marcia / fermata / arresto;Conducente;M;Rifiuta cure immediate;0;NON DECEDUTO;;
4366273;8;09/05/2019 11:30:00;;VIA DI TOR BELLA MONACA;da specificare;;;;in prossimità di via Quaglia;Scontro laterale fra veicoli in marcia;;;;;;;;;;1;0;0;0;12.6281;41.8764;0;2;Autovettura privata;In marcia / fermata / arresto;;;;;;;
4366277;10;09/05/2019 17:45:00;Strada Urbana;VIA DI CASAL MORENA;in corrispondenza;;del civico n.;23;;Tamponamento;Curva a visuale libera;Una carreggiata a doppio senso;Asciutto;Asfaltata;Orizzontale;Sereno;Normale;Buona;Ore Diurne;0;0;0;3;12.6174;41.8288;-1;1;Autovettura privata;In marcia / fermata / arresto;Conducente;M;Illeso;0;;Non accertato;Inesploso
4366277;10;09/05/2019 17:45:00;Strada Urbana;VIA DI CASAL MORENA;in corrispondenza;;del civico n.;23;;Tamponamento;Curva a visuale libera;Una carreggiata a doppio senso;Asciutto;Asfaltata;Orizzontale;Sereno;Normale;Buona;Ore Diurne;0;0;0;3;12.6174;41.8288;-1;1;Autovettura privata;In marcia / fermata / arresto;Passeggero;F;Illeso;0;;Non accertato;Inesploso
4366277;10;09/05/2019 17:45:00;Strada Urbana;VIA DI CASAL MORENA;in corrispondenza;;del civico n.;23;;Tamponamento;Curva a visuale libera;Una carreggiata a doppio senso;Asciutto;Asfaltata;Orizzontale;Sereno;Normale;Buona;Ore Diurne;0;0;0;3;12.6174;41.8288;-1;2;Autovettura privata;In marcia / fermata / arresto;Conducente;M;Illeso;0;;Non accertato;Inesploso
4366287;13;10/05/2019 07:45:00;Strada Urbana;VIA DI ACILIA;all'intersezione con;VIA ANTONIO DA GAETA;VIA ANTONIO DA GAETA;;;Scontro frontale/laterale DX fra veicoli in marcia;Incrocio;Una carreggiata a doppio senso;Asciutto;Asfaltata;Verticale ed orizzontale;Nuvoloso;Intenso;Buona;Ore Diurne;0;0;0;3;12.3693;41.7766;-1;1;Autovettura privata;In marcia / fermata / arresto;Conducente;F;Illeso;0;;Non accertato;Inesploso
4366287;13;10/05/2019 07:45:00;Strada Urbana;VIA DI ACILIA;all'intersezione con;VIA ANTONIO DA GAETA;VIA ANTONIO DA GAETA;;;Scontro frontale/laterale DX fra veicoli in marcia;Incrocio;Una carreggiata a doppio senso;Asciutto;Asfaltata;Verticale ed orizzontale;Nuvoloso;Intenso;Buona;Ore Diurne;0;0;0;3;12.3693;41.7766;-1;2;Veicolo speciale;In marcia / fermata / arresto;Conducente;M;Illeso;0;;Non accertato;Inesploso
4366287;13;10/05/2019 07:45:00;Strada Urbana;VIA DI ACILIA;all'intersezione con;VIA ANTONIO DA GAETA;VIA ANTONIO DA GAETA;;;Scontro frontale/laterale DX fra veicoli in marcia;Incrocio;Una carreggiata a doppio senso;Asciutto;Asfaltata;Verticale ed orizzontale;Nuvoloso;Intenso;Buona;Ore Diurne;0;0;0;3;12.3693;41.7766;-1;2;Veicolo speciale;In marcia / fermata / arresto;Passeggero;M;Illeso;0;;Non accertato;Inesploso
4366293;8;09/05/2019 05:45:00;Strada Urbana;VIA DELL' OSTERIA DEL FINOCCHIO;in corrispondenza;;del civico n.;56;;Veicolo in marcia contro ostacolo fisso;Rettilineo;Una carreggiata a doppio senso;Asciutto;Asfaltata;Verticale;Nuvoloso;Normale;Sufficiente;Sufficiente;0;0;0;1;12.6829;41.861;-1;1;Autovettura privata;In marcia / fermata / arresto;Conducente;M;Illeso;0;;Non accertato;Inesploso
4366296;13;09/05/2019 12:10:00;Strada Urbana;VIALE DEI ROMAGNOLI;da specificare;;;;altezza cineland;Tamponamento;Rettilineo;Una carreggiata a senso unico di marcia;Bagnato (pioggia);Asfaltata;Verticale ed orizzontale;Nuvoloso;Normale;Buona;Ore Diurne;0;0;0;2;12.3575;41.7832;-1;1;Autovettura privata;In marcia / fermata / arresto;Conducente;M;Illeso;0;;Non accertato;Inesploso
4366296;13;09/05/2019 12:10:00;Strada Urbana;VIALE DEI ROMAGNOLI;da specificare;;;;altezza cineland;Tamponamento;Rettilineo;Una carreggiata a senso unico di marcia;Bagnato (pioggia);Asfaltata;Verticale ed orizzontale;Nuvoloso;Normale;Buona;Ore Diurne;0;0;0;2;12.3575;41.7832;-1;2;Autovettura privata;In marcia / fermata / arresto;Conducente;M;Illeso;0;;Non accertato;Inesploso
4366300;8;09/05/2019 11:30:00;;VIA CASILINA;all'intersezione con;VIA ERNESTO BREDA;VIA ERNESTO BREDA;;;Veicolo in marcia contro ostacolo accidentale;;;;;;;;;;0;0;0;1;9.644;45.397;0;1;Motociclo a solo;In marcia / fermata / arresto;Conducente;M;Illeso;0;;;
4366303;10;09/05/2019 14:05:00;Strada Urbana;VIA DEI SETTE METRI;da specificare;;;;ALL'INTERSEZIONE CON VIA CASAL AGOSTINELLI;Tamponamento;Rettilineo;Una carreggiata a doppio senso;Asciutto;Asfaltata;Orizzontale;Nuvoloso;Normale;Buona;Ore Diurne;0;0;0;6;12.6045;41.8131;-1;1;Autovettura privata;In marcia / fermata / arresto;Conducente;M;Illeso;0;;Non accertato;Inesploso
4366303;10;09/05/2019 14:05:00;Strada Urbana;VIA DEI SETTE METRI;da specificare;;;;ALL'INTERSEZIONE CON VIA CASAL AGOSTINELLI;Tamponamento;Rettilineo;Una carreggiata a doppio senso;Asciutto;Asfaltata;Orizzontale;Nuvoloso;Normale;Buona;Ore Diurne;0;0;0;6;12.6045;41.8131;-1;1;Autovettura privata;In marcia / fermata / arresto;Passeggero;M;Illeso;0;;Non accertato;Inesploso
4366303;10;09/05/2019 14:05:00;Strada Urbana;VIA DEI SETTE METRI;da specificare;;;;ALL'INTERSEZIONE CON VIA CASAL AGOSTINELLI;Tamponamento;Rettilineo;Una carreggiata a doppio senso;Asciutto;Asfaltata;Orizzontale;Nuvoloso;Normale;Buona;Ore Diurne;0;0;0;6;12.6045;41.8131;-1;1;Autovettura privata;In marcia / fermata / arresto;Passeggero;F;Illeso;0;;Non accertato;Inesploso
4366303;10;09/05/2019 14:05:00;Strada Urbana;VIA DEI SETTE METRI;da specificare;;;;ALL'INTERSEZIONE CON VIA CASAL AGOSTINELLI;Tamponamento;Rettilineo;Una carreggiata a doppio senso;Asciutto;Asfaltata;Orizzontale;Nuvoloso;Normale;Buona;Ore Diurne;0;0;0;6;12.6045;41.8131;-1;2;Autovettura privata;In marcia / fermata / arresto;Conducente;M;Illeso;0;;Non accertato;Inesploso
4366303;10;09/05/2019 14:05:00;Strada Urbana;VIA DEI SETTE METRI;da specificare;;;;ALL'INTERSEZIONE CON VIA CASAL AGOSTINELLI;Tamponamento;Rettilineo;Una carreggiata a doppio senso;Asciutto;Asfaltata;Orizzontale;Nuvoloso;Normale;Buona;Ore Diurne;0;0;0;6;12.6045;41.8131;-1;2;Autovettura privata;In marcia / fermata / arresto;Passeggero;F;Illeso;0;;Non accertato;Inesploso
4366303;10;09/05/2019 14:05:00;Strada Urbana;VIA DEI SETTE METRI;da specificare;;;;ALL'INTERSEZIONE CON VIA CASAL AGOSTINELLI;Tamponamento;Rettilineo;Una carreggiata a doppio senso;Asciutto;Asfaltata;Orizzontale;Nuvoloso;Normale;Buona;Ore Diurne;0;0;0;6;12.6045;41.8131;-1;2;Autovettura privata;In marcia / fermata / arresto;Passeggero;F;Illeso;0;;Non accertato;Inesploso
4366306;8;09/05/2019 13:00:00;Strada Urbana;VIA MANDANICI;all'intersezione con;VIA DI ROCCA CENCIA;VIA DI ROCCA CENCIA;;;Scontro laterale fra veicoli in marcia;Incrocio;Una carreggiata a doppio senso;Asciutto;Asfaltata;Verticale ed orizzontale;Nuvoloso;Normale;Buona;Ore Diurne;0;0;0;2;12.683;41.8685;-1;1;Autovettura privata;In marcia / fermata / arresto;Conducente;M;Illeso;0;;Non accertato;Inesploso
4366306;8;09/05/2019 13:00:00;Strada Urbana;VIA MANDANICI;all'intersezione con;VIA DI ROCCA CENCIA;VIA DI ROCCA CENCIA;;;Scontro laterale fra veicoli in marcia;Incrocio;Una carreggiata a doppio senso;Asciutto;Asfaltata;Verticale ed orizzontale;Nuvoloso;Normale;Buona;Ore Diurne;0;0;0;2;12.683;41.8685;-1;2;Autovettura privata;In marcia / fermata / arresto;Conducente;M;Illeso;0;;Non accertato;Inesploso
4366309;8;09/05/2019 12:00:00;Provinciale;VIA POLENSE;all'intersezione con;VIA TIVOLESE;VIA TIVOLESE;;;Scontro laterale fra veicoli in marcia;Intersezione non regolata/non segnalata;Una carreggiata a doppio senso;Asciutto;Asfaltata;Verticale ed orizzontale;Sereno;Normale;Buona;Ore Diurne;0;0;0;2;12.7077;41.9017;-1;1;Autocarro inferiore 35 q.;In marcia / fermata / arresto;Conducente;M;Illeso;0;;;
4366309;8;09/05/2019 12:00:00;Provinciale;VIA POLENSE;all'intersezione con;VIA TIVOLESE;VIA TIVOLESE;;;Scontro laterale fra veicoli in marcia;Intersezione non regolata/non segnalata;Una carreggiata a doppio senso;Asciutto;Asfaltata;Verticale ed orizzontale;Sereno;Normale;Buona;Ore Diurne;0;0;0;2;12.7077;41.9017;-1;2;Autovettura privata;In marcia / fermata / arresto;Conducente;M;Illeso;0;;;
4366311;8;09/05/2019 14:00:00;Strada Urbana;VIALE DEI ROMANISTI;da specificare;;;;all'altezza del civico 186;Veicolo in marcia contro ostacolo accidentale;Rettilineo;Una carreggiata a senso unico di marcia;Asciutto;Con buche;Verticale ed orizzontale;Sereno;Normale;Buona;Ore Diurne;0;0;0;1;12.5774;41.8675;-1;1;Autovettura privata;In marcia / fermata / arresto;Conducente;M;Illeso;0;;Non accertato;Inesploso
4366314;10;09/05/2019 15:50:00;Strada Urbana;VIA GUIDO ZANOBINI;in corrispondenza;;del civico n.;57;;Scontro frontale/laterale SX fra veicoli in marcia;Rettilineo;Una carreggiata a senso unico di marcia;Asciutto;Asfaltata;Verticale ed orizzontale;Sereno;Normale;Buona;Ore Diurne;0;0;0;2;12.5699;41.8577;-1;1;Autovettura privata;In marcia / fermata / arresto;Conducente;M;Illeso;0;;Non accertato;Inesploso
4366314;10;09/05/2019 15:50:00;Strada Urbana;VIA GUIDO ZANOBINI;in corrispondenza;;del civico n.;57;;Scontro frontale/laterale SX fra veicoli in marcia;Rettilineo;Una carreggiata a senso unico di marcia;Asciutto;Asfaltata;Verticale ed orizzontale;Sereno;Normale;Buona;Ore Diurne;0;0;0;2;12.5699;41.8577;-1;2;Autovettura privata;In marcia / fermata / arresto;Conducente;F;Illeso;0;;Non accertato;Inesploso
4366321;8;09/05/2019 17:30:00;Strada Urbana;VIA CASILINA;da specificare;;;;c. 1890 ang. Via Casale Finocchio area parcheggio ;Investimento di pedone;Rettilineo;Una carreggiata a doppio senso;Asciutto;Asfaltata;Assente;Sereno;Scarso;Buona;Ore Diurne;1;0;0;1;9.644;45.397;-1;;;;Pedone;F;Ricoverato;0;NON DECEDUTO;;
4366321;8;09/05/2019 17:30:00;Strada Urbana;VIA CASILINA;da specificare;;;;c. 1890 ang. Via Casale Finocchio area parcheggio ;Investimento di pedone;Rettilineo;Una carreggiata a doppio senso;Asciutto;Asfaltata;Assente;Sereno;Scarso;Buona;Ore Diurne;1;0;0;1;9.644;45.397;-1;1;Autocarro inferiore 35 q.;In marcia / fermata / arresto;Conducente;M;Illeso;0;;Non accertato;
4366327;8;09/05/2019 21:45:00;Strada Urbana;VIA DI TOR BELLA MONACA;all'intersezione semaforizzata con;VIALE PAOLO FERDINANDO QUAGLIA;VIALE PAOLO FERDINANDO QUAGLIA;;;Scontro laterale fra veicoli in marcia;Incrocio;Una carreggiata a senso unico di marcia;Asciutto;Asfaltata;Verticale ed orizzontale;Sereno;Normale;Sufficiente;Sufficiente;1;0;0;1;12.6346;41.8696;-1;1;Autovettura privata;In marcia / fermata / arresto;Conducente;M;Illeso;0;;Non accertato;Inesploso
4366327;8;09/05/2019 21:45:00;Strada Urbana;VIA DI TOR BELLA MONACA;all'intersezione semaforizzata con;VIALE PAOLO FERDINANDO QUAGLIA;VIALE PAOLO FERDINANDO QUAGLIA;;;Scontro laterale fra veicoli in marcia;Incrocio;Una carreggiata a senso unico di marcia;Asciutto;Asfaltata;Verticale ed orizzontale;Sereno;Normale;Sufficiente;Sufficiente;1;0;0;1;12.6346;41.8696;-1;2;Autovettura privata;In marcia / fermata / arresto;Conducente;M;Rifiuta cure immediate;0;NON DECEDUTO;Non accertato;Inesploso
4366329;18;09/05/2019 19:50:00;Strada Urbana;CIRCONVALLAZIONE AURELIA;in prossimità;;del civico n.;62;;Scontro laterale fra veicoli in marcia;Rettilineo;Più di due carreggiate;Asciutto;Asfaltata;Verticale ed orizzontale;Sereno;Intenso;Sufficiente;Sufficiente;2;0;0;2;12.4282;41.8968;-1;1;Autovettura privata;In marcia / fermata / arresto;Conducente;M;Illeso;0;;;
4366329;18;09/05/2019 19:50:00;Strada Urbana;CIRCONVALLAZIONE AURELIA;in prossimità;;del civico n.;62;;Scontro laterale fra veicoli in marcia;Rettilineo;Più di due carreggiate;Asciutto;Asfaltata;Verticale ed orizzontale;Sereno;Intenso;Sufficiente;Sufficiente;2;0;0;2;12.4282;41.8968;-1;1;Autovettura privata;In marcia / fermata / arresto;Passeggero;F;Rifiuta cure immediate;0;NON DECEDUTO;;
4366329;18;09/05/2019 19:50:00;Strada Urbana;CIRCONVALLAZIONE AURELIA;in prossimità;;del civico n.;62;;Scontro laterale fra veicoli in marcia;Rettilineo;Più di due carreggiate;Asciutto;Asfaltata;Verticale ed orizzontale;Sereno;Intenso;Sufficiente;Sufficiente;2;0;0;2;12.4282;41.8968;-1;1;Autovettura privata;In marcia / fermata / arresto;Passeggero;M;Rifiuta cure immediate;0;NON DECEDUTO;;
4366329;18;09/05/2019 19:50:00;Strada Urbana;CIRCONVALLAZIONE AURELIA;in prossimità;;del civico n.;62;;Scontro laterale fra veicoli in marcia;Rettilineo;Più di due carreggiate;Asciutto;Asfaltata;Verticale ed orizzontale;Sereno;Intenso;Sufficiente;Sufficiente;2;0;0;2;12.4282;41.8968;-1;2;Autobus di linea;In marcia / fermata / arresto;Conducente;M;Illeso;0;;;
4366330;17;10/05/2019 01:00:00;Strada Urbana;PIAZZALE DEGLI EROI;all'intersezione semaforizzata con;CIRCONVALLAZIONE TRIONFALE;CIRCONVALLAZIONE TRIONFALE;;;Veicolo in marcia contro ostacolo fisso;Intersezione semaforizzata;Due carreggiate;Asciutto;Asfaltata;Verticale ed orizzontale;Sereno;Scarso;Buona;Sufficiente;0;0;0;2;12.4485;41.9091;-1;1;Autocarro inferiore 35 q.;In marcia / fermata / arresto;Conducente;M;Illeso;0;;;
4366330;17;10/05/2019 01:00:00;Strada Urbana;PIAZZALE DEGLI EROI;all'intersezione semaforizzata con;CIRCONVALLAZIONE TRIONFALE;CIRCONVALLAZIONE TRIONFALE;;;Veicolo in marcia contro ostacolo fisso;Intersezione semaforizzata;Due carreggiate;Asciutto;Asfaltata;Verticale ed orizzontale;Sereno;Scarso;Buona;Sufficiente;0;0;0;2;12.4485;41.9091;-1;1;Autocarro inferiore 35 q.;In marcia / fermata / arresto;Passeggero;M;Illeso;0;;;
4366349;18;09/05/2019 19:35:00;Strada Urbana;VIA AURELIA;all'intersezione semaforizzata con;VIA NICOLA LOMBARDI;VIA NICOLA LOMBARDI;;;Investimento di pedone;Intersezione semaforizzata;Una carreggiata a doppio senso;Asciutto;Asfaltata;Verticale ed orizzontale;Sereno;Normale;Buona;Ore Diurne;1;0;0;1;12.4181;41.8953;-1;;;;Pedone;F;Rimandato;0;NON DECEDUTO;;
4366349;18;09/05/2019 19:35:00;Strada Urbana;VIA AURELIA;all'intersezione semaforizzata con;VIA NICOLA LOMBARDI;VIA NICOLA LOMBARDI;;;Investimento di pedone;Intersezione semaforizzata;Una carreggiata a doppio senso;Asciutto;Asfaltata;Verticale ed orizzontale;Sereno;Normale;Buona;Ore Diurne;1;0;0;1;12.4181;41.8953;-1;1;Autocarro inferiore 35 q.;In marcia / fermata / arresto;Conducente;M;Illeso;0;;;
4366369;8;09/05/2019 17:00:00;Strada Urbana;VIA POLENSE;all'intersezione con;VIA ARISCHIA;VIA ARISCHIA;;;Tamponamento Multiplo;Incrocio;Una carreggiata a doppio senso;Asciutto;Asfaltata;Verticale ed orizzontale;Sereno;Normale;Buona;Ore Diurne;4;0;0;1;12.7077;41.9017;-1;1;Autocarro inferiore 35 q.;In marcia / fermata / arresto;Conducente;M;Illeso;0;;Non accertato;Inesploso
4366369;8;09/05/2019 17:00:00;Strada Urbana;VIA POLENSE;all'intersezione con;VIA ARISCHIA;VIA ARISCHIA;;;Tamponamento Multiplo;Incrocio;Una carreggiata a doppio senso;Asciutto;Asfaltata;Verticale ed orizzontale;Sereno;Normale;Buona;Ore Diurne;4;0;0;1;12.7077;41.9017;-1;2;Autovettura privata;In marcia / fermata / arresto;Conducente;F;Rimandato;0;NON DECEDUTO;Non accertato;Esploso
4366369;8;09/05/2019 17:00:00;Strada Urbana;VIA POLENSE;all'intersezione con;VIA ARISCHIA;VIA ARISCHIA;;;Tamponamento Multiplo;Incrocio;Una carreggiata a doppio senso;Asciutto;Asfaltata;Verticale ed orizzontale;Sereno;Normale;Buona;Ore Diurne;4;0;0;1;12.7077;41.9017;-1;2;Autovettura privata;In marcia / fermata / arresto;Passeggero;M;Rimandato;0;NON DECEDUTO;Non accertato;Esploso
4366369;8;09/05/2019 17:00:00;Strada Urbana;VIA POLENSE;all'intersezione con;VIA ARISCHIA;VIA ARISCHIA;;;Tamponamento Multiplo;Incrocio;Una carreggiata a doppio senso;Asciutto;Asfaltata;Verticale ed orizzontale;Sereno;Normale;Buona;Ore Diurne;4;0;0;1;12.7077;41.9017;-1;3;Autovettura privata;In marcia / fermata / arresto;Conducente;M;Rifiuta cure immediate;0;NON DECEDUTO;Non accertato;Inesploso
4366369;8;09/05/2019 17:00:00;Strada Urbana;VIA POLENSE;all'intersezione con;VIA ARISCHIA;VIA ARISCHIA;;;Tamponamento Multiplo;Incrocio;Una carreggiata a doppio senso;Asciutto;Asfaltata;Verticale ed orizzontale;Sereno;Normale;Buona;Ore Diurne;4;0;0;1;12.7077;41.9017;-1;3;Autovettura privata;In marcia / fermata / arresto;Passeggero;F;Rifiuta cure immediate;0;NON DECEDUTO;Non accertato;Inesploso
4366370;6;10/05/2019 04:30:00;Strada Urbana;VIA NOMENTANA;in prossimità;;del civico n.;322;;Veicolo in marcia contro veicolo in sosta;Rettilineo;Una carreggiata a senso unico di marcia;Asciutto;Asfaltata;Assente;Sereno;Scarso;Sufficiente;Sufficiente;2;0;0;1;12.5276;41.9313;-1;1;Motociclo con passeggero;In marcia / fermata / arresto;Conducente;M;Illeso;0;;;
4366370;6;10/05/2019 04:30:00;Strada Urbana;VIA NOMENTANA;in prossimità;;del civico n.;322;;Veicolo in marcia contro veicolo in sosta;Rettilineo;Una carreggiata a senso unico di marcia;Asciutto;Asfaltata;Assente;Sereno;Scarso;Sufficiente;Sufficiente;2;0;0;1;12.5276;41.9313;-1;1;Motociclo con passeggero;In marcia / fermata / arresto;Passeggero;F;Rimandato;0;NON DECEDUTO;;
4366370;6;10/05/2019 04:30:00;Strada Urbana;VIA NOMENTANA;in prossimità;;del civico n.;322;;Veicolo in marcia contro veicolo in sosta;Rettilineo;Una carreggiata a senso unico di marcia;Asciutto;Asfaltata;Assente;Sereno;Scarso;Sufficiente;Sufficiente;2;0;0;1;12.5276;41.9313;-1;2;Autovettura privata;Sosta;;;;;;;
4366391;18;09/05/2019 19:40:00;Strada Urbana;VIA DI BOCCEA;in prossimità;;del civico n.;474;;Tamponamento;Rettilineo;Due carreggiate;Asciutto;Asfaltata;Orizzontale;Sereno;Normale;Buona;Ore Diurne;1;0;0;1;12.4007;41.9099;-1;1;Autovettura privata;In marcia / fermata / arresto;Conducente;F;Rimandato;0;NON DECEDUTO;;
4366391;18;09/05/2019 19:40:00;Strada Urbana;VIA DI BOCCEA;in prossimità;;del civico n.;474;;Tamponamento;Rettilineo;Due carreggiate;Asciutto;Asfaltata;Orizzontale;Sereno;Normale;Buona;Ore Diurne;1;0;0;1;12.4007;41.9099;-1;2;Autovettura privata;In marcia / fermata / arresto;Conducente;M;Illeso;0;;;
4366407;17;09/05/2019 23:20:00;Strada Urbana;VIA LEONE IV;all'intersezione semaforizzata con;VIALE GIULIO CESARE;VIALE GIULIO CESARE;;;Scontro laterale fra veicoli in marcia;Intersezione semaforizzata;Una carreggiata a doppio senso;Asciutto;Asfaltata;Verticale ed orizzontale;Sereno;Scarso;Buona;Sufficiente;0;0;0;3;12.4553;41.9087;-1;1;Autovettura privata;In marcia / fermata / arresto;Conducente;F;Illeso;0;;;
4366407;17;09/05/2019 23:20:00;Strada Urbana;VIA LEONE IV;all'intersezione semaforizzata con;VIALE GIULIO CESARE;VIALE GIULIO CESARE;;;Scontro laterale fra veicoli in marcia;Intersezione semaforizzata;Una carreggiata a doppio senso;Asciutto;Asfaltata;Verticale ed orizzontale;Sereno;Scarso;Buona;Sufficiente;0;0;0;3;12.4553;41.9087;-1;2;Autovettura privata;In marcia / fermata / arresto;Conducente;M;Illeso;0;;;
4366407;17;09/05/2019 23:20:00;Strada Urbana;VIA LEONE IV;all'intersezione semaforizzata con;VIALE GIULIO CESARE;VIALE GIULIO CESARE;;;Scontro laterale fra veicoli in marcia;Intersezione semaforizzata;Una carreggiata a doppio senso;Asciutto;Asfaltata;Verticale ed orizzontale;Sereno;Scarso;Buona;Sufficiente;0;0;0;3;12.4553;41.9087;-1;2;Autovettura privata;In marcia / fermata / arresto;Passeggero;F;Illeso;0;;;
4366426;18;09/05/2019 21:45:00;Strada Urbana;VIA DI BOCCEA;in prossimità;;del civico n.;319;;Tamponamento;Rettilineo;Una carreggiata a doppio senso;Asciutto;Asfaltata;Verticale ed orizzontale;Sereno;Scarso;Buona;Sufficiente;1;0;0;1;12.4118;41.9029;-1;1;Motociclo a solo;In marcia / fermata / arresto;Conducente;M;Illeso;0;;;
4366426;18;09/05/2019 21:45:00;Strada Urbana;VIA DI BOCCEA;in prossimità;;del civico n.;319;;Tamponamento;Rettilineo;Una carreggiata a doppio senso;Asciutto;Asfaltata;Verticale ed orizzontale;Sereno;Scarso;Buona;Sufficiente;1;0;0;1;12.4118;41.9029;-1;2;Motociclo a solo;In marcia / fermata / arresto;Conducente;F;Rifiuta cure immediate;0;NON DECEDUTO;;
4366461;8;09/05/2019 21:30:00;Strada Urbana;VIA FRANCESCO BIANCHI;in corrispondenza;;del civico n.;12;;Veicolo in marcia contro veicoli in sosta;Rettilineo;Una carreggiata a senso unico di marcia;Asciutto;Asfaltata;Assente;Sereno;Scarso;Sufficiente;Sufficiente;0;0;0;0;12.6118;41.8607;-1;1;Autovettura privata;Sosta;;;;;;;
4366461;8;09/05/2019 21:30:00;Strada Urbana;VIA FRANCESCO BIANCHI;in corrispondenza;;del civico n.;12;;Veicolo in marcia contro veicoli in sosta;Rettilineo;Una carreggiata a senso unico di marcia;Asciutto;Asfaltata;Assente;Sereno;Scarso;Sufficiente;Sufficiente;0;0;0;0;12.6118;41.8607;-1;2;Autovettura privata;In marcia / fermata / arresto;;;;;;;
4366461;8;09/05/2019 21:30:00;Strada Urbana;VIA FRANCESCO BIANCHI;in corrispondenza;;del civico n.;12;;Veicolo in marcia contro veicoli in sosta;Rettilineo;Una carreggiata a senso unico di marcia;Asciutto;Asfaltata;Assente;Sereno;Scarso;Sufficiente;Sufficiente;0;0;0;0;12.6118;41.8607;-1;3;Autovettura privata;Sosta;;;;;;;
4366488;5;09/05/2019 07:40:00;Strada Urbana;VIALE DELLA SERENISSIMA;da specificare;;;;prossimità ponte F.S. direzione Tiburtina;Tamponamento Multiplo;Rettilineo;Due carreggiate;Asciutto;Asfaltata;Verticale ed orizzontale;Nuvoloso;Intenso;Buona;Ore Diurne;0;0;0;3;12.558;41.8998;-1;1;Autovettura privata;In marcia / fermata / arresto;Conducente;M;Illeso;0;;Non accertato;Inesploso
4366488;5;09/05/2019 07:40:00;Strada Urbana;VIALE DELLA SERENISSIMA;da specificare;;;;prossimità ponte F.S. direzione Tiburtina;Tamponamento Multiplo;Rettilineo;Due carreggiate;Asciutto;Asfaltata;Verticale ed orizzontale;Nuvoloso;Intenso;Buona;Ore Diurne;0;0;0;3;12.558;41.8998;-1;2;Autovettura privata;In marcia / fermata / arresto;Conducente;M;Illeso;0;;Non accertato;Inesploso
4366488;5;09/05/2019 07:40:00;Strada Urbana;VIALE DELLA SERENISSIMA;da specificare;;;;prossimità ponte F.S. direzione Tiburtina;Tamponamento Multiplo;Rettilineo;Due carreggiate;Asciutto;Asfaltata;Verticale ed orizzontale;Nuvoloso;Intenso;Buona;Ore Diurne;0;0;0;3;12.558;41.8998;-1;3;Autovettura privata;In marcia / fermata / arresto;Conducente;F;Illeso;0;;Non accertato;Inesploso
4366506;5;09/05/2019 12:20:00;Strada Urbana;VIA DELL'ALABASTRO;all'intersezione con;VIA POMONA;VIA POMONA;;;Investimento di pedone;Incrocio;Una carreggiata a senso unico di marcia;Asciutto;Asfaltata;Verticale ed orizzontale;Nuvoloso;Scarso;Buona;Ore Diurne;2;0;0;1;12.5538;41.9168;-1;;;;Pedone;M;Rimandato;0;NON DECEDUTO;;
4366506;5;09/05/2019 12:20:00;Strada Urbana;VIA DELL'ALABASTRO;all'intersezione con;VIA POMONA;VIA POMONA;;;Investimento di pedone;Incrocio;Una carreggiata a senso unico di marcia;Asciutto;Asfaltata;Verticale ed orizzontale;Nuvoloso;Scarso;Buona;Ore Diurne;2;0;0;1;12.5538;41.9168;-1;1;Motociclo con passeggero;In marcia / fermata / arresto;Conducente;M;Illeso;0;;Non accertato;
4366506;5;09/05/2019 12:20:00;Strada Urbana;VIA DELL'ALABASTRO;all'intersezione con;VIA POMONA;VIA POMONA;;;Investimento di pedone;Incrocio;Una carreggiata a senso unico di marcia;Asciutto;Asfaltata;Verticale ed orizzontale;Nuvoloso;Scarso;Buona;Ore Diurne;2;0;0;1;12.5538;41.9168;-1;1;Motociclo con passeggero;In marcia / fermata / arresto;Passeggero;M;Rimandato;0;NON DECEDUTO;Non accertato;
4366521;2;08/05/2019 12:00:00;Strada Urbana;VIA ETTORE PETROLINI;in prossimità;;del civico n.;5;;Veicolo in marcia contro veicolo in sosta;Rettilineo;Una carreggiata a senso unico di marcia;Asciutto;Asfaltata;Verticale ed orizzontale;Sereno;Normale;Buona;Ore Diurne;0;0;0;1;12.4926;41.9305;-1;1;Autobus urbano;In marcia / fermata / arresto;Conducente;M;Illeso;0;;Non accertato;Inesistente