Protocollo;Gruppo;DataOraIncidente;Localizzazione1;STRADA1;Localizzazione2;STRADA2;Strada02;Chilometrica;DaSpecificare;NaturaIncidente;particolaritastrade;TipoStrada;FondoStradale;Pavimentazione;Segnaletica;CondizioneAtmosferica;Traffico;Visibilita;Illuminazione;NUM_FERITI;NUM_RISERVATA;NUM_MORTI;NUM_ILLESI;Longitudine;Latitudine;Confermato;Progressivo;TipoVeicolo;StatoVeicolo;TipoPersona;Sesso;Tipolesione;Deceduto;DecedutoDopo;CinturaCascoUtilizzato;Airbag;
4366856;6;10/05/2019 10:25:00;Strada Urbana;VIA GUGLIELMO ALBIMONTE;all'intersezione con;VIA AMICO DA VENAFRO;VIA AMICO DA VENAFRO;;;Scontro frontale/laterale SX fra veicoli in marcia;Incrocio;Una carreggiata a senso unico di marcia;Asciutto;Asfaltata;Verticale ed orizzontale;Sereno;Normale;Buona;Ore Diurne;2;0;0;3;12.533;41.8912;-1;1;Autovettura privata;In marcia / fermata / arresto;Passeggero;M;Rimandato;0;NON DECEDUTO;Non utilizzato;Inesploso
4366856;6;10/05/2019 10:25:00;Strada Urbana;VIA GUGLIELMO ALBIMONTE;all'intersezione con;VIA AMICO DA VENAFRO;VIA AMICO DA VENAFRO;;;Scontro frontale/laterale SX fra veicoli in marcia;Incrocio;Una carreggiata a senso unico di marcia;Asciutto;Asfaltata;Verticale ed orizzontale;Sereno;Normale;Buona;Ore Diurne;2;0;0;3;12.533;41.8912;-1;2;Autovettura privata;In marcia / fermata / arresto;Conducente;F;Illeso;0;;Non accertato;Inesploso
4366857;1;10/05/2019 00:20:00;Strada Urbana;VIA GIUNIO BAZZONI;in prossimità;;del civico n.;5;;Veicolo in marcia contro veicoli in sosta;Rettilineo;Una carreggiata a senso unico di marcia;Asciutto;Asfaltata;Verticale ed orizzontale;Sereno;Scarso;Sufficiente;Sufficiente;0;0;0;2;12.459;41.914;-1;1;Autovettura privata;In marcia / fermata / arresto;Conducente;M;Illeso;0;;Non accertato;Esploso
4366857;1;10/05/2019 00:20:00;Strada Urbana;VIA GIUNIO BAZZONI;in prossimità;;del civico n.;5;;Veicolo in marcia contro veicoli in sosta;Rettilineo;Una carreggiata a senso unico di marcia;Asciutto;Asfaltata;Verticale ed orizzontale;Sereno;Scarso;Sufficiente;Sufficiente;0;0;0;2;12.459;41.914;-1;1;Autovettura privata;In marcia / fermata / arresto;Passeggero;M;Illeso;0;;Non accertato;Esploso
4366857;1;10/05/2019 00:20:00;Strada Urbana;VIA GIUNIO BAZZONI;in prossimità;;del civico n.;5;;Veicolo in marcia contro veicoli in sosta;Rettilineo;Una carreggiata a senso unico di marcia;Asciutto;Asfaltata;Verticale ed orizzontale;Sereno;Scarso;Sufficiente;Sufficiente;0;0;0;2;12.459;41.914;-1;2;Autovettura privata;Sosta;;;;;;;
4366857;1;10/05/2019 00:20:00;Strada Urbana;VIA GIUNIO BAZZONI;in prossimità;;del civico n.;5;;Veicolo in marcia contro veicoli in sosta;Rettilineo;Una carreggiata a senso unico di marcia;Asciutto;Asfaltata;Verticale ed orizzontale;Sereno;Scarso;Sufficiente;Sufficiente;0;0;0;2;12.459;41.914;-1;3;Autovettura privata;Sosta;;;;;;;
4366857;1;10/05/2019 00:20:00;Strada Urbana;VIA GIUNIO BAZZONI;in prossimità;;del civico n.;5;;Veicolo in marcia contro veicoli in sosta;Rettilineo;Una carreggiata a senso unico di marcia;Asciutto;Asfaltata;Verticale ed orizzontale;Sereno;Scarso;Sufficiente;Sufficiente;0;0;0;2;12.459;41.914;-1;4;Autovettura privata;Sosta;;;;;;;
4366857;1;10/05/2019 00:20:00;Strada Urbana;VIA GIUNIO BAZZONI;in prossimità;;del civico n.;5;;Veicolo in marcia contro veicoli in sosta;Rettilineo;Una carreggiata a senso unico di marcia;Asciutto;Asfaltata;Verticale ed orizzontale;Sereno;Scarso;Sufficiente;Sufficiente;0;0;0;2;12.459;41.914;-1;5;Autovettura privata;Sosta;;;;;;;
4366857;1;10/05/2019 00:20:00;Strada Urbana;VIA GIUNIO BAZZONI;in prossimità;;del civico n.;5;;Veicolo in marcia contro veicoli in sosta;Rettilineo;Una carreggiata a senso unico di marcia;Asciutto;Asfaltata;Verticale ed orizzontale;Sereno;Scarso;Sufficiente;Sufficiente;0;0;0;2;12.459;41.914;-1;6;Autovettura privata;Sosta;;;;;;;
4366857;1;10/05/2019 00:20:00;Strada Urbana;VIA GIUNIO BAZZONI;in prossimità;;del civico n.;5;;Veicolo in marcia contro veicoli in sosta;Rettilineo;Una carreggiata a senso unico di marcia;Asciutto;Asfaltata;Verticale ed orizzontale;Sereno;Scarso;Sufficiente;Sufficiente;0;0;0;2;12.459;41.914;-1;7;Autovettura privata;Sosta;;;;;;;
4366857;1;10/05/2019 00:20:00;Strada Urbana;VIA GIUNIO BAZZONI;in prossimità;;del civico n.;5;;Veicolo in marcia contro veicoli in sosta;Rettilineo;Una carreggiata a senso unico di marcia;Asciutto;Asfaltata;Verticale ed orizzontale;Sereno;Scarso;Sufficiente;Sufficiente;0;0;0;2;12.459;41.914;-1;8;Autovettura privata;Sosta;;;;;;;
4366874;12;10/05/2019 00:15:00;Strada Urbana;VIALE GUGLIELMO MARCONI;all'intersezione con;VIA CRISTOFORO COLOMBO;VIA CRISTOFORO COLOMBO;;;Veicolo in marcia contro ostacolo fisso;Intersezione stradale segnalata;Due carreggiate;Asciutto;Con buche;Verticale ed orizzontale;Sereno;Scarso;Buona;Sufficiente;0;0;0;1;12.4761;41.8443;-1;1;Autovettura privata;In marcia / fermata / arresto;Conducente;M;Illeso;0;;Utilizzato;Inesploso
4366913;12;08/05/2019 14:15:00;Strada Urbana;VIA DI MEZZOCAMMINO;all'intersezione con;VIA ALFONSINE;VIA ALFONSINE;;;Scontro frontale/laterale DX fra veicoli in marcia;Intersezione stradale segnalata;Una carreggiata a doppio senso;Asciutto;Asfaltata;Verticale ed orizzontale;Sereno;Normale;Buona;Ore Diurne;0;0;0;2;12.4229;41.7899;-1;1;Autovettura privata;In marcia / fermata / arresto;Conducente;M;Illeso;0;;Utilizzato;Inesploso
4366913;12;08/05/2019 14:15:00;Strada Urbana;VIA DI MEZZOCAMMINO;all'intersezione con;VIA ALFONSINE;VIA ALFONSINE;;;Scontro frontale/laterale DX fra veicoli in marcia;Intersezione stradale segnalata;Una carreggiata a doppio senso;Asciutto;Asfaltata;Verticale ed orizzontale;Sereno;Normale;Buona;Ore Diurne;0;0;0;2;12.4229;41.7899;-1;2;Motociclo a solo;In marcia / fermata / arresto;Conducente;M;Illeso;0;;Utilizzato;
4366927;12;08/05/2019 13:30:00;Strada Urbana;PIAZZA GUIDO PIOVENE;da specificare;;;;Rotatoria;Scontro frontale/laterale SX fra veicoli in marcia;Rotatoria;Una carreggiata a senso unico di marcia;Asciutto;Asfaltata;Verticale ed orizzontale;Nuvoloso;Normale;Buona;Ore Diurne;0;0;0;3;12.466;41.8119;-1;1;Autovettura privata;In marcia / fermata / arresto;Conducente;M;Illeso;0;;Utilizzato;Inesploso
4366927;12;08/05/2019 13:30:00;Strada Urbana;PIAZZA GUIDO PIOVENE;da specificare;;;;Rotatoria;Scontro frontale/laterale SX fra veicoli in marcia;Rotatoria;Una carreggiata a senso unico di marcia;Asciutto;Asfaltata;Verticale ed orizzontale;Nuvoloso;Normale;Buona;Ore Diurne;0;0;0;3;12.466;41.8119;-1;2;Autovettura privata;In marcia / fermata / arresto;Conducente;M;Illeso;0;;Utilizzato;Inesploso
4366927;12;08/05/2019 13:30:00;Strada Urbana;PIAZZA GUIDO PIOVENE;da specificare;;;;Rotatoria;Scontro frontale/laterale SX fra veicoli in marcia;Rotatoria;Una carreggiata a senso unico di marcia;Asciutto;Asfaltata;Verticale ed orizzontale;Nuvoloso;Normale;Buona;Ore Diurne;0;0;0;3;12.466;41.8119;-1;2;Autovettura privata;In marcia / fermata / arresto;Passeggero;F;Illeso;0;;Utilizzato;Inesploso
4367022;3;09/05/2019 17:40:00;Strada Urbana;VIA NOMENTANA;da specificare;;;;fronte civ. 90;Scontro laterale fra veicoli in marcia;Rettilineo;Più di due carreggiate;Asciutto;Asfaltata;Verticale ed orizzontale;Sereno;Normale;Buona;Ore Diurne;1;0;0;2;12.5134;41.9173;-1;1;Autovettura privata;In marcia / fermata / arresto;Conducente;M;Illeso;0;;Non accertato;Inesploso
4367022;3;09/05/2019 17:40:00;Strada Urbana;VIA NOMENTANA;da specificare;;;;fronte civ. 90;Scontro laterale fra veicoli in marcia;Rettilineo;Più di due carreggiate;Asciutto;Asfaltata;Verticale ed orizzontale;Sereno;Normale;Buona;Ore Diurne;1;0;0;2;12.5134;41.9173;-1;2;Motociclo con passeggero;In marcia / fermata / arresto;Conducente;M;Illeso;0;;Non accertato;
4367022;3;09/05/2019 17:40:00;Strada Urbana;VIA NOMENTANA;da specificare;;;;fronte civ. 90;Scontro laterale fra veicoli in marcia;Rettilineo;Più di due carreggiate;Asciutto;Asfaltata;Verticale ed orizzontale;Sereno;Normale;Buona;Ore Diurne;1;0;0;2;12.5134;41.9173;-1;2;Motociclo con passeggero;In marcia / fermata / arresto;Passeggero;F;Ricoverato;0;NON DECEDUTO;Non accertato;
4367078;6;10/05/2019 09:20:00;Strada Urbana;VIA ANASSIMANDRO;in corrispondenza;;del civico n.;24;;Veicolo in marcia contro veicolo in sosta;Rettilineo;Una carreggiata a senso unico di marcia;Asciutto;Asfaltata;Assente;Sereno;Scarso;Buona;Ore Diurne;0;0;0;1;12.535;41.884;-1;1;Autocarro inferiore 35 q.;In marcia / fermata / arresto;Conducente;M;Illeso;0;;;
4367078;6;10/05/2019 09:20:00;Strada Urbana;VIA ANASSIMANDRO;in corrispondenza;;del civico n.;24;;Veicolo in marcia contro veicolo in sosta;Rettilineo;Una carreggiata a senso unico di marcia;Asciutto;Asfaltata;Assente;Sereno;Scarso;Buona;Ore Diurne;0;0;0;1;12.535;41.884;-1;2;Autovettura privata;Sosta;;;;;;;
4367101;1;02/05/2019 19:30:00;Strada Urbana;PONTE CAVOUR;da specificare;;;;.;Infortunio per caduta del veicolo;Rettilineo;Una carreggiata a doppio senso;Asciutto;In cubetti di porfido;Verticale ed orizzontale;Sereno;Scarso;Buona;Ore Diurne;1;0;0;0;12.4743;41.905;-1;1;Velocipede;In marcia / fermata / arresto;Conducente;M;Rimandato;0;NON DECEDUTO;Esente;
4367116;15;10/05/2019 13:56:00;Strada Urbana;VIA DELLA MAGLIANA;all'intersezione semaforizzata con;VIA DI VILLA BONELLI;VIA DI VILLA BONELLI;;;Tamponamento;Intersezione semaforizzata;Una carreggiata a doppio senso;Asciutto;Asfaltata;Verticale ed orizzontale;Sereno;Normale;Buona;Ore Diurne;0;0;0;2;12.4196;41.8317;-1;1;Autocarro superiore 35 q.;In marcia / fermata / arresto;Conducente;M;Illeso;0;;Non accertato;Inesploso
4367116;15;10/05/2019 13:56:00;Strada Urbana;VIA DELLA MAGLIANA;all'intersezione semaforizzata con;VIA DI VILLA BONELLI;VIA DI VILLA BONELLI;;;Tamponamento;Intersezione semaforizzata;Una carreggiata a doppio senso;Asciutto;Asfaltata;Verticale ed orizzontale;Sereno;Normale;Buona;Ore Diurne;0;0;0;2;12.4196;41.8317;-1;2;Ciclomotore;In marcia / fermata / arresto;Conducente;F;Illeso;0;;Non accertato;
4367129;20;10/05/2019 14:50:00;Strada Urbana;VIALE DI TOR DI QUINTO;da specificare;;;;prossimità via Civita Castellana;Tamponamento Multiplo;Rettilineo;Una carreggiata a doppio senso;Asciutto;Asfaltata;Verticale ed orizzontale;Sereno;Normale;Buona;Ore Diurne;0;0;0;3;12.4785;41.9447;-1;1;Autovettura privata;In marcia / fermata / arresto;Conducente;M;Illeso;0;;Non accertato;Inesploso
4367129;20;10/05/2019 14:50:00;Strada Urbana;VIALE DI TOR DI QUINTO;da specificare;;;;prossimità via Civita Castellana;Tamponamento Multiplo;Rettilineo;Una carreggiata a doppio senso;Asciutto;Asfaltata;Verticale ed orizzontale;Sereno;Normale;Buona;Ore Diurne;0;0;0;3;12.4785;41.9447;-1;2;Autovettura privata;In marcia / fermata / arresto;Conducente;M;Illeso;0;;Non accertato;Inesploso
4367129;20;10/05/2019 14:50:00;Strada Urbana;VIALE DI TOR DI QUINTO;da specificare;;;;prossimità via Civita Castellana;Tamponamento Multiplo;Rettilineo;Una carreggiata a doppio senso;Asciutto;Asfaltata;Verticale ed orizzontale;Sereno;Normale;Buona;Ore Diurne;0;0;0;3;12.4785;41.9447;-1;3;Autovettura privata;In marcia / fermata / arresto;Conducente;M;Illeso;0;;Non accertato;Inesploso
4367130;7;10/05/2019 00:50:00;Strada Urbana;VIA PRENESTINA;in corrispondenza;;del civico n.;1051;;Tamponamento;Rettilineo;Una carreggiata a doppio senso;Asciutto;Asfaltata;Assente;Sereno;Scarso;Buona;Sufficiente;0;0;0;2;12.6203;41.8932;-1;1;Autovettura privata;In marcia / fermata / arresto;Conducente;F;Illeso;0;;Non accertato;Inesploso
4367130;7;10/05/2019 00:50:00;Strada Urbana;VIA PRENESTINA;in corrispondenza;;del civico n.;1051;;Tamponamento;Rettilineo;Una carreggiata a doppio senso;Asciutto;Asfaltata;Assente;Sereno;Scarso;Buona;Sufficiente;0;0;0;2;12.6203;41.8932;-1;2;Motociclo con passeggero;In marcia / fermata / arresto;Conducente;M;Illeso;0;;Non accertato;
4367183;1;09/05/2019 20:45:00;Strada Urbana;VIA NAZIONALE;da specificare;;;;fronte VIA XXIV MAGGIO;Veicolo in marcia contro ostacolo accidentale;Rettilineo;Una carreggiata a doppio senso;Viscido da liquidi oleosi;In cubetti di porfido;Verticale ed orizzontale;Nuvoloso;Normale;Buona;Sufficiente;2;0;0;0;12.9458;42.3869;-1;1;Motociclo con passeggero;In marcia / fermata / arresto;Conducente;M;Rimandato;0;NON DECEDUTO;Non accertato;
4367183;1;09/05/2019 20:45:00;Strada Urbana;VIA NAZIONALE;da specificare;;;;fronte VIA XXIV MAGGIO;Veicolo in marcia contro ostacolo accidentale;Rettilineo;Una carreggiata a doppio senso;Viscido da liquidi oleosi;In cubetti di porfido;Verticale ed orizzontale;Nuvoloso;Normale;Buona;Sufficiente;2;0;0;0;12.9458;42.3869;-1;1;Motociclo con passeggero;In marcia / fermata / arresto;Passeggero;F;Rimandato;0;NON DECEDUTO;;
4367208;1;09/05/2019 20:50:00;Strada Urbana;VIA NAZIONALE;da specificare;;;;fronte VIA XXIV MAGGIO;Veicolo in marcia contro ostacolo accidentale;Rettilineo;Una carreggiata a doppio senso;Viscido da liquidi oleosi;In cubetti di porfido;Verticale ed orizzontale;Nuvoloso;Normale;Buona;Sufficiente;1;0;0;0;12.4871;41.8967;-1;1;Motociclo a solo;In marcia / fermata / arresto;Conducente;M;Rifiuta cure immediate;0;NON DECEDUTO;Non accertato;
4367214;11;10/05/2019 15:20:00;Strada Urbana;VIA DELLE CONCE;all'intersezione con;VIA GIOVANNI DA EMPOLI;VIA GIOVANNI DA EMPOLI;;;Tamponamento;Intersezione stradale segnalata;Una carreggiata a doppio senso;Asciutto;Asfaltata;Verticale ed orizzontale;Sereno;Intenso;Buona;Ore Diurne;1;0;0;1;12.4783;41.8734;-1;1;Motociclo a solo;In marcia / fermata / arresto;Conducente;M;Rimandato;0;NON DECEDUTO;Utilizzato;
4367214;11;10/05/2019 15:20:00;Strada Urbana;VIA DELLE CONCE;all'intersezione con;VIA GIOVANNI DA EMPOLI;VIA GIOVANNI DA EMPOLI;;;Tamponamento;Intersezione stradale segnalata;Una carreggiata a doppio senso;Asciutto;Asfaltata;Verticale ed orizzontale;Sereno;Intenso;Buona;Ore Diurne;1;0;0;1;12.4783;41.8734;-1;2;Quadriciclo;In marcia / fermata / arresto;Conducente;M;Illeso;0;;;
4367222;1;09/05/2019 17:50:00;Strada Urbana;PONTE PRINCIPE AMEDEO SAVOIA AOSTA;all'intersezione semaforizzata con;LUNGOTEVERE DEI FIORENTINI;LUNGOTEVERE DEI FIORENTINI;;;Tamponamento;Intersezione semaforizzata;Una carreggiata a senso unico di marcia;Asciutto;Asfaltata;Verticale ed orizzontale;Sereno;Intenso;Buona;Ore Diurne;0;0;0;2;12.4634;41.8998;-1;1;Autovettura privata;In marcia / fermata / arresto;Conducente;F;Illeso;0;;Non accertato;Inesploso
4367222;1;09/05/2019 17:50:00;Strada Urbana;PONTE PRINCIPE AMEDEO SAVOIA AOSTA;all'intersezione semaforizzata con;LUNGOTEVERE DEI FIORENTINI;LUNGOTEVERE DEI FIORENTINI;;;Tamponamento;Intersezione semaforizzata;Una carreggiata a senso unico di marcia;Asciutto;Asfaltata;Verticale ed orizzontale;Sereno;Intenso;Buona;Ore Diurne;0;0;0;2;12.4634;41.8998;-1;2;Motociclo a solo;In marcia / fermata / arresto;Conducente;F;Illeso;0;;Non accertato;
4367231;3;10/05/2019 06:00:00;Strada Urbana;CIRCONVALLAZIONE NOMENTANA;da specificare;;;;prossimità civico 100;Veicolo in marcia contro ostacolo fisso;Rettilineo;Una carreggiata a senso unico di marcia;Asciutto;Asfaltata;Verticale;Sereno;Normale;Sufficiente;Ore Diurne;0;0;0;2;12.527;41.9196;-1;1;Autovettura privata;In marcia / fermata / arresto;Conducente;M;Illeso;0;;Non accertato;Inesploso
4367231;3;10/05/2019 06:00:00;Strada Urbana;CIRCONVALLAZIONE NOMENTANA;da specificare;;;;prossimità civico 100;Veicolo in marcia contro ostacolo fisso;Rettilineo;Una carreggiata a senso unico di marcia;Asciutto;Asfaltata;Verticale;Sereno;Normale;Sufficiente;Ore Diurne;0;0;0;2;12.527;41.9196;-1;1;Autovettura privata;In marcia / fermata / arresto;Passeggero;F;Illeso;0;;Non accertato;Inesploso
4367233;1;09/05/2019 15:30:00;Strada Urbana;VIA GIOVANNI GIOLITTI;in prossimità;;del civico n.;81;;Tamponamento;Rettilineo;Una carreggiata a senso unico di marcia;Asciutto;Asfaltata;Verticale ed orizzontale;Sereno;Normale;Buona;Ore Diurne;0;0;0;2;12.5013;41.8998;-1;1;Autocarro inferiore 35 q.;In marcia / fermata / arresto;Conducente;M;Illeso;0;;Non accertato;Inesploso
4367233;1;09/05/2019 15:30:00;Strada Urbana;VIA GIOVANNI GIOLITTI;in prossimità;;del civico n.;81;;Tamponamento;Rettilineo;Una carreggiata a senso unico di marcia;Asciutto;Asfaltata;Verticale ed orizzontale;Sereno;Normale;Buona;Ore Diurne;0;0;0;2;12.5013;41.8998;-1;2;Autovettura privata;In marcia / fermata / arresto;Conducente;M;Illeso;0;;Non accertato;Inesploso
4367237;3;10/05/2019 03:00:00;Strada Urbana;CIRCONVALLAZIONE NOMENTANA;in prossimità;;del civico n.;156;;Veicolo in marcia contro veicoli in sosta;Rettilineo;Una carreggiata a senso unico di marcia;Asciutto;Asfaltata;Verticale ed orizzontale;Sereno;Normale;Buona;Ore Diurne;0;0;0;1;12.5267;41.9241;-1;1;Autovettura privata;Sosta;;;;;;;
4367237;3;10/05/2019 03:00:00;Strada Urbana;CIRCONVALLAZIONE NOMENTANA;in prossimità;;del civico n.;156;;Veicolo in marcia contro veicoli in sosta;Rettilineo;Una carreggiata a senso unico di marcia;Asciutto;Asfaltata;Verticale ed orizzontale;Sereno;Normale;Buona;Ore Diurne;0;0;0;1;12.5267;41.9241;-1;2;Autovettura privata;Sosta;;;;;;;
4367237;3;10/05/2019 03:00:00;Strada Urbana;CIRCONVALLAZIONE NOMENTANA;in prossimità;;del civico n.;156;;Veicolo in marcia contro veicoli in sosta;Rettilineo;Una carreggiata a senso unico di marcia;Asciutto;Asfaltata;Verticale ed orizzontale;Sereno;Normale;Buona;Ore Diurne;0;0;0;1;12.5267;41.9241;-1;3;Autovettura privata;In marcia / fermata / arresto;Conducente;M;Illeso;0;;Non accertato;Inesploso
4367322;15;10/05/2019 11:45:00;Strada Urbana;VIA LUIGI ERCOLE MORSELLI;in corrispondenza;;del civico n.;15;;Investimento di pedone;Rettilineo;Una carreggiata a doppio senso;Asciutto;Asfaltata;Verticale ed orizzontale;Sereno;Normale;Buona;Ore Diurne;1;0;0;1;12.4164;41.8278;-1;;;;Pedone;F;Rimandato;0;NON DECEDUTO;;
4367322;15;10/05/2019 11:45:00;Strada Urbana;VIA LUIGI ERCOLE MORSELLI;in corrispondenza;;del civico n.;15;;Investimento di pedone;Rettilineo;Una carreggiata a doppio senso;Asciutto;Asfaltata;Verticale ed orizzontale;Sereno;Normale;Buona;Ore Diurne;1;0;0;1;12.4164;41.8278;-1;1;Autovettura privata;In marcia / fermata / arresto;Conducente;F;Illeso;0;;Non accertato;Inesploso
4367349;3;09/05/2019 16:00:00;Strada Urbana;VIA PIETRO L'EREMITA;da specificare;;;;parcheggio di scambio;Veicolo in marcia contro ostacolo fisso;Rettilineo;Una carreggiata a senso unico di marcia;Asciutto;Asfaltata;Verticale ed orizzontale;Sereno;Scarso;Buona;Ore Diurne;0;0;0;1;;;0;1;Autovettura privata;Sosta;Conducente;M;Illeso;0;;;
4367350;6;10/05/2019 16:50:00;Strada Urbana;VIA DI TOR PIGNATTARA;in corrispondenza;;del civico n.;65;;Scontro frontale/laterale DX fra veicoli in marcia;Rettilineo;Una carreggiata a doppio senso;Asciutto;Asfaltata;Orizzontale;Sereno;Normale;Buona;Ore Diurne;0;0;0;2;12.5421;41.8786;-1;1;Autovettura privata;In marcia / fermata / arresto;Conducente;M;Illeso;0;;Non accertato;Inesploso
4367350;6;10/05/2019 16:50:00;Strada Urbana;VIA DI TOR PIGNATTARA;in corrispondenza;;del civico n.;65;;Scontro frontale/laterale DX fra veicoli in marcia;Rettilineo;Una carreggiata a doppio senso;Asciutto;Asfaltata;Orizzontale;Sereno;Normale;Buona;Ore Diurne;0;0;0;2;12.5421;41.8786;-1;2;Autovettura privata;In marcia / fermata / arresto;Conducente;M;Illeso;0;;Non accertato;Inesploso
4367371;15;10/05/2019 10:45:00;Strada Urbana;VIA PORTUENSE;in prossimità;;del civico n.;185;;Tamponamento;Rettilineo;Una carreggiata a senso unico di marcia;Asciutto;Asfaltata;Verticale ed orizzontale;Sereno;Scarso;Buona;Ore Diurne;0;0;0;2;12.4667;41.8718;-1;1;Autovettura privata;In marcia / fermata / arresto;Conducente;M;Illeso;0;;Non accertato;Inesploso
4367371;15;10/05/2019 10:45:00;Strada Urbana;VIA PORTUENSE;in prossimità;;del civico n.;185;;Tamponamento;Rettilineo;Una carreggiata a senso unico di marcia;Asciutto;Asfaltata;Verticale ed orizzontale;Sereno;Scarso;Buona;Ore Diurne;0;0;0;2;12.4667;41.8718;-1;2;Autovettura privata;In marcia / fermata / arresto;Conducente;F;Illeso;0;;Non accertato;Inesploso
4367376;20;10/05/2019 16:15:00;Strada Urbana;VIA FORNACE VIGNOLO;da specificare;;;;100 metri circa in direzione via Flaminia;Tamponamento;Curva senza visuale libera;Una carreggiata a doppio senso;Asciutto;Asfaltata;Verticale ed orizzontale;Sereno;Normale;Buona;Ore Diurne;1;0;0;1;12.4992;41.9893;-1;1;Autovettura privata;In marcia / fermata / arresto;Conducente;M;Rimandato;0;NON DECEDUTO;Non accertato;Inesploso
4367376;20;10/05/2019 16:15:00;Strada Urbana;VIA FORNACE VIGNOLO;da specificare;;;;100 metri circa in direzione via Flaminia;Tamponamento;Curva senza visuale libera;Una carreggiata a doppio senso;Asciutto;Asfaltata;Verticale ed orizzontale;Sereno;Normale;Buona;Ore Diurne;1;0;0;1;12.4992;41.9893;-1;2;Autovettura privata;In marcia / fermata / arresto;Conducente;M;Illeso;0;;Non accertato;Inesploso
4367389;1;10/05/2019 00:15:00;Strada Urbana;VIA FILIPPO TURATI;in prossimità;;del civico n.;1;;Veicolo in marcia contro ostacolo accidentale;Rettilineo;Una carreggiata a senso unico di marcia;Asciutto;Asfaltata;Verticale ed orizzontale;Sereno;Normale;Buona;Sufficiente;0;0;0;1;12.5012;41.8993;-1;1;Autovettura privata;In marcia / fermata / arresto;Conducente;M;Illeso;0;;Non accertato;Inesploso
4367437;1;09/05/2019 11:45:00;Strada Urbana;VIA DELL'AMBA ARADAM;in corrispondenza;;del civico n.;8;;Veicolo in marcia contro veicolo arresto;Pendenza;Una carreggiata a doppio senso;Asciutto;Asfaltata;Verticale ed orizzontale;Nuvoloso;Intenso;Buona;Ore Diurne;1;0;0;2;12.4997;41.8835;-1;1;Autovettura privata;In marcia / fermata / arresto;Conducente;M;Illeso;0;;Non accertato;Inesploso
4367437;1;09/05/2019 11:45:00;Strada Urbana;VIA DELL'AMBA ARADAM;in corrispondenza;;del civico n.;8;;Veicolo in marcia contro veicolo arresto;Pendenza;Una carreggiata a doppio senso;Asciutto;Asfaltata;Verticale ed orizzontale;Nuvoloso;Intenso;Buona;Ore Diurne;1;0;0;2;12.4997;41.8835;-1;1;Autovettura privata;In marcia / fermata / arresto;Passeggero;M;Illeso;0;;Non accertato;Inesploso
4367437;1;09/05/2019 11:45:00;Strada Urbana;VIA DELL'AMBA ARADAM;in corrispondenza;;del civico n.;8;;Veicolo in marcia contro veicolo arresto;Pendenza;Una carreggiata a doppio senso;Asciutto;Asfaltata;Verticale ed orizzontale;Nuvoloso;Intenso;Buona;Ore Diurne;1;0;0;2;12.4997;41.8835;-1;2;Motociclo a solo;In marcia / fermata / arresto;Conducente;M;Rifiuta cure immediate;0;NON DECEDUTO;Non accertato;
4367500;1;09/05/2019 21:30:00;Strada Urbana;VIA CARLO MADERNO;all'intersezione con;VIA BARTOLOMEO PINELLI;VIA BARTOLOMEO PINELLI;;;Investimento di pedone;Intersezione stradale segnalata;Una carreggiata a senso unico di marcia;Asciutto;Asfaltata;Verticale ed orizzontale;Sereno;Scarso;Sufficiente;Sufficiente;1;0;0;1;12.4846;41.8773;-1;;;;Pedone;F;Rimandato;0;NON DECEDUTO;;
4367500;1;09/05/2019 21:30:00;Strada Urbana;VIA CARLO MADERNO;all'intersezione con;VIA BARTOLOMEO PINELLI;VIA BARTOLOMEO PINELLI;;;Investimento di pedone;Intersezione stradale segnalata;Una carreggiata a senso unico di marcia;Asciutto;Asfaltata;Verticale ed orizzontale;Sereno;Scarso;Sufficiente;Sufficiente;1;0;0;1;12.4846;41.8773;-1;1;Autovettura privata;In marcia / fermata / arresto;Conducente;M;Illeso;0;;Non accertato;Inesploso
4367539;1;10/05/2019 11:40:00;Strada Urbana;VIA PIACENZA;all'intersezione con;VIA DELLA CONSULTA;VIA DELLA CONSULTA;;;Veicolo in marcia contro veicolo in sosta;Intersezione non regolata/non segnalata;Una carreggiata a senso unico di marcia;Asciutto;Asfaltata;Verticale ed orizzontale;Sereno;Normale;Buona;Ore Diurne;0;0;0;1;12.4897;41.9001;-1;1;Motociclo a solo;In marcia / fermata / arresto;Conducente;M;Illeso;0;;Non accertato;
4367539;1;10/05/2019 11:40:00;Strada Urbana;VIA PIACENZA;all'intersezione con;VIA DELLA CONSULTA;VIA DELLA CONSULTA;;;Veicolo in marcia contro veicolo in sosta;Intersezione non regolata/non segnalata;Una carreggiata a senso unico di marcia;Asciutto;Asfaltata;Verticale ed orizzontale;Sereno;Normale;Buona;Ore Diurne;0;0;0;1;12.4897;41.9001;-1;2;Quadriciclo;Sosta;;;;;;;
4367552;1;10/05/2019 14:45:00;Strada Urbana;VIA LABICANA;in prossimità;;del civico n.;84;;Investimento di pedone;Rettilineo;Due carreggiate;Asciutto;Asfaltata;Verticale ed orizzontale;Sereno;Normale;Buona;Ore Diurne;1;0;0;1;12.4999;41.8896;-1;;;;Pedone;M;Ricoverato;0;NON DECEDUTO;;