Protocollo;Gruppo;DataOraIncidente;Localizzazione1;STRADA1;Localizzazione2;STRADA2;Strada02;Chilometrica;DaSpecificare;NaturaIncidente;particolaritastrade;TipoStrada;FondoStradale;Pavimentazione;Segnaletica;CondizioneAtmosferica;Traffico;Visibilita;Illuminazione;NUM_FERITI;NUM_RISERVATA;NUM_MORTI;NUM_ILLESI;Longitudine;Latitudine;Confermato;Progressivo;TipoVeicolo;StatoVeicolo;TipoPersona;Sesso;Tipolesione;Deceduto;DecedutoDopo;CinturaCascoUtilizzato;Airbag;
4370353;19;11/05/2019 09:45:00;Strada Urbana;VIA FRANCESCO MARCONI;da specificare;;;;fronte civico 19;Scontro frontale/laterale DX fra veicoli in marcia;Rettilineo;Una carreggiata a doppio senso;Asciutto;Asfaltata;Verticale ed orizzontale;Sereno;Normale;Buona;Ore Diurne;0;0;0;3;12.4232;41.9252;-1;1;Autovettura privata;In marcia / fermata / arresto;Conducente;M;Illeso;0;;Non accertato;Inesploso
4370353;19;11/05/2019 09:45:00;Strada Urbana;VIA FRANCESCO MARCONI;da specificare;;;;fronte civico 19;Scontro frontale/laterale DX fra veicoli in marcia;Rettilineo;Una carreggiata a doppio senso;Asciutto;Asfaltata;Verticale ed orizzontale;Sereno;Normale;Buona;Ore Diurne;0;0;0;3;12.4232;41.9252;-1;1;Autovettura privata;In marcia / fermata / arresto;Passeggero;F;Illeso;0;;Non accertato;Inesploso
4370353;19;11/05/2019 09:45:00;Strada Urbana;VIA FRANCESCO MARCONI;da specificare;;;;fronte civico 19;Scontro frontale/laterale DX fra veicoli in marcia;Rettilineo;Una carreggiata a doppio senso;Asciutto;Asfaltata;Verticale ed orizzontale;Sereno;Normale;Buona;Ore Diurne;0;0;0;3;12.4232;41.9252;-1;2;Autovettura privata;In marcia / fermata / arresto;Conducente;M;Illeso;0;;Non accertato;Inesploso
4370354;19;12/05/2019 08:00:00;Strada Urbana;LARGO AGOSTINO GEMELLI;in corrispondenza;;del civico n.;12;;Veicolo in marcia contro ostacolo fisso;Rettilineo;Una carreggiata a senso unico di marcia;Bagnato (pioggia);Asfaltata;Verticale ed orizzontale;Nuvoloso;Scarso;Buona;Ore Diurne;0;0;0;1;12.4273;41.9289;-1;1;Autovettura privata;In marcia / fermata / arresto;Conducente;M;Illeso;0;;Non accertato;Inesploso
4370357;19;10/05/2019 15:00:00;Strada Urbana;VIALE DELLE MEDAGLIE D'ORO;in corrispondenza;;del civico n.;248;;Investimento di pedone;Curva a visuale libera;Una carreggiata a doppio senso;Asciutto;Asfaltata;Orizzontale;Sereno;Scarso;Buona;Ore Diurne;1;0;0;1;12.4426;41.9181;-1;;;;Pedone;F;Rimandato;0;NON DECEDUTO;;
4370357;19;10/05/2019 15:00:00;Strada Urbana;VIALE DELLE MEDAGLIE D'ORO;in corrispondenza;;del civico n.;248;;Investimento di pedone;Curva a visuale libera;Una carreggiata a doppio senso;Asciutto;Asfaltata;Orizzontale;Sereno;Scarso;Buona;Ore Diurne;1;0;0;1;12.4426;41.9181;-1;1;Autovettura privata;In marcia / fermata / arresto;Conducente;M;Illeso;0;;;
4370358;7;12/05/2019 02:15:00;Strada Urbana;NUOVA CIRCONVALLAZIONE INTERNA;da specificare;;;;direzione san giovanni uscita Monti Tiburtini;Veicolo in marcia contro ostacolo fisso;Rettilineo;Una carreggiata a senso unico di marcia;Asciutto;Asfaltata;Orizzontale;Nuvoloso;Normale;Buona;Sufficiente;0;0;0;1;12.5301;41.9155;0;1;Autovettura privata;In marcia / fermata / arresto;Conducente;M;Illeso;0;;;
4370368;8;12/05/2019 18:40:00;Strada Urbana;VIA ROCCALUMERA;all'intersezione con;VIA SAN FRATELLO;VIA SAN FRATELLO;;;Scontro frontale/laterale DX fra veicoli in marcia;Incrocio;Una carreggiata a doppio senso;Asciutto;Asfaltata;Assente;Nuvoloso;Scarso;Buona;Ore Diurne;0;0;0;2;12.6636;41.8829;-1;1;Autovettura privata;In marcia / fermata / arresto;Conducente;F;Illeso;0;;Non accertato;Inesploso
4370368;8;12/05/2019 18:40:00;Strada Urbana;VIA ROCCALUMERA;all'intersezione con;VIA SAN FRATELLO;VIA SAN FRATELLO;;;Scontro frontale/laterale DX fra veicoli in marcia;Incrocio;Una carreggiata a doppio senso;Asciutto;Asfaltata;Assente;Nuvoloso;Scarso;Buona;Ore Diurne;0;0;0;2;12.6636;41.8829;-1;2;Autovettura privata;In marcia / fermata / arresto;Conducente;F;Illeso;0;;Non accertato;Inesploso
4370377;11;12/05/2019 02:50:00;Strada Urbana;VIA CRISTOFORO COLOMBO;da specificare;;;;in prossimità di via Padre Semeria;Tamponamento;Rettilineo;Più di due carreggiate;Bagnato (umidità in atto);Asfaltata;Verticale ed orizzontale;Nuvoloso;Scarso;Buona;Sufficiente;0;0;0;2;12.4536;41.8089;-1;1;Autovettura privata;In marcia / fermata / arresto;Conducente;F;Illeso;0;;Non accertato;
4370377;11;12/05/2019 02:50:00;Strada Urbana;VIA CRISTOFORO COLOMBO;da specificare;;;;in prossimità di via Padre Semeria;Tamponamento;Rettilineo;Più di due carreggiate;Bagnato (umidità in atto);Asfaltata;Verticale ed orizzontale;Nuvoloso;Scarso;Buona;Sufficiente;0;0;0;2;12.4536;41.8089;-1;2;Autovettura pubblica;In marcia / fermata / arresto;Conducente;M;Illeso;0;;Non accertato;
4370383;20;12/05/2019 21:35:00;Strada Urbana;VIA TUSCANIA;all'intersezione con;VIA FLAMINIA;VIA FLAMINIA;;;Scontro frontale/laterale SX fra veicoli in marcia;Incrocio;Più di due carreggiate;Asciutto;Asfaltata;Verticale ed orizzontale;Nuvoloso;Scarso;Buona;Sufficiente;0;0;0;3;12.473;41.9507;-1;1;Autovettura privata;In marcia / fermata / arresto;Conducente;M;Illeso;0;;Non accertato;
4370383;20;12/05/2019 21:35:00;Strada Urbana;VIA TUSCANIA;all'intersezione con;VIA FLAMINIA;VIA FLAMINIA;;;Scontro frontale/laterale SX fra veicoli in marcia;Incrocio;Più di due carreggiate;Asciutto;Asfaltata;Verticale ed orizzontale;Nuvoloso;Scarso;Buona;Sufficiente;0;0;0;3;12.473;41.9507;-1;1;Autovettura privata;In marcia / fermata / arresto;Passeggero;F;Illeso;0;;Non accertato;
4370383;20;12/05/2019 21:35:00;Strada Urbana;VIA TUSCANIA;all'intersezione con;VIA FLAMINIA;VIA FLAMINIA;;;Scontro frontale/laterale SX fra veicoli in marcia;Incrocio;Più di due carreggiate;Asciutto;Asfaltata;Verticale ed orizzontale;Nuvoloso;Scarso;Buona;Sufficiente;0;0;0;3;12.473;41.9507;-1;2;Autovettura privata;In marcia / fermata / arresto;Conducente;M;Illeso;0;;Non accertato;
4370390;15;12/05/2019 18:40:00;Strada Urbana;VIA GIANNETTO VALLI;in prossimità;;del civico n.;95;;Scontro laterale fra veicoli in marcia;Curva a visuale libera;Una carreggiata a doppio senso;Asciutto;Asfaltata;Orizzontale;Nuvoloso;Normale;Buona;Ore Diurne;0;0;0;2;12.4532;41.8534;-1;1;Autovettura privata;In marcia / fermata / arresto;Conducente;F;Illeso;0;;Non accertato;Inesploso
4370390;15;12/05/2019 18:40:00;Strada Urbana;VIA GIANNETTO VALLI;in prossimità;;del civico n.;95;;Scontro laterale fra veicoli in marcia;Curva a visuale libera;Una carreggiata a doppio senso;Asciutto;Asfaltata;Orizzontale;Nuvoloso;Normale;Buona;Ore Diurne;0;0;0;2;12.4532;41.8534;-1;2;Autovettura privata;In marcia / fermata / arresto;Conducente;M;Illeso;0;;Non accertato;Inesploso
4370391;19;12/05/2019 18:45:00;Strada Urbana;VIA DI BOCCEA;da specificare;;;;direz. fuori ROMA;Scontro frontale fra veicoli in marcia;Curva senza visuale libera;Una carreggiata a doppio senso;Asciutto;Asfaltata;Orizzontale;Sereno;Normale;Buona;Ore Diurne;1;0;0;1;12.3172;41.9401;-1;1;Autovettura privata;In marcia / fermata / arresto;Conducente;F;Illeso;0;;;
4370391;19;12/05/2019 18:45:00;Strada Urbana;VIA DI BOCCEA;da specificare;;;;direz. fuori ROMA;Scontro frontale fra veicoli in marcia;Curva senza visuale libera;Una carreggiata a doppio senso;Asciutto;Asfaltata;Orizzontale;Sereno;Normale;Buona;Ore Diurne;1;0;0;1;12.3172;41.9401;-1;2;Motociclo a solo;In marcia / fermata / arresto;Conducente;M;Ricoverato;0;NON DECEDUTO;;
4370396;19;10/05/2019 21:30:00;Strada Urbana;VIA MARIO FANI;all'intersezione con;VIA RONCEGNO;VIA RONCEGNO;;;Scontro laterale fra veicoli in marcia;Incrocio;Una carreggiata a doppio senso;Asciutto;Asfaltata;Verticale ed orizzontale;Sereno;Scarso;Buona;Sufficiente;1;0;0;2;12.4413;41.9377;-1;1;Autovettura privata;In marcia / fermata / arresto;Conducente;F;Illeso;0;;;
4370396;19;10/05/2019 21:30:00;Strada Urbana;VIA MARIO FANI;all'intersezione con;VIA RONCEGNO;VIA RONCEGNO;;;Scontro laterale fra veicoli in marcia;Incrocio;Una carreggiata a doppio senso;Asciutto;Asfaltata;Verticale ed orizzontale;Sereno;Scarso;Buona;Sufficiente;1;0;0;2;12.4413;41.9377;-1;2;Quadriciclo leggero;In marcia / fermata / arresto;Conducente;M;Illeso;0;;;
4370396;19;10/05/2019 21:30:00;Strada Urbana;VIA MARIO FANI;all'intersezione con;VIA RONCEGNO;VIA RONCEGNO;;;Scontro laterale fra veicoli in marcia;Incrocio;Una carreggiata a doppio senso;Asciutto;Asfaltata;Verticale ed orizzontale;Sereno;Scarso;Buona;Sufficiente;1;0;0;2;12.4413;41.9377;-1;2;Quadriciclo leggero;In marcia / fermata / arresto;Passeggero;F;Rimandato;0;NON DECEDUTO;;
4370401;19;12/05/2019 02:00:00;Strada Urbana;VIA DI CASAL DEL MARMO;all'intersezione con;VIA DELLA STAZIONE DI OTTAVIA;VIA DELLA STAZIONE DI OTTAVIA;;;Scontro frontale/laterale SX fra veicoli in marcia;Intersezione non regolata/non segnalata;Una carreggiata a doppio senso;Bagnato (pioggia);Asfaltata;Verticale ed orizzontale;Nuvoloso;Scarso;Sufficiente;Sufficiente;1;0;0;3;12.4085;41.9622;-1;1;Autovettura privata;In marcia / fermata / arresto;Conducente;M;Illeso;0;;;
4370401;19;12/05/2019 02:00:00;Strada Urbana;VIA DI CASAL DEL MARMO;all'intersezione con;VIA DELLA STAZIONE DI OTTAVIA;VIA DELLA STAZIONE DI OTTAVIA;;;Scontro frontale/laterale SX fra veicoli in marcia;Intersezione non regolata/non segnalata;Una carreggiata a doppio senso;Bagnato (pioggia);Asfaltata;Verticale ed orizzontale;Nuvoloso;Scarso;Sufficiente;Sufficiente;1;0;0;3;12.4085;41.9622;-1;1;Autovettura privata;In marcia / fermata / arresto;Passeggero;M;Illeso;0;;;
4370401;19;12/05/2019 02:00:00;Strada Urbana;VIA DI CASAL DEL MARMO;all'intersezione con;VIA DELLA STAZIONE DI OTTAVIA;VIA DELLA STAZIONE DI OTTAVIA;;;Scontro frontale/laterale SX fra veicoli in marcia;Intersezione non regolata/non segnalata;Una carreggiata a doppio senso;Bagnato (pioggia);Asfaltata;Verticale ed orizzontale;Nuvoloso;Scarso;Sufficiente;Sufficiente;1;0;0;3;12.4085;41.9622;-1;2;Autovettura privata;In marcia / fermata / arresto;Conducente;M;Illeso;0;;;
4370401;19;12/05/2019 02:00:00;Strada Urbana;VIA DI CASAL DEL MARMO;all'intersezione con;VIA DELLA STAZIONE DI OTTAVIA;VIA DELLA STAZIONE DI OTTAVIA;;;Scontro frontale/laterale SX fra veicoli in marcia;Intersezione non regolata/non segnalata;Una carreggiata a doppio senso;Bagnato (pioggia);Asfaltata;Verticale ed orizzontale;Nuvoloso;Scarso;Sufficiente;Sufficiente;1;0;0;3;12.4085;41.9622;-1;2;Autovettura privata;In marcia / fermata / arresto;Passeggero;F;Rimandato;0;NON DECEDUTO;;
4370402;20;12/05/2019 16:00:00;Strada Urbana;VIALE DI TOR DI QUINTO;da specificare;;;;prossimità fronte civico 181;Tamponamento Multiplo;Curva senza visuale libera;Due carreggiate;Bagnato (umidità in atto);Asfaltata;Verticale ed orizzontale;Nuvoloso;Normale;Buona;Ore Diurne;0;0;0;7;12.4785;41.9447;-1;1;Autovettura privata;In marcia / fermata / arresto;Conducente;M;Illeso;0;;Non accertato;
4370402;20;12/05/2019 16:00:00;Strada Urbana;VIALE DI TOR DI QUINTO;da specificare;;;;prossimità fronte civico 181;Tamponamento Multiplo;Curva senza visuale libera;Due carreggiate;Bagnato (umidità in atto);Asfaltata;Verticale ed orizzontale;Nuvoloso;Normale;Buona;Ore Diurne;0;0;0;7;12.4785;41.9447;-1;1;Autovettura privata;In marcia / fermata / arresto;Passeggero;F;Illeso;0;;Non accertato;
4370402;20;12/05/2019 16:00:00;Strada Urbana;VIALE DI TOR DI QUINTO;da specificare;;;;prossimità fronte civico 181;Tamponamento Multiplo;Curva senza visuale libera;Due carreggiate;Bagnato (umidità in atto);Asfaltata;Verticale ed orizzontale;Nuvoloso;Normale;Buona;Ore Diurne;0;0;0;7;12.4785;41.9447;-1;1;Autovettura privata;In marcia / fermata / arresto;Passeggero;F;Illeso;0;;Non accertato;
4370402;20;12/05/2019 16:00:00;Strada Urbana;VIALE DI TOR DI QUINTO;da specificare;;;;prossimità fronte civico 181;Tamponamento Multiplo;Curva senza visuale libera;Due carreggiate;Bagnato (umidità in atto);Asfaltata;Verticale ed orizzontale;Nuvoloso;Normale;Buona;Ore Diurne;0;0;0;7;12.4785;41.9447;-1;2;Autovettura privata;In marcia / fermata / arresto;Conducente;F;Illeso;0;;Non accertato;
4370402;20;12/05/2019 16:00:00;Strada Urbana;VIALE DI TOR DI QUINTO;da specificare;;;;prossimità fronte civico 181;Tamponamento Multiplo;Curva senza visuale libera;Due carreggiate;Bagnato (umidità in atto);Asfaltata;Verticale ed orizzontale;Nuvoloso;Normale;Buona;Ore Diurne;0;0;0;7;12.4785;41.9447;-1;3;Autovettura privata;In marcia / fermata / arresto;Conducente;F;Illeso;0;;Non accertato;
4370402;20;12/05/2019 16:00:00;Strada Urbana;VIALE DI TOR DI QUINTO;da specificare;;;;prossimità fronte civico 181;Tamponamento Multiplo;Curva senza visuale libera;Due carreggiate;Bagnato (umidità in atto);Asfaltata;Verticale ed orizzontale;Nuvoloso;Normale;Buona;Ore Diurne;0;0;0;7;12.4785;41.9447;-1;3;Autovettura privata;In marcia / fermata / arresto;Passeggero;F;Illeso;0;;Non accertato;
4370402;20;12/05/2019 16:00:00;Strada Urbana;VIALE DI TOR DI QUINTO;da specificare;;;;prossimità fronte civico 181;Tamponamento Multiplo;Curva senza visuale libera;Due carreggiate;Bagnato (umidità in atto);Asfaltata;Verticale ed orizzontale;Nuvoloso;Normale;Buona;Ore Diurne;0;0;0;7;12.4785;41.9447;-1;3;Autovettura privata;In marcia / fermata / arresto;Passeggero;F;Illeso;0;;Non accertato;
4370415;11;11/05/2019 18:22:00;Strada Urbana;VIALE GUGLIELMO MARCONI;in corrispondenza;;del civico n.;481;;Investimento di pedone;Rettilineo;Due carreggiate;Asciutto;Asfaltata;Verticale ed orizzontale;Sereno;Normale;Buona;Ore Diurne;1;0;0;1;12.4722;41.8551;-1;;;;Pedone;M;Rimandato;0;NON DECEDUTO;;
4370415;11;11/05/2019 18:22:00;Strada Urbana;VIALE GUGLIELMO MARCONI;in corrispondenza;;del civico n.;481;;Investimento di pedone;Rettilineo;Due carreggiate;Asciutto;Asfaltata;Verticale ed orizzontale;Sereno;Normale;Buona;Ore Diurne;1;0;0;1;12.4722;41.8551;-1;1;Autovettura privata;In marcia / fermata / arresto;Conducente;M;Illeso;0;;Non accertato;
4370421;19;09/05/2019 20:00:00;Strada Urbana;VIA DELLA RISERVA GRANDE;in prossimità;;del civico n.;241;;Veicolo in marcia contro ostacolo fisso;Rettilineo;Una carreggiata a doppio senso;Asciutto;Asfaltata;Assente;Sereno;Scarso;Sufficiente;Sufficiente;0;0;0;0;12.3717;41.9434;-1;1;Autovettura privata;In marcia / fermata / arresto;;;;;;;
4370425;11;11/05/2019 19:40:00;Strada Urbana;VIA DEL MARE;all'intersezione con;VIA OSTIENSE;VIA OSTIENSE;;;Scontro frontale fra veicoli in marcia;Rotatoria;Una carreggiata a senso unico di marcia;Asciutto;Asfaltata;Verticale ed orizzontale;Sereno;Normale;Sufficiente;Ore Diurne;2;0;0;4;12.4736;41.8471;-1;1;Autovettura privata;In marcia / fermata / arresto;Conducente;M;Illeso;0;;Non accertato;
4370425;11;11/05/2019 19:40:00;Strada Urbana;VIA DEL MARE;all'intersezione con;VIA OSTIENSE;VIA OSTIENSE;;;Scontro frontale fra veicoli in marcia;Rotatoria;Una carreggiata a senso unico di marcia;Asciutto;Asfaltata;Verticale ed orizzontale;Sereno;Normale;Sufficiente;Ore Diurne;2;0;0;4;12.4736;41.8471;-1;1;Autovettura privata;In marcia / fermata / arresto;Passeggero;M;Illeso;0;;Non accertato;
4370425;11;11/05/2019 19:40:00;Strada Urbana;VIA DEL MARE;all'intersezione con;VIA OSTIENSE;VIA OSTIENSE;;;Scontro frontale fra veicoli in marcia;Rotatoria;Una carreggiata a senso unico di marcia;Asciutto;Asfaltata;Verticale ed orizzontale;Sereno;Normale;Sufficiente;Ore Diurne;2;0;0;4;12.4736;41.8471;-1;1;Autovettura privata;In marcia / fermata / arresto;Passeggero;F;Illeso;0;;;
4370425;11;11/05/2019 19:40:00;Strada Urbana;VIA DEL MARE;all'intersezione con;VIA OSTIENSE;VIA OSTIENSE;;;Scontro frontale fra veicoli in marcia;Rotatoria;Una carreggiata a senso unico di marcia;Asciutto;Asfaltata;Verticale ed orizzontale;Sereno;Normale;Sufficiente;Ore Diurne;2;0;0;4;12.4736;41.8471;-1;1;Autovettura privata;In marcia / fermata / arresto;Passeggero;F;Illeso;0;;Non accertato;
4370425;11;11/05/2019 19:40:00;Strada Urbana;VIA DEL MARE;all'intersezione con;VIA OSTIENSE;VIA OSTIENSE;;;Scontro frontale fra veicoli in marcia;Rotatoria;Una carreggiata a senso unico di marcia;Asciutto;Asfaltata;Verticale ed orizzontale;Sereno;Normale;Sufficiente;Ore Diurne;2;0;0;4;12.4736;41.8471;-1;2;Autovettura privata;In marcia / fermata / arresto;Conducente;M;Rifiuta cure immediate;0;NON DECEDUTO;Non accertato;
4370425;11;11/05/2019 19:40:00;Strada Urbana;VIA DEL MARE;all'intersezione con;VIA OSTIENSE;VIA OSTIENSE;;;Scontro frontale fra veicoli in marcia;Rotatoria;Una carreggiata a senso unico di marcia;Asciutto;Asfaltata;Verticale ed orizzontale;Sereno;Normale;Sufficiente;Ore Diurne;2;0;0;4;12.4736;41.8471;-1;2;Autovettura privata;In marcia / fermata / arresto;Passeggero;F;Rimandato;0;NON DECEDUTO;Non accertato;
4370429;13;12/05/2019 04:08:00;Strada Urbana;VIA CAPO SPARTIVENTO;da specificare;;;;altezza fronte civico 43;Veicolo in marcia contro veicoli in sosta;Rettilineo;Due carreggiate;Asciutto;Asfaltata;Verticale ed orizzontale;Sereno;Scarso;Sufficiente;Sufficiente;0;0;0;1;12.2856;41.7368;-1;1;Autovettura privata;In marcia / fermata / arresto;Conducente;M;Illeso;0;;Non accertato;Inesploso
4370429;13;12/05/2019 04:08:00;Strada Urbana;VIA CAPO SPARTIVENTO;da specificare;;;;altezza fronte civico 43;Veicolo in marcia contro veicoli in sosta;Rettilineo;Due carreggiate;Asciutto;Asfaltata;Verticale ed orizzontale;Sereno;Scarso;Sufficiente;Sufficiente;0;0;0;1;12.2856;41.7368;-1;2;Autovettura privata;Sosta;;;;;;;
4370429;13;12/05/2019 04:08:00;Strada Urbana;VIA CAPO SPARTIVENTO;da specificare;;;;altezza fronte civico 43;Veicolo in marcia contro veicoli in sosta;Rettilineo;Due carreggiate;Asciutto;Asfaltata;Verticale ed orizzontale;Sereno;Scarso;Sufficiente;Sufficiente;0;0;0;1;12.2856;41.7368;-1;3;Autovettura privata;Sosta;;;;;;;
4370429;13;12/05/2019 04:08:00;Strada Urbana;VIA CAPO SPARTIVENTO;da specificare;;;;altezza fronte civico 43;Veicolo in marcia contro veicoli in sosta;Rettilineo;Due carreggiate;Asciutto;Asfaltata;Verticale ed orizzontale;Sereno;Scarso;Sufficiente;Sufficiente;0;0;0;1;12.2856;41.7368;-1;4;Autovettura privata;Sosta;;;;;;;
4370430;7;11/05/2019 20:00:00;Strada Urbana;VIALE DELLA PRIMAVERA;all'intersezione con;VIA DEI GLICINI;VIA DEI GLICINI;;;Tamponamento;Incrocio;Due carreggiate;Asciutto;Asfaltata;Verticale ed orizzontale;Sereno;Normale;Buona;Sufficiente;0;0;0;2;12.5601;41.8802;-1;1;Autovettura privata;In marcia / fermata / arresto;Conducente;F;Illeso;0;;Non accertato;Inesploso
4370430;7;11/05/2019 20:00:00;Strada Urbana;VIALE DELLA PRIMAVERA;all'intersezione con;VIA DEI GLICINI;VIA DEI GLICINI;;;Tamponamento;Incrocio;Due carreggiate;Asciutto;Asfaltata;Verticale ed orizzontale;Sereno;Normale;Buona;Sufficiente;0;0;0;2;12.5601;41.8802;-1;2;Autovettura privata;In marcia / fermata / arresto;Conducente;F;Illeso;0;;Non accertato;Inesploso
4370432;5;09/05/2019 06:00:00;;VIA TRIVENTO;in prossimità;;del civico n.;33;;Veicolo in marcia contro ostacolo fisso;;;;;;;;;;0;0;0;0;12.5638;41.9089;0;1;Autovettura privata;In marcia / fermata / arresto;;;;;;;
4370441;13;13/05/2019 06:55:00;Strada Urbana;VIALE DEI ROMAGNOLI;da specificare;;;;prossimità via Francesco Donati;Investimento di pedone;Rettilineo;Una carreggiata a doppio senso;Asciutto;Asfaltata;Verticale ed orizzontale;Sereno;Normale;Buona;Ore Diurne;1;0;0;1;12.3575;41.7832;-1;;;;Pedone;F;Rimandato;0;NON DECEDUTO;;
4370441;13;13/05/2019 06:55:00;Strada Urbana;VIALE DEI ROMAGNOLI;da specificare;;;;prossimità via Francesco Donati;Investimento di pedone;Rettilineo;Una carreggiata a doppio senso;Asciutto;Asfaltata;Verticale ed orizzontale;Sereno;Normale;Buona;Ore Diurne;1;0;0;1;12.3575;41.7832;-1;1;Autovettura privata;In marcia / fermata / arresto;Conducente;F;Illeso;0;;Non accertato;Inesploso
4370442;5;10/05/2019 09:30:00;Strada Urbana;VIA GIACOMO PERONI;in corrispondenza;;del civico n.;130;;Scontro laterale fra veicoli in marcia;Rettilineo;Una carreggiata a senso unico di marcia;Asciutto;Asfaltata;Verticale ed orizzontale;Nuvoloso;Scarso;Buona;Ore Diurne;0;0;0;2;12.6336;41.936;-1;1;Autovettura privata;In marcia / fermata / arresto;Conducente;M;Illeso;0;;Non accertato;Inesploso
4370442;5;10/05/2019 09:30:00;Strada Urbana;VIA GIACOMO PERONI;in corrispondenza;;del civico n.;130;;Scontro laterale fra veicoli in marcia;Rettilineo;Una carreggiata a senso unico di marcia;Asciutto;Asfaltata;Verticale ed orizzontale;Nuvoloso;Scarso;Buona;Ore Diurne;0;0;0;2;12.6336;41.936;-1;2;Autovettura privata;In marcia / fermata / arresto;Conducente;M;Illeso;0;;Non accertato;Inesploso
4370442;5;10/05/2019 09:30:00;Strada Urbana;VIA GIACOMO PERONI;in corrispondenza;;del civico n.;130;;Scontro laterale fra veicoli in marcia;Rettilineo;Una carreggiata a senso unico di marcia;Asciutto;Asfaltata;Verticale ed orizzontale;Nuvoloso;Scarso;Buona;Ore Diurne;0;0;0;2;12.6336;41.936;-1;3;Autovettura privata;Sosta;;;;;;;
4370444;4;10/05/2019 11:45:00;Strada Urbana;VIA NOMENTANA;all'intersezione semaforizzata con;VIA ARTURO GRAF;VIA ARTURO GRAF;;;Tamponamento;Intersezione semaforizzata;Una carreggiata a doppio senso;Asciutto;Asfaltata;Verticale ed orizzontale;Sereno;Normale;Buona;Ore Diurne;1;0;0;1;12.5728;41.9579;0;1;Autovettura privata;Allontanatosi;Conducente;M;Illeso;0;;;
4370444;4;10/05/2019 11:45:00;Strada Urbana;VIA NOMENTANA;all'intersezione semaforizzata con;VIA ARTURO GRAF;VIA ARTURO GRAF;;;Tamponamento;Intersezione semaforizzata;Una carreggiata a doppio senso;Asciutto;Asfaltata;Verticale ed orizzontale;Sereno;Normale;Buona;Ore Diurne;1;0;0;1;12.5728;41.9579;0;2;Motociclo a solo;In marcia / fermata / arresto;Conducente;M;Rimandato;0;NON DECEDUTO;;
4370450;4;11/05/2019 01:40:00;Provinciale entro l'abitato;VIA NOMENTANA;all'intersezione con;VIA VAL TROMPIA;VIA VAL TROMPIA;;;Scontro laterale fra veicoli in marcia;Intersezione stradale segnalata;Una carreggiata a doppio senso;Asciutto;Asfaltata;Verticale ed orizzontale;Sereno;Scarso;Sufficiente;Sufficiente;0;0;0;3;12.5728;41.9579;-1;1;Autovettura privata;In marcia / fermata / arresto;Conducente;M;Illeso;0;;;
4370450;4;11/05/2019 01:40:00;Provinciale entro l'abitato;VIA NOMENTANA;all'intersezione con;VIA VAL TROMPIA;VIA VAL TROMPIA;;;Scontro laterale fra veicoli in marcia;Intersezione stradale segnalata;Una carreggiata a doppio senso;Asciutto;Asfaltata;Verticale ed orizzontale;Sereno;Scarso;Sufficiente;Sufficiente;0;0;0;3;12.5728;41.9579;-1;1;Autovettura privata;In marcia / fermata / arresto;Passeggero;F;Illeso;0;;;
4370450;4;11/05/2019 01:40:00;Provinciale entro l'abitato;VIA NOMENTANA;all'intersezione con;VIA VAL TROMPIA;VIA VAL TROMPIA;;;Scontro laterale fra veicoli in marcia;Intersezione stradale segnalata;Una carreggiata a doppio senso;Asciutto;Asfaltata;Verticale ed orizzontale;Sereno;Scarso;Sufficiente;Sufficiente;0;0;0;3;12.5728;41.9579;-1;2;Motociclo a solo;In marcia / fermata / arresto;Conducente;M;Illeso;0;;;
4370450;4;11/05/2019 01:40:00;Provinciale entro l'abitato;VIA NOMENTANA;all'intersezione con;VIA VAL TROMPIA;VIA VAL TROMPIA;;;Scontro laterale fra veicoli in marcia;Intersezione stradale segnalata;Una carreggiata a doppio senso;Asciutto;Asfaltata;Verticale ed orizzontale;Sereno;Scarso;Sufficiente;Sufficiente;0;0;0;3;12.5728;41.9579;-1;3;Autovettura privata;Sosta;;;;;;;
4370483;12;12/05/2019 19:40:00;Strada Urbana;VIA DI ACQUA ACETOSA OSTIENSE;da specificare;;;;ALT. VIA PONTINA;Scontro frontale/laterale DX fra veicoli in marcia;Rettilineo;Una carreggiata a doppio senso;Asciutto;Asfaltata;Verticale ed orizzontale;Nuvoloso;Normale;Buona;Ore Diurne;0;0;0;2;12.4572;41.8066;-1;1;Autovettura privata;In marcia / fermata / arresto;Conducente;F;Illeso;0;;Non accertato;Inesploso
4370483;12;12/05/2019 19:40:00;Strada Urbana;VIA DI ACQUA ACETOSA OSTIENSE;da specificare;;;;ALT. VIA PONTINA;Scontro frontale/laterale DX fra veicoli in marcia;Rettilineo;Una carreggiata a doppio senso;Asciutto;Asfaltata;Verticale ed orizzontale;Nuvoloso;Normale;Buona;Ore Diurne;0;0;0;2;12.4572;41.8066;-1;2;Autovettura privata;In marcia / fermata / arresto;Conducente;F;Illeso;0;;Non accertato;Inesploso
4370488;5;11/05/2019 09:30:00;Strada Urbana;VIA DI PIETRALATA;all'intersezione con;VIA MATTEO TONDI;VIA MATTEO TONDI;;;Scontro frontale/laterale DX fra veicoli in marcia;Incrocio;Una carreggiata a doppio senso;Asciutto;Asfaltata;Verticale ed orizzontale;Sereno;Normale;Buona;Ore Diurne;0;0;0;5;12.5551;41.9178;-1;1;Autovettura privata;In marcia / fermata / arresto;Conducente;M;Illeso;0;;;