Protocollo;Gruppo;DataOraIncidente;Localizzazione1;STRADA1;Localizzazione2;STRADA2;Strada02;Chilometrica;DaSpecificare;NaturaIncidente;particolaritastrade;TipoStrada;FondoStradale;Pavimentazione;Segnaletica;CondizioneAtmosferica;Traffico;Visibilita;Illuminazione;NUM_FERITI;NUM_RISERVATA;NUM_MORTI;NUM_ILLESI;Longitudine;Latitudine;Confermato;Progressivo;TipoVeicolo;StatoVeicolo;TipoPersona;Sesso;Tipolesione;Deceduto;DecedutoDopo;CinturaCascoUtilizzato;Airbag;
4370488;5;11/05/2019 09:30:00;Strada Urbana;VIA DI PIETRALATA;all'intersezione con;VIA MATTEO TONDI;VIA MATTEO TONDI;;;Scontro frontale/laterale DX fra veicoli in marcia;Incrocio;Una carreggiata a doppio senso;Asciutto;Asfaltata;Verticale ed orizzontale;Sereno;Normale;Buona;Ore Diurne;0;0;0;5;12.5551;41.9178;-1;1;Autovettura privata;In marcia / fermata / arresto;Passeggero;F;Illeso;0;;;
4370488;5;11/05/2019 09:30:00;Strada Urbana;VIA DI PIETRALATA;all'intersezione con;VIA MATTEO TONDI;VIA MATTEO TONDI;;;Scontro frontale/laterale DX fra veicoli in marcia;Incrocio;Una carreggiata a doppio senso;Asciutto;Asfaltata;Verticale ed orizzontale;Sereno;Normale;Buona;Ore Diurne;0;0;0;5;12.5551;41.9178;-1;1;Autovettura privata;In marcia / fermata / arresto;Passeggero;F;Illeso;0;;;
4370488;5;11/05/2019 09:30:00;Strada Urbana;VIA DI PIETRALATA;all'intersezione con;VIA MATTEO TONDI;VIA MATTEO TONDI;;;Scontro frontale/laterale DX fra veicoli in marcia;Incrocio;Una carreggiata a doppio senso;Asciutto;Asfaltata;Verticale ed orizzontale;Sereno;Normale;Buona;Ore Diurne;0;0;0;5;12.5551;41.9178;-1;1;Autovettura privata;In marcia / fermata / arresto;Passeggero;F;Illeso;0;;;
4370488;5;11/05/2019 09:30:00;Strada Urbana;VIA DI PIETRALATA;all'intersezione con;VIA MATTEO TONDI;VIA MATTEO TONDI;;;Scontro frontale/laterale DX fra veicoli in marcia;Incrocio;Una carreggiata a doppio senso;Asciutto;Asfaltata;Verticale ed orizzontale;Sereno;Normale;Buona;Ore Diurne;0;0;0;5;12.5551;41.9178;-1;2;Autovettura privata;In marcia / fermata / arresto;Conducente;M;Illeso;0;;;
4370506;11;13/05/2019 08:00:00;Strada Urbana;CIRCONVALLAZIONE OSTIENSE;in corrispondenza;;del civico n.;248;;Investimento di pedone;Rettilineo;Più di due carreggiate;Asciutto;Asfaltata;Verticale ed orizzontale;Nuvoloso;Normale;Buona;Ore Diurne;1;0;0;1;12.4903;41.8671;-1;;;;Pedone;M;Rimandato;0;NON DECEDUTO;;
4370506;11;13/05/2019 08:00:00;Strada Urbana;CIRCONVALLAZIONE OSTIENSE;in corrispondenza;;del civico n.;248;;Investimento di pedone;Rettilineo;Più di due carreggiate;Asciutto;Asfaltata;Verticale ed orizzontale;Nuvoloso;Normale;Buona;Ore Diurne;1;0;0;1;12.4903;41.8671;-1;1;Motociclo a solo;In marcia / fermata / arresto;Conducente;M;Illeso;0;;Non accertato;
4370513;20;13/05/2019 08:35:00;Regionale entro l'abitato;VIA CASSIA;in corrispondenza;;del civico n.;1142/C;;Scontro laterale fra veicoli in marcia;Rettilineo;Una carreggiata a doppio senso;Asciutto;Asfaltata;Verticale ed orizzontale;Nuvoloso;Normale;Buona;Ore Diurne;0;0;0;6;12.4204;41.979;-1;1;Autovettura privata;In marcia / fermata / arresto;Conducente;M;Illeso;0;;Non accertato;Inesploso
4370513;20;13/05/2019 08:35:00;Regionale entro l'abitato;VIA CASSIA;in corrispondenza;;del civico n.;1142/C;;Scontro laterale fra veicoli in marcia;Rettilineo;Una carreggiata a doppio senso;Asciutto;Asfaltata;Verticale ed orizzontale;Nuvoloso;Normale;Buona;Ore Diurne;0;0;0;6;12.4204;41.979;-1;1;Autovettura privata;In marcia / fermata / arresto;Passeggero;F;Illeso;0;;Non accertato;Inesploso
4370513;20;13/05/2019 08:35:00;Regionale entro l'abitato;VIA CASSIA;in corrispondenza;;del civico n.;1142/C;;Scontro laterale fra veicoli in marcia;Rettilineo;Una carreggiata a doppio senso;Asciutto;Asfaltata;Verticale ed orizzontale;Nuvoloso;Normale;Buona;Ore Diurne;0;0;0;6;12.4204;41.979;-1;1;Autovettura privata;In marcia / fermata / arresto;Passeggero;F;Illeso;0;;Non accertato;Inesploso
4370513;20;13/05/2019 08:35:00;Regionale entro l'abitato;VIA CASSIA;in corrispondenza;;del civico n.;1142/C;;Scontro laterale fra veicoli in marcia;Rettilineo;Una carreggiata a doppio senso;Asciutto;Asfaltata;Verticale ed orizzontale;Nuvoloso;Normale;Buona;Ore Diurne;0;0;0;6;12.4204;41.979;-1;1;Autovettura privata;In marcia / fermata / arresto;Passeggero;M;Illeso;0;;Non accertato;Inesploso
4370513;20;13/05/2019 08:35:00;Regionale entro l'abitato;VIA CASSIA;in corrispondenza;;del civico n.;1142/C;;Scontro laterale fra veicoli in marcia;Rettilineo;Una carreggiata a doppio senso;Asciutto;Asfaltata;Verticale ed orizzontale;Nuvoloso;Normale;Buona;Ore Diurne;0;0;0;6;12.4204;41.979;-1;2;Autovettura privata;In marcia / fermata / arresto;Conducente;M;Illeso;0;;Non accertato;Inesploso
4370513;20;13/05/2019 08:35:00;Regionale entro l'abitato;VIA CASSIA;in corrispondenza;;del civico n.;1142/C;;Scontro laterale fra veicoli in marcia;Rettilineo;Una carreggiata a doppio senso;Asciutto;Asfaltata;Verticale ed orizzontale;Nuvoloso;Normale;Buona;Ore Diurne;0;0;0;6;12.4204;41.979;-1;2;Autovettura privata;In marcia / fermata / arresto;Passeggero;F;Illeso;0;;Non accertato;Inesploso
4370536;17;12/05/2019 07:45:00;Strada Urbana;PIAZZA DELLA LIBERTA';da specificare;;;;fronte civ. n. 20;Veicolo in marcia contro veicoli in sosta;Curva a visuale libera;Una carreggiata a senso unico di marcia;Bagnato (pioggia);Asfaltata;Orizzontale;Nuvoloso;Scarso;Buona;Ore Diurne;0;0;0;1;12.4711;41.9101;-1;1;Autovettura privata;In marcia / fermata / arresto;Conducente;M;Illeso;0;;;
4370536;17;12/05/2019 07:45:00;Strada Urbana;PIAZZA DELLA LIBERTA';da specificare;;;;fronte civ. n. 20;Veicolo in marcia contro veicoli in sosta;Curva a visuale libera;Una carreggiata a senso unico di marcia;Bagnato (pioggia);Asfaltata;Orizzontale;Nuvoloso;Scarso;Buona;Ore Diurne;0;0;0;1;12.4711;41.9101;-1;2;Autovettura privata;Sosta;;;;;;;
4370536;17;12/05/2019 07:45:00;Strada Urbana;PIAZZA DELLA LIBERTA';da specificare;;;;fronte civ. n. 20;Veicolo in marcia contro veicoli in sosta;Curva a visuale libera;Una carreggiata a senso unico di marcia;Bagnato (pioggia);Asfaltata;Orizzontale;Nuvoloso;Scarso;Buona;Ore Diurne;0;0;0;1;12.4711;41.9101;-1;3;Motociclo a solo;Sosta;;;;;;;
4370537;5;11/05/2019 21:50:00;Strada Urbana;VIA TIBURTINA;all'intersezione con;PIAZZA DI S. MARIA DEL SOCCORSO;PIAZZA DI S. MARIA DEL SOCCORSO;;;Tamponamento Multiplo;Intersezione semaforizzata;Una carreggiata a doppio senso;Asciutto;Asfaltata;Verticale ed orizzontale;Nuvoloso;Normale;Sufficiente;Sufficiente;1;0;0;2;12.5613;41.9154;-1;1;Autovettura privata;In marcia / fermata / arresto;Conducente;M;Illeso;0;;Non accertato;
4370537;5;11/05/2019 21:50:00;Strada Urbana;VIA TIBURTINA;all'intersezione con;PIAZZA DI S. MARIA DEL SOCCORSO;PIAZZA DI S. MARIA DEL SOCCORSO;;;Tamponamento Multiplo;Intersezione semaforizzata;Una carreggiata a doppio senso;Asciutto;Asfaltata;Verticale ed orizzontale;Nuvoloso;Normale;Sufficiente;Sufficiente;1;0;0;2;12.5613;41.9154;-1;1;Autovettura privata;In marcia / fermata / arresto;Passeggero;F;Illeso;0;;Non accertato;
4370537;5;11/05/2019 21:50:00;Strada Urbana;VIA TIBURTINA;all'intersezione con;PIAZZA DI S. MARIA DEL SOCCORSO;PIAZZA DI S. MARIA DEL SOCCORSO;;;Tamponamento Multiplo;Intersezione semaforizzata;Una carreggiata a doppio senso;Asciutto;Asfaltata;Verticale ed orizzontale;Nuvoloso;Normale;Sufficiente;Sufficiente;1;0;0;2;12.5613;41.9154;-1;2;Autovettura privata;In marcia / fermata / arresto;Conducente;F;Rimandato;0;NON DECEDUTO;Non accertato;Esploso
4370537;5;11/05/2019 21:50:00;Strada Urbana;VIA TIBURTINA;all'intersezione con;PIAZZA DI S. MARIA DEL SOCCORSO;PIAZZA DI S. MARIA DEL SOCCORSO;;;Tamponamento Multiplo;Intersezione semaforizzata;Una carreggiata a doppio senso;Asciutto;Asfaltata;Verticale ed orizzontale;Nuvoloso;Normale;Sufficiente;Sufficiente;1;0;0;2;12.5613;41.9154;-1;3;Autobus urbano;Allontanatosi;;;;;;;
4370552;7;12/05/2019 10:30:00;Strada Urbana;VIA DELLE PALME;in corrispondenza;;del civico n.;15;;Scontro frontale fra veicoli in marcia;Rettilineo;Una carreggiata a senso unico di marcia;Bagnato (pioggia);Asfaltata;Assente;Nuvoloso;Scarso;Buona;Ore Diurne;0;0;0;3;12.5624;41.8889;-1;1;Autovettura privata;In marcia / fermata / arresto;Conducente;M;Illeso;0;;;
4370552;7;12/05/2019 10:30:00;Strada Urbana;VIA DELLE PALME;in corrispondenza;;del civico n.;15;;Scontro frontale fra veicoli in marcia;Rettilineo;Una carreggiata a senso unico di marcia;Bagnato (pioggia);Asfaltata;Assente;Nuvoloso;Scarso;Buona;Ore Diurne;0;0;0;3;12.5624;41.8889;-1;2;Autocarro inferiore 35 q.;In marcia / fermata / arresto;Conducente;M;Illeso;0;;;
4370552;7;12/05/2019 10:30:00;Strada Urbana;VIA DELLE PALME;in corrispondenza;;del civico n.;15;;Scontro frontale fra veicoli in marcia;Rettilineo;Una carreggiata a senso unico di marcia;Bagnato (pioggia);Asfaltata;Assente;Nuvoloso;Scarso;Buona;Ore Diurne;0;0;0;3;12.5624;41.8889;-1;2;Autocarro inferiore 35 q.;In marcia / fermata / arresto;Passeggero;M;Illeso;0;;;
4370559;4;10/05/2019 23:40:00;Strada Urbana;PIAZZA SEMPIONE;da specificare;;;;fronte civico n.24;Scontro laterale fra veicoli in marcia;Rettilineo;Una carreggiata a senso unico di marcia;Asciutto;Asfaltata;Verticale ed orizzontale;Sereno;Normale;Sufficiente;Sufficiente;0;0;0;5;12.5353;41.9357;-1;1;Autovettura privata;In marcia / fermata / arresto;Conducente;M;Illeso;0;;Non accertato;Inesploso
4370559;4;10/05/2019 23:40:00;Strada Urbana;PIAZZA SEMPIONE;da specificare;;;;fronte civico n.24;Scontro laterale fra veicoli in marcia;Rettilineo;Una carreggiata a senso unico di marcia;Asciutto;Asfaltata;Verticale ed orizzontale;Sereno;Normale;Sufficiente;Sufficiente;0;0;0;5;12.5353;41.9357;-1;1;Autovettura privata;In marcia / fermata / arresto;Passeggero;M;Illeso;0;;Non accertato;Inesploso
4370559;4;10/05/2019 23:40:00;Strada Urbana;PIAZZA SEMPIONE;da specificare;;;;fronte civico n.24;Scontro laterale fra veicoli in marcia;Rettilineo;Una carreggiata a senso unico di marcia;Asciutto;Asfaltata;Verticale ed orizzontale;Sereno;Normale;Sufficiente;Sufficiente;0;0;0;5;12.5353;41.9357;-1;2;Autovettura privata;In marcia / fermata / arresto;Conducente;F;Illeso;0;;Non accertato;Inesploso
4370559;4;10/05/2019 23:40:00;Strada Urbana;PIAZZA SEMPIONE;da specificare;;;;fronte civico n.24;Scontro laterale fra veicoli in marcia;Rettilineo;Una carreggiata a senso unico di marcia;Asciutto;Asfaltata;Verticale ed orizzontale;Sereno;Normale;Sufficiente;Sufficiente;0;0;0;5;12.5353;41.9357;-1;2;Autovettura privata;In marcia / fermata / arresto;Passeggero;M;Illeso;0;;Non accertato;Inesploso
4370559;4;10/05/2019 23:40:00;Strada Urbana;PIAZZA SEMPIONE;da specificare;;;;fronte civico n.24;Scontro laterale fra veicoli in marcia;Rettilineo;Una carreggiata a senso unico di marcia;Asciutto;Asfaltata;Verticale ed orizzontale;Sereno;Normale;Sufficiente;Sufficiente;0;0;0;5;12.5353;41.9357;-1;2;Autovettura privata;In marcia / fermata / arresto;Passeggero;F;Illeso;0;;Non accertato;Inesploso
4370602;4;10/05/2019 15:45:00;Provinciale;VIA NOMENTANA;da specificare;;;;80 mt dopo l'immissione G.R.A. Roma centro;Scontro laterale fra veicoli in marcia;Rettilineo;Due carreggiate;Asciutto;Asfaltata;Orizzontale;Sereno;Normale;Buona;Ore Diurne;0;0;0;3;12.5771;41.9556;-1;1;Autovettura privata;In marcia / fermata / arresto;Conducente;F;Illeso;0;;Non accertato;Inesploso
4370602;4;10/05/2019 15:45:00;Provinciale;VIA NOMENTANA;da specificare;;;;80 mt dopo l'immissione G.R.A. Roma centro;Scontro laterale fra veicoli in marcia;Rettilineo;Due carreggiate;Asciutto;Asfaltata;Orizzontale;Sereno;Normale;Buona;Ore Diurne;0;0;0;3;12.5771;41.9556;-1;1;Autovettura privata;In marcia / fermata / arresto;Passeggero;M;Illeso;0;;Non accertato;Inesploso
4370602;4;10/05/2019 15:45:00;Provinciale;VIA NOMENTANA;da specificare;;;;80 mt dopo l'immissione G.R.A. Roma centro;Scontro laterale fra veicoli in marcia;Rettilineo;Due carreggiate;Asciutto;Asfaltata;Orizzontale;Sereno;Normale;Buona;Ore Diurne;0;0;0;3;12.5771;41.9556;-1;2;Autovettura privata;In marcia / fermata / arresto;Conducente;M;Illeso;0;;Non accertato;Inesploso
4370620;18;13/05/2019 05:50:00;Strada Urbana;VIA DI BOCCEA;all'intersezione con;VIA ACCURSIO;VIA ACCURSIO;;;Scontro frontale fra veicoli in marcia;Intersezione stradale segnalata;Una carreggiata a doppio senso;Asciutto;Asfaltata;Verticale ed orizzontale;Nuvoloso;Scarso;Buona;Ore Diurne;1;0;0;0;12.3847;41.9149;0;2;Motociclo a solo;In marcia / fermata / arresto;Conducente;M;Rimandato;0;NON DECEDUTO;;
4370621;16;10/05/2019 14:20:00;Strada Urbana;VIA FONTEIANA;in corrispondenza;;del civico n.;18;;Scontro laterale fra veicoli in marcia;Rettilineo;Una carreggiata a doppio senso;Asciutto;Asfaltata;Verticale ed orizzontale;Sereno;Normale;Buona;Ore Diurne;0;0;0;2;12.4549;41.8832;-1;1;Autovettura privata;In marcia / fermata / arresto;Conducente;F;Illeso;0;;Non accertato;Inesploso
4370621;16;10/05/2019 14:20:00;Strada Urbana;VIA FONTEIANA;in corrispondenza;;del civico n.;18;;Scontro laterale fra veicoli in marcia;Rettilineo;Una carreggiata a doppio senso;Asciutto;Asfaltata;Verticale ed orizzontale;Sereno;Normale;Buona;Ore Diurne;0;0;0;2;12.4549;41.8832;-1;2;Autocarro inferiore 35 q.;In marcia / fermata / arresto;Conducente;M;Illeso;0;;Non accertato;Inesploso
4370641;4;10/05/2019 14:30:00;Statale;VIA SALARIA;in prossimità;;della chilometrica;20;;Tamponamento Multiplo;Rettilineo;Una carreggiata a doppio senso;Asciutto;Asfaltata;Verticale ed orizzontale;Sereno;Intenso;Buona;Ore Diurne;0;0;0;3;12.5141;41.9923;-1;1;Autovettura privata;In marcia / fermata / arresto;Conducente;M;Illeso;0;;;
4370641;4;10/05/2019 14:30:00;Statale;VIA SALARIA;in prossimità;;della chilometrica;20;;Tamponamento Multiplo;Rettilineo;Una carreggiata a doppio senso;Asciutto;Asfaltata;Verticale ed orizzontale;Sereno;Intenso;Buona;Ore Diurne;0;0;0;3;12.5141;41.9923;-1;2;Autovettura privata;In marcia / fermata / arresto;Conducente;M;Illeso;0;;;
4370641;4;10/05/2019 14:30:00;Statale;VIA SALARIA;in prossimità;;della chilometrica;20;;Tamponamento Multiplo;Rettilineo;Una carreggiata a doppio senso;Asciutto;Asfaltata;Verticale ed orizzontale;Sereno;Intenso;Buona;Ore Diurne;0;0;0;3;12.5141;41.9923;-1;3;Autovettura privata;In marcia / fermata / arresto;Conducente;M;Illeso;0;;;
4370646;4;10/05/2019 12:45:00;Strada Urbana;VIA VAGLIA;in prossimità;;del civico n.;18;;Scontro frontale/laterale SX fra veicoli in marcia;Rettilineo;Una carreggiata a doppio senso;Asciutto;Asfaltata;Verticale ed orizzontale;Sereno;Normale;Buona;Ore Diurne;2;0;0;2;12.5147;41.9496;-1;1;Autovettura privata;In marcia / fermata / arresto;Conducente;F;Rimandato;0;NON DECEDUTO;Non accertato;
4370646;4;10/05/2019 12:45:00;Strada Urbana;VIA VAGLIA;in prossimità;;del civico n.;18;;Scontro frontale/laterale SX fra veicoli in marcia;Rettilineo;Una carreggiata a doppio senso;Asciutto;Asfaltata;Verticale ed orizzontale;Sereno;Normale;Buona;Ore Diurne;2;0;0;2;12.5147;41.9496;-1;2;Autovettura privata;In marcia / fermata / arresto;Conducente;M;Rimandato;0;NON DECEDUTO;Non accertato;
4370646;4;10/05/2019 12:45:00;Strada Urbana;VIA VAGLIA;in prossimità;;del civico n.;18;;Scontro frontale/laterale SX fra veicoli in marcia;Rettilineo;Una carreggiata a doppio senso;Asciutto;Asfaltata;Verticale ed orizzontale;Sereno;Normale;Buona;Ore Diurne;2;0;0;2;12.5147;41.9496;-1;3;Autovettura privata;In marcia / fermata / arresto;Conducente;M;Illeso;0;;Non accertato;
4370646;4;10/05/2019 12:45:00;Strada Urbana;VIA VAGLIA;in prossimità;;del civico n.;18;;Scontro frontale/laterale SX fra veicoli in marcia;Rettilineo;Una carreggiata a doppio senso;Asciutto;Asfaltata;Verticale ed orizzontale;Sereno;Normale;Buona;Ore Diurne;2;0;0;2;12.5147;41.9496;-1;3;Autovettura privata;In marcia / fermata / arresto;Passeggero;F;Illeso;0;;Non accertato;
4370646;4;10/05/2019 12:45:00;Strada Urbana;VIA VAGLIA;in prossimità;;del civico n.;18;;Scontro frontale/laterale SX fra veicoli in marcia;Rettilineo;Una carreggiata a doppio senso;Asciutto;Asfaltata;Verticale ed orizzontale;Sereno;Normale;Buona;Ore Diurne;2;0;0;2;12.5147;41.9496;-1;4;Autovettura privata;Sosta;;;;;;;
4370692;4;10/05/2019 12:15:00;Strada Urbana;VIALE CARMELO BENE;da specificare;;;;Via Valeria Moriconi, 15;Veicolo in marcia contro veicolo fermo;Rettilineo;Una carreggiata a doppio senso;Asciutto;Asfaltata;Assente;Sereno;Scarso;Buona;Ore Diurne;0;0;0;2;12.5519;41.9828;-1;1;Autovettura privata;In marcia / fermata / arresto;Conducente;M;Illeso;0;;Non accertato;Inesploso
4370692;4;10/05/2019 12:15:00;Strada Urbana;VIALE CARMELO BENE;da specificare;;;;Via Valeria Moriconi, 15;Veicolo in marcia contro veicolo fermo;Rettilineo;Una carreggiata a doppio senso;Asciutto;Asfaltata;Assente;Sereno;Scarso;Buona;Ore Diurne;0;0;0;2;12.5519;41.9828;-1;1;Autovettura privata;In marcia / fermata / arresto;Passeggero;M;Illeso;0;;Non accertato;Inesploso
4370692;4;10/05/2019 12:15:00;Strada Urbana;VIALE CARMELO BENE;da specificare;;;;Via Valeria Moriconi, 15;Veicolo in marcia contro veicolo fermo;Rettilineo;Una carreggiata a doppio senso;Asciutto;Asfaltata;Assente;Sereno;Scarso;Buona;Ore Diurne;0;0;0;2;12.5519;41.9828;-1;2;Autocarro inferiore 35 q.;Allontanatosi;;;;;;;
4370743;4;11/05/2019 06:40:00;Strada Urbana;VIA DELLE ISOLE CURZOLANE;all'intersezione con;VIA MONTE PETRELLA;VIA MONTE PETRELLA;;;Veicolo in marcia contro veicoli in sosta;Incrocio;Una carreggiata a senso unico di marcia;Asciutto;Asfaltata;Verticale ed orizzontale;Sereno;Normale;Buona;Ore Diurne;0;0;0;1;12.5316;41.9489;-1;1;Autovettura privata;In marcia / fermata / arresto;Conducente;F;Illeso;0;;;
4370743;4;11/05/2019 06:40:00;Strada Urbana;VIA DELLE ISOLE CURZOLANE;all'intersezione con;VIA MONTE PETRELLA;VIA MONTE PETRELLA;;;Veicolo in marcia contro veicoli in sosta;Incrocio;Una carreggiata a senso unico di marcia;Asciutto;Asfaltata;Verticale ed orizzontale;Sereno;Normale;Buona;Ore Diurne;0;0;0;1;12.5316;41.9489;-1;2;Autovettura privata;Sosta;;;;;;;
4370743;4;11/05/2019 06:40:00;Strada Urbana;VIA DELLE ISOLE CURZOLANE;all'intersezione con;VIA MONTE PETRELLA;VIA MONTE PETRELLA;;;Veicolo in marcia contro veicoli in sosta;Incrocio;Una carreggiata a senso unico di marcia;Asciutto;Asfaltata;Verticale ed orizzontale;Sereno;Normale;Buona;Ore Diurne;0;0;0;1;12.5316;41.9489;-1;3;Autocarro inferiore 35 q.;Sosta;;;;;;;
4370762;18;10/05/2019 15:45:00;Strada Urbana;VIA DI CASAL SELCE;all'intersezione con;VIA UMBERTO RICCI;VIA UMBERTO RICCI;;;Scontro frontale/laterale DX fra veicoli in marcia;Intersezione stradale segnalata;Due carreggiate;Asciutto;Asfaltata;Verticale ed orizzontale;Sereno;Normale;Buona;Ore Diurne;0;0;0;3;12.352;41.9145;-1;1;Autovettura privata;In marcia / fermata / arresto;Conducente;F;Illeso;0;;;
4370762;18;10/05/2019 15:45:00;Strada Urbana;VIA DI CASAL SELCE;all'intersezione con;VIA UMBERTO RICCI;VIA UMBERTO RICCI;;;Scontro frontale/laterale DX fra veicoli in marcia;Intersezione stradale segnalata;Due carreggiate;Asciutto;Asfaltata;Verticale ed orizzontale;Sereno;Normale;Buona;Ore Diurne;0;0;0;3;12.352;41.9145;-1;2;Autovettura privata;In marcia / fermata / arresto;Conducente;M;Illeso;0;;;
4370762;18;10/05/2019 15:45:00;Strada Urbana;VIA DI CASAL SELCE;all'intersezione con;VIA UMBERTO RICCI;VIA UMBERTO RICCI;;;Scontro frontale/laterale DX fra veicoli in marcia;Intersezione stradale segnalata;Due carreggiate;Asciutto;Asfaltata;Verticale ed orizzontale;Sereno;Normale;Buona;Ore Diurne;0;0;0;3;12.352;41.9145;-1;2;Autovettura privata;In marcia / fermata / arresto;Passeggero;F;Illeso;0;;;
4370764;4;10/05/2019 17:45:00;Statale;VIA SALARIA;in prossimità;;del civico n.;1932;;Tamponamento Multiplo;Rettilineo;Una carreggiata a doppio senso;Asciutto;Asfaltata;Verticale ed orizzontale;Sereno;Normale;Buona;Ore Diurne;2;0;0;1;12.5584;42.0393;-1;1;Autovettura privata;In marcia / fermata / arresto;Conducente;M;Illeso;0;;Non accertato;Inesploso
4370764;4;10/05/2019 17:45:00;Statale;VIA SALARIA;in prossimità;;del civico n.;1932;;Tamponamento Multiplo;Rettilineo;Una carreggiata a doppio senso;Asciutto;Asfaltata;Verticale ed orizzontale;Sereno;Normale;Buona;Ore Diurne;2;0;0;1;12.5584;42.0393;-1;2;Autovettura privata;In marcia / fermata / arresto;Conducente;F;Rimandato;0;NON DECEDUTO;;
4370764;4;10/05/2019 17:45:00;Statale;VIA SALARIA;in prossimità;;del civico n.;1932;;Tamponamento Multiplo;Rettilineo;Una carreggiata a doppio senso;Asciutto;Asfaltata;Verticale ed orizzontale;Sereno;Normale;Buona;Ore Diurne;2;0;0;1;12.5584;42.0393;-1;2;Autovettura privata;In marcia / fermata / arresto;Passeggero;M;Rifiuta cure immediate;0;NON DECEDUTO;Non accertato;
4370779;4;10/05/2019 09:20:00;Provinciale entro l'abitato;VIA NOMENTANA;in corrispondenza;;del civico n.;893;;Scontro laterale fra veicoli in marcia;Rettilineo;Una carreggiata a doppio senso;Asciutto;Asfaltata;Verticale ed orizzontale;Sereno;Normale;Buona;Ore Diurne;1;0;0;2;12.5553;41.9423;-1;1;Motociclo a solo;In marcia / fermata / arresto;Conducente;F;Rimandato;0;NON DECEDUTO;;
4370779;4;10/05/2019 09:20:00;Provinciale entro l'abitato;VIA NOMENTANA;in corrispondenza;;del civico n.;893;;Scontro laterale fra veicoli in marcia;Rettilineo;Una carreggiata a doppio senso;Asciutto;Asfaltata;Verticale ed orizzontale;Sereno;Normale;Buona;Ore Diurne;1;0;0;2;12.5553;41.9423;-1;2;Autovettura privata;In marcia / fermata / arresto;Conducente;M;Illeso;0;;Non accertato;Inesploso
4370779;4;10/05/2019 09:20:00;Provinciale entro l'abitato;VIA NOMENTANA;in corrispondenza;;del civico n.;893;;Scontro laterale fra veicoli in marcia;Rettilineo;Una carreggiata a doppio senso;Asciutto;Asfaltata;Verticale ed orizzontale;Sereno;Normale;Buona;Ore Diurne;1;0;0;2;12.5553;41.9423;-1;2;Autovettura privata;In marcia / fermata / arresto;Passeggero;M;Illeso;0;;;
4370790;1;13/05/2019 08:00:00;Strada Urbana;VIA MARMORATA;da specificare;;;;palo acea 45;Infortunio per sola frenata improvvisa;Rettilineo;Una carreggiata a doppio senso;Asciutto;Acciotolata;Verticale ed orizzontale;Nuvoloso;Normale;Buona;Ore Diurne;1;0;0;0;12.4784;41.8798;-1;1;Motociclo a solo;In marcia / fermata / arresto;Conducente;M;Rimandato;0;NON DECEDUTO;;
4370854;17;12/05/2019 03:05:00;Strada Urbana;VIA DELLA CAMILLUCCIA;da specificare;;;;fronte civ. n. 112;Veicolo in marcia contro veicolo fermo;Rettilineo;Una carreggiata a senso unico di marcia;Bagnato (umidità in atto);Asfaltata;Verticale ed orizzontale;Nuvoloso;Scarso;Sufficiente;Sufficiente;0;0;0;4;12.4488;41.9429;-1;1;Autovettura di polizia;In marcia / fermata / arresto;Conducente;M;Illeso;0;;;
4370854;17;12/05/2019 03:05:00;Strada Urbana;VIA DELLA CAMILLUCCIA;da specificare;;;;fronte civ. n. 112;Veicolo in marcia contro veicolo fermo;Rettilineo;Una carreggiata a senso unico di marcia;Bagnato (umidità in atto);Asfaltata;Verticale ed orizzontale;Nuvoloso;Scarso;Sufficiente;Sufficiente;0;0;0;4;12.4488;41.9429;-1;1;Autovettura di polizia;In marcia / fermata / arresto;Passeggero;M;Illeso;0;;;
4370854;17;12/05/2019 03:05:00;Strada Urbana;VIA DELLA CAMILLUCCIA;da specificare;;;;fronte civ. n. 112;Veicolo in marcia contro veicolo fermo;Rettilineo;Una carreggiata a senso unico di marcia;Bagnato (umidità in atto);Asfaltata;Verticale ed orizzontale;Nuvoloso;Scarso;Sufficiente;Sufficiente;0;0;0;4;12.4488;41.9429;-1;2;Autovettura di polizia;In marcia / fermata / arresto;Conducente;M;Illeso;0;;;
4370854;17;12/05/2019 03:05:00;Strada Urbana;VIA DELLA CAMILLUCCIA;da specificare;;;;fronte civ. n. 112;Veicolo in marcia contro veicolo fermo;Rettilineo;Una carreggiata a senso unico di marcia;Bagnato (umidità in atto);Asfaltata;Verticale ed orizzontale;Nuvoloso;Scarso;Sufficiente;Sufficiente;0;0;0;4;12.4488;41.9429;-1;2;Autovettura di polizia;In marcia / fermata / arresto;Passeggero;M;Illeso;0;;;
4370854;17;12/05/2019 03:05:00;Strada Urbana;VIA DELLA CAMILLUCCIA;da specificare;;;;fronte civ. n. 112;Veicolo in marcia contro veicolo fermo;Rettilineo;Una carreggiata a senso unico di marcia;Bagnato (umidità in atto);Asfaltata;Verticale ed orizzontale;Nuvoloso;Scarso;Sufficiente;Sufficiente;0;0;0;4;12.4488;41.9429;-1;3;Autovettura privata;Sosta;;;;;;;
4370865;17;12/05/2019 23:55:00;Strada Urbana;PIAZZA MONTE GRAPPA;all'intersezione semaforizzata con;VIALE GIUSEPPE MAZZINI;VIALE GIUSEPPE MAZZINI;;;Scontro frontale/laterale DX fra veicoli in marcia;Intersezione semaforizzata;Due carreggiate;Asciutto;Asfaltata;Verticale ed orizzontale;Nuvoloso;Scarso;Sufficiente;Sufficiente;1;0;0;1;12.4693;41.9187;-1;1;Autovettura privata;In marcia / fermata / arresto;Conducente;F;Illeso;0;;;