Protocollo;Gruppo;DataOraIncidente;Localizzazione1;STRADA1;Localizzazione2;STRADA2;Strada02;Chilometrica;DaSpecificare;NaturaIncidente;particolaritastrade;TipoStrada;FondoStradale;Pavimentazione;Segnaletica;CondizioneAtmosferica;Traffico;Visibilita;Illuminazione;NUM_FERITI;NUM_RISERVATA;NUM_MORTI;NUM_ILLESI;Longitudine;Latitudine;Confermato;Progressivo;TipoVeicolo;StatoVeicolo;TipoPersona;Sesso;Tipolesione;Deceduto;DecedutoDopo;CinturaCascoUtilizzato;Airbag;
4376791;17;16/05/2019 07:50:00;Strada Urbana;VIALE ANGELICO;all'intersezione con;VIA SABOTINO;VIA SABOTINO;;;Ribaltamento senza urto contro ostacolo fisso;Incrocio;Due carreggiate;Asciutto;Asfaltata;Verticale ed orizzontale;Sereno;Normale;Buona;Ore Diurne;1;0;0;1;12.4586;41.9172;0;1;Motociclo a solo;In marcia / fermata / arresto;Conducente;M;Rimandato;0;NON DECEDUTO;;
4376791;17;16/05/2019 07:50:00;Strada Urbana;VIALE ANGELICO;all'intersezione con;VIA SABOTINO;VIA SABOTINO;;;Ribaltamento senza urto contro ostacolo fisso;Incrocio;Due carreggiate;Asciutto;Asfaltata;Verticale ed orizzontale;Sereno;Normale;Buona;Ore Diurne;1;0;0;1;12.4586;41.9172;0;2;Autovettura privata;In marcia / fermata / arresto;Conducente;F;Illeso;0;;;
4376893;15;16/05/2019 08:20:00;Strada Urbana;VIA DELLA MAGLIANA;da specificare;;;;rampa di accesso per Viale I. Newton;Scontro laterale fra veicoli in marcia;Curva senza visuale libera;Una carreggiata a senso unico di marcia;Asciutto;Asfaltata;Assente;Sereno;Normale;Buona;Ore Diurne;0;0;0;2;12.4196;41.8317;-1;1;Autovettura privata;In marcia / fermata / arresto;Conducente;F;Illeso;0;;Non accertato;Inesploso
4376893;15;16/05/2019 08:20:00;Strada Urbana;VIA DELLA MAGLIANA;da specificare;;;;rampa di accesso per Viale I. Newton;Scontro laterale fra veicoli in marcia;Curva senza visuale libera;Una carreggiata a senso unico di marcia;Asciutto;Asfaltata;Assente;Sereno;Normale;Buona;Ore Diurne;0;0;0;2;12.4196;41.8317;-1;2;Autovettura privata;In marcia / fermata / arresto;Conducente;M;Illeso;0;;Non accertato;Inesploso
4377075;1;16/05/2019 09:20:00;Strada Urbana;SOTTOPASSO TURBIGO;da specificare;;;;.;Investimento di pedone;Rettilineo;Due carreggiate;Asciutto;Asfaltata;Verticale ed orizzontale;Sereno;Normale;Buona;Ore Diurne;1;0;0;1;12.506;41.8983;-1;;;;Pedone;M;Rimandato;0;NON DECEDUTO;;
4377075;1;16/05/2019 09:20:00;Strada Urbana;SOTTOPASSO TURBIGO;da specificare;;;;.;Investimento di pedone;Rettilineo;Due carreggiate;Asciutto;Asfaltata;Verticale ed orizzontale;Sereno;Normale;Buona;Ore Diurne;1;0;0;1;12.506;41.8983;-1;1;Autovettura privata;In marcia / fermata / arresto;Conducente;M;Illeso;0;;Non accertato;Inesploso
4377145;1;15/05/2019 11:40:00;Strada Urbana;VIALE MANZONI;in corrispondenza;;del civico n.;35/37;;Scontro laterale fra veicoli in marcia;Rettilineo;Una carreggiata a doppio senso;Bagnato (pioggia);Asfaltata;Verticale ed orizzontale;Pioggia in atto;Normale;Sufficiente;Ore Diurne;0;0;0;2;12.5077;41.8907;-1;1;Autovettura privata;In marcia / fermata / arresto;Conducente;M;Illeso;0;;Non accertato;
4377145;1;15/05/2019 11:40:00;Strada Urbana;VIALE MANZONI;in corrispondenza;;del civico n.;35/37;;Scontro laterale fra veicoli in marcia;Rettilineo;Una carreggiata a doppio senso;Bagnato (pioggia);Asfaltata;Verticale ed orizzontale;Pioggia in atto;Normale;Sufficiente;Ore Diurne;0;0;0;2;12.5077;41.8907;-1;2;Autobus urbano;In marcia / fermata / arresto;Conducente;M;Illeso;0;;Non utilizzato;Inesploso
4377173;2;16/05/2019 12:20:00;Strada Urbana;LUNGOTEVERE FLAMINIO;in prossimità;;del civico n.;85;;Infortunio per sola frenata improvvisa;Curva a visuale libera;Una carreggiata a doppio senso;Asciutto;Asfaltata;Verticale ed orizzontale;Sereno;Normale;Buona;Ore Diurne;1;0;0;3;12.4613;41.9292;-1;1;Motociclo a solo;In marcia / fermata / arresto;Conducente;M;Rimandato;0;NON DECEDUTO;Non accertato;
4377173;2;16/05/2019 12:20:00;Strada Urbana;LUNGOTEVERE FLAMINIO;in prossimità;;del civico n.;85;;Infortunio per sola frenata improvvisa;Curva a visuale libera;Una carreggiata a doppio senso;Asciutto;Asfaltata;Verticale ed orizzontale;Sereno;Normale;Buona;Ore Diurne;1;0;0;3;12.4613;41.9292;-1;2;Autovettura privata;In marcia / fermata / arresto;Conducente;M;Illeso;0;;;
4377173;2;16/05/2019 12:20:00;Strada Urbana;LUNGOTEVERE FLAMINIO;in prossimità;;del civico n.;85;;Infortunio per sola frenata improvvisa;Curva a visuale libera;Una carreggiata a doppio senso;Asciutto;Asfaltata;Verticale ed orizzontale;Sereno;Normale;Buona;Ore Diurne;1;0;0;3;12.4613;41.9292;-1;2;Autovettura privata;In marcia / fermata / arresto;Passeggero;M;Illeso;0;;Non accertato;Inesploso
4377173;2;16/05/2019 12:20:00;Strada Urbana;LUNGOTEVERE FLAMINIO;in prossimità;;del civico n.;85;;Infortunio per sola frenata improvvisa;Curva a visuale libera;Una carreggiata a doppio senso;Asciutto;Asfaltata;Verticale ed orizzontale;Sereno;Normale;Buona;Ore Diurne;1;0;0;3;12.4613;41.9292;-1;3;Autovettura privata;In marcia / fermata / arresto;Conducente;F;Illeso;0;;;
4377182;18;15/05/2019 20:10:00;Strada Urbana;VIA ANASTASIO II;in prossimità;;del civico n.;167;;Veicolo in marcia contro ostacolo fisso;Curva senza visuale libera;Due carreggiate;Bagnato (pioggia);Asfaltata;Verticale ed orizzontale;Pioggia in atto;Scarso;Insufficiente;Insufficiente;0;0;0;1;12.4426;41.8978;-1;1;Quadriciclo;In marcia / fermata / arresto;Conducente;M;Illeso;0;;;
4377329;1;16/05/2019 14:00:00;Strada Urbana;VIA MERULANA;in prossimità;;del civico n.;2;;Scontro laterale fra veicoli in marcia;Rettilineo;Una carreggiata a doppio senso;Asciutto;Asfaltata;Verticale ed orizzontale;Sereno;Intenso;Buona;Ore Diurne;0;0;0;2;12.4993;41.8966;-1;1;Autovettura privata;In marcia / fermata / arresto;Conducente;M;Illeso;0;;Non utilizzato;Inesploso
4377329;1;16/05/2019 14:00:00;Strada Urbana;VIA MERULANA;in prossimità;;del civico n.;2;;Scontro laterale fra veicoli in marcia;Rettilineo;Una carreggiata a doppio senso;Asciutto;Asfaltata;Verticale ed orizzontale;Sereno;Intenso;Buona;Ore Diurne;0;0;0;2;12.4993;41.8966;-1;2;Autovettura privata;In marcia / fermata / arresto;Conducente;M;Illeso;0;;;
4377346;1;16/05/2019 11:10:00;Strada Urbana;VIA MERULANA;all'intersezione semaforizzata con;VIALE MANZONI;VIALE MANZONI;;;Scontro laterale fra veicoli in marcia;Intersezione semaforizzata;Una carreggiata a doppio senso;Asciutto;Asfaltata;Verticale ed orizzontale;Sereno;Normale;Buona;Ore Diurne;0;0;0;2;12.5021;41.8917;-1;1;Autovettura privata;In marcia / fermata / arresto;Conducente;M;Illeso;0;;Non accertato;Inesploso
4377346;1;16/05/2019 11:10:00;Strada Urbana;VIA MERULANA;all'intersezione semaforizzata con;VIALE MANZONI;VIALE MANZONI;;;Scontro laterale fra veicoli in marcia;Intersezione semaforizzata;Una carreggiata a doppio senso;Asciutto;Asfaltata;Verticale ed orizzontale;Sereno;Normale;Buona;Ore Diurne;0;0;0;2;12.5021;41.8917;-1;2;Veicolo speciale;In marcia / fermata / arresto;Conducente;M;Illeso;0;;Non utilizzato;Inesploso
4377372;13;16/05/2019 16:00:00;Strada Urbana;VIA MENIPPO;in prossimità;;del civico n.;14;;Investimento di pedone;Rettilineo;Una carreggiata a doppio senso;Asciutto;Asfaltata;Verticale;Sereno;Scarso;Buona;Ore Diurne;0;0;0;3;12.3607;41.7598;-1;;;;Pedone;M;Illeso;0;;;
4377372;13;16/05/2019 16:00:00;Strada Urbana;VIA MENIPPO;in prossimità;;del civico n.;14;;Investimento di pedone;Rettilineo;Una carreggiata a doppio senso;Asciutto;Asfaltata;Verticale;Sereno;Scarso;Buona;Ore Diurne;0;0;0;3;12.3607;41.7598;-1;1;Autovettura privata;In marcia / fermata / arresto;Conducente;M;Illeso;0;;Non accertato;Inesploso
4377372;13;16/05/2019 16:00:00;Strada Urbana;VIA MENIPPO;in prossimità;;del civico n.;14;;Investimento di pedone;Rettilineo;Una carreggiata a doppio senso;Asciutto;Asfaltata;Verticale;Sereno;Scarso;Buona;Ore Diurne;0;0;0;3;12.3607;41.7598;-1;1;Autovettura privata;In marcia / fermata / arresto;Passeggero;F;Illeso;0;;Non accertato;Inesploso
4377457;16;15/05/2019 12:50:00;Strada Urbana;VIA DEL CASALE LUMBROSO;da specificare;;;;ALT. VIA PIO SPEZI intersezione Cavalcavia Aurelia;Scontro frontale fra veicoli in marcia;Rettilineo;Una carreggiata a doppio senso;Bagnato (pioggia);Asfaltata;Assente;Pioggia in atto;Normale;Sufficiente;Ore Diurne;1;0;0;2;12.3601;41.8671;-1;1;Autovettura privata;In marcia / fermata / arresto;Conducente;M;Illeso;0;;Non accertato;Inesploso
4377457;16;15/05/2019 12:50:00;Strada Urbana;VIA DEL CASALE LUMBROSO;da specificare;;;;ALT. VIA PIO SPEZI intersezione Cavalcavia Aurelia;Scontro frontale fra veicoli in marcia;Rettilineo;Una carreggiata a doppio senso;Bagnato (pioggia);Asfaltata;Assente;Pioggia in atto;Normale;Sufficiente;Ore Diurne;1;0;0;2;12.3601;41.8671;-1;1;Autovettura privata;In marcia / fermata / arresto;Passeggero;F;Illeso;0;;Non accertato;Inesploso
4377457;16;15/05/2019 12:50:00;Strada Urbana;VIA DEL CASALE LUMBROSO;da specificare;;;;ALT. VIA PIO SPEZI intersezione Cavalcavia Aurelia;Scontro frontale fra veicoli in marcia;Rettilineo;Una carreggiata a doppio senso;Bagnato (pioggia);Asfaltata;Assente;Pioggia in atto;Normale;Sufficiente;Ore Diurne;1;0;0;2;12.3601;41.8671;-1;2;Autovettura privata;In marcia / fermata / arresto;Conducente;F;Rimandato;0;NON DECEDUTO;Non accertato;Esploso
4377461;15;16/05/2019 09:45:00;Strada Urbana;VIA VINCENZO STATELLA;all'intersezione con;VIA GIANNETTO VALLI;VIA GIANNETTO VALLI;;;Scontro laterale fra veicoli in marcia;Incrocio;Una carreggiata a doppio senso;Asciutto;Asfaltata;Orizzontale;Sereno;Normale;Buona;Ore Diurne;1;0;0;2;12.4511;41.8535;-1;1;Motociclo a solo;In marcia / fermata / arresto;Conducente;M;Rimandato;0;NON DECEDUTO;Non accertato;
4377461;15;16/05/2019 09:45:00;Strada Urbana;VIA VINCENZO STATELLA;all'intersezione con;VIA GIANNETTO VALLI;VIA GIANNETTO VALLI;;;Scontro laterale fra veicoli in marcia;Incrocio;Una carreggiata a doppio senso;Asciutto;Asfaltata;Orizzontale;Sereno;Normale;Buona;Ore Diurne;1;0;0;2;12.4511;41.8535;-1;2;Autocarro inferiore 35 q.;In marcia / fermata / arresto;Conducente;M;Illeso;0;;Non accertato;Inesploso
4377461;15;16/05/2019 09:45:00;Strada Urbana;VIA VINCENZO STATELLA;all'intersezione con;VIA GIANNETTO VALLI;VIA GIANNETTO VALLI;;;Scontro laterale fra veicoli in marcia;Incrocio;Una carreggiata a doppio senso;Asciutto;Asfaltata;Orizzontale;Sereno;Normale;Buona;Ore Diurne;1;0;0;2;12.4511;41.8535;-1;2;Autocarro inferiore 35 q.;In marcia / fermata / arresto;Passeggero;M;Illeso;0;;Non accertato;Inesploso
4377461;15;16/05/2019 09:45:00;Strada Urbana;VIA VINCENZO STATELLA;all'intersezione con;VIA GIANNETTO VALLI;VIA GIANNETTO VALLI;;;Scontro laterale fra veicoli in marcia;Incrocio;Una carreggiata a doppio senso;Asciutto;Asfaltata;Orizzontale;Sereno;Normale;Buona;Ore Diurne;1;0;0;2;12.4511;41.8535;-1;3;Autovettura privata;Sosta;;;;;;;
4377482;13;16/05/2019 16:50:00;Strada Urbana;VIALE ENRICO ORTOLANI;all'intersezione con;VIA NAPOLEONE PARISANI;VIA NAPOLEONE PARISANI;;;Scontro laterale fra veicoli in marcia;Rotatoria;Una carreggiata a doppio senso;Asciutto;Asfaltata;Verticale ed orizzontale;Sereno;Normale;Buona;Ore Diurne;0;0;0;3;12.3353;41.7722;-1;1;Autocarro inferiore 35 q.;In marcia / fermata / arresto;Conducente;M;Illeso;0;;Non accertato;Inesistente
4377482;13;16/05/2019 16:50:00;Strada Urbana;VIALE ENRICO ORTOLANI;all'intersezione con;VIA NAPOLEONE PARISANI;VIA NAPOLEONE PARISANI;;;Scontro laterale fra veicoli in marcia;Rotatoria;Una carreggiata a doppio senso;Asciutto;Asfaltata;Verticale ed orizzontale;Sereno;Normale;Buona;Ore Diurne;0;0;0;3;12.3353;41.7722;-1;2;Autovettura privata;In marcia / fermata / arresto;Conducente;F;Illeso;0;;Non accertato;Inesploso
4377482;13;16/05/2019 16:50:00;Strada Urbana;VIALE ENRICO ORTOLANI;all'intersezione con;VIA NAPOLEONE PARISANI;VIA NAPOLEONE PARISANI;;;Scontro laterale fra veicoli in marcia;Rotatoria;Una carreggiata a doppio senso;Asciutto;Asfaltata;Verticale ed orizzontale;Sereno;Normale;Buona;Ore Diurne;0;0;0;3;12.3353;41.7722;-1;2;Autovettura privata;In marcia / fermata / arresto;Passeggero;M;Illeso;0;;Non accertato;Inesploso
4377504;6;16/05/2019 19:10:00;Strada Urbana;VIALE DELLA PRIMAVERA;in prossimità;;del civico n.;57;;Scontro laterale fra veicoli in marcia;Rettilineo;Due carreggiate;Asciutto;Asfaltata;Orizzontale;Sereno;Normale;Buona;Ore Diurne;0;0;0;3;12.5612;41.8859;-1;1;Autovettura privata;In marcia / fermata / arresto;Conducente;M;Illeso;0;;Non accertato;Inesploso
4377504;6;16/05/2019 19:10:00;Strada Urbana;VIALE DELLA PRIMAVERA;in prossimità;;del civico n.;57;;Scontro laterale fra veicoli in marcia;Rettilineo;Due carreggiate;Asciutto;Asfaltata;Orizzontale;Sereno;Normale;Buona;Ore Diurne;0;0;0;3;12.5612;41.8859;-1;1;Autovettura privata;In marcia / fermata / arresto;Passeggero;M;Illeso;0;;Non accertato;Inesploso
4377504;6;16/05/2019 19:10:00;Strada Urbana;VIALE DELLA PRIMAVERA;in prossimità;;del civico n.;57;;Scontro laterale fra veicoli in marcia;Rettilineo;Due carreggiate;Asciutto;Asfaltata;Orizzontale;Sereno;Normale;Buona;Ore Diurne;0;0;0;3;12.5612;41.8859;-1;2;Ciclomotore;In marcia / fermata / arresto;Conducente;M;Illeso;0;;Non accertato;
4377561;17;16/05/2019 04:30:00;Strada Urbana;VIA CARLO ALBERTO DALLA CHIESA;da specificare;;;;nei pressi dell'intersez. con VIALE GIULIO CESARE;Veicolo in marcia contro veicoli in sosta;Rettilineo;Una carreggiata a doppio senso;Asciutto;Asfaltata;Verticale ed orizzontale;Sereno;Normale;Buona;Sufficiente;0;0;0;1;12.4611;41.9116;-1;1;Autovettura privata;Sosta;;;;;;;
4377561;17;16/05/2019 04:30:00;Strada Urbana;VIA CARLO ALBERTO DALLA CHIESA;da specificare;;;;nei pressi dell'intersez. con VIALE GIULIO CESARE;Veicolo in marcia contro veicoli in sosta;Rettilineo;Una carreggiata a doppio senso;Asciutto;Asfaltata;Verticale ed orizzontale;Sereno;Normale;Buona;Sufficiente;0;0;0;1;12.4611;41.9116;-1;2;Autovettura privata;Sosta;;;;;;;
4377561;17;16/05/2019 04:30:00;Strada Urbana;VIA CARLO ALBERTO DALLA CHIESA;da specificare;;;;nei pressi dell'intersez. con VIALE GIULIO CESARE;Veicolo in marcia contro veicoli in sosta;Rettilineo;Una carreggiata a doppio senso;Asciutto;Asfaltata;Verticale ed orizzontale;Sereno;Normale;Buona;Sufficiente;0;0;0;1;12.4611;41.9116;-1;3;Autovettura privata;In marcia / fermata / arresto;Conducente;F;Illeso;0;;;
4377562;15;16/05/2019 17:50:00;Strada Urbana;VIA DELLA MAGLIANA;da specificare;;;;altezza Via Mondolfo dir. V.le I. Newton;Scontro laterale fra veicoli in marcia;Rettilineo;Una carreggiata a doppio senso;Asciutto;Asfaltata;Verticale ed orizzontale;Sereno;Normale;Buona;Ore Diurne;0;0;0;6;12.4196;41.8317;-1;1;Autovettura privata;In marcia / fermata / arresto;Conducente;M;Illeso;0;;Non accertato;Inesploso
4377562;15;16/05/2019 17:50:00;Strada Urbana;VIA DELLA MAGLIANA;da specificare;;;;altezza Via Mondolfo dir. V.le I. Newton;Scontro laterale fra veicoli in marcia;Rettilineo;Una carreggiata a doppio senso;Asciutto;Asfaltata;Verticale ed orizzontale;Sereno;Normale;Buona;Ore Diurne;0;0;0;6;12.4196;41.8317;-1;1;Autovettura privata;In marcia / fermata / arresto;Passeggero;F;Illeso;0;;Non accertato;Inesploso
4377562;15;16/05/2019 17:50:00;Strada Urbana;VIA DELLA MAGLIANA;da specificare;;;;altezza Via Mondolfo dir. V.le I. Newton;Scontro laterale fra veicoli in marcia;Rettilineo;Una carreggiata a doppio senso;Asciutto;Asfaltata;Verticale ed orizzontale;Sereno;Normale;Buona;Ore Diurne;0;0;0;6;12.4196;41.8317;-1;1;Autovettura privata;In marcia / fermata / arresto;Passeggero;F;Illeso;0;;Non accertato;Inesploso
4377562;15;16/05/2019 17:50:00;Strada Urbana;VIA DELLA MAGLIANA;da specificare;;;;altezza Via Mondolfo dir. V.le I. Newton;Scontro laterale fra veicoli in marcia;Rettilineo;Una carreggiata a doppio senso;Asciutto;Asfaltata;Verticale ed orizzontale;Sereno;Normale;Buona;Ore Diurne;0;0;0;6;12.4196;41.8317;-1;1;Autovettura privata;In marcia / fermata / arresto;Passeggero;F;Illeso;0;;Non accertato;Inesploso
4377562;15;16/05/2019 17:50:00;Strada Urbana;VIA DELLA MAGLIANA;da specificare;;;;altezza Via Mondolfo dir. V.le I. Newton;Scontro laterale fra veicoli in marcia;Rettilineo;Una carreggiata a doppio senso;Asciutto;Asfaltata;Verticale ed orizzontale;Sereno;Normale;Buona;Ore Diurne;0;0;0;6;12.4196;41.8317;-1;1;Autovettura privata;In marcia / fermata / arresto;Passeggero;F;Illeso;0;;Non accertato;Inesploso
4377562;15;16/05/2019 17:50:00;Strada Urbana;VIA DELLA MAGLIANA;da specificare;;;;altezza Via Mondolfo dir. V.le I. Newton;Scontro laterale fra veicoli in marcia;Rettilineo;Una carreggiata a doppio senso;Asciutto;Asfaltata;Verticale ed orizzontale;Sereno;Normale;Buona;Ore Diurne;0;0;0;6;12.4196;41.8317;-1;2;Autovettura privata;In marcia / fermata / arresto;Conducente;F;Illeso;0;;Non accertato;Inesploso
4377575;15;16/05/2019 17:30:00;Strada Urbana;VIA ANTONIO PACINOTTI;all'intersezione con;PIAZZA DELLA RADIO;PIAZZA DELLA RADIO;;;Infortunio per sola frenata improvvisa;Intersezione semaforizzata;Una carreggiata a doppio senso;Asciutto;Asfaltata;Verticale ed orizzontale;Sereno;Normale;Buona;Ore Diurne;1;0;0;0;12.4675;41.871;-1;1;Motociclo a solo;In marcia / fermata / arresto;Conducente;M;Rimandato;0;NON DECEDUTO;Non accertato;
4377607;7;16/05/2019 20:40:00;Strada Urbana;VIA DEI GELSI;all'intersezione con;VIA DELLE BETULLE;VIA DELLE BETULLE;;;Scontro frontale/laterale DX fra veicoli in marcia;Incrocio;Due carreggiate;Asciutto;Asfaltata;Verticale ed orizzontale;Sereno;Scarso;Buona;Sufficiente;0;0;0;3;12.5635;41.8881;-1;1;Motociclo con passeggero;In marcia / fermata / arresto;Conducente;M;Illeso;0;;;
4377607;7;16/05/2019 20:40:00;Strada Urbana;VIA DEI GELSI;all'intersezione con;VIA DELLE BETULLE;VIA DELLE BETULLE;;;Scontro frontale/laterale DX fra veicoli in marcia;Incrocio;Due carreggiate;Asciutto;Asfaltata;Verticale ed orizzontale;Sereno;Scarso;Buona;Sufficiente;0;0;0;3;12.5635;41.8881;-1;1;Motociclo con passeggero;In marcia / fermata / arresto;Passeggero;M;Illeso;0;;;
4377607;7;16/05/2019 20:40:00;Strada Urbana;VIA DEI GELSI;all'intersezione con;VIA DELLE BETULLE;VIA DELLE BETULLE;;;Scontro frontale/laterale DX fra veicoli in marcia;Incrocio;Due carreggiate;Asciutto;Asfaltata;Verticale ed orizzontale;Sereno;Scarso;Buona;Sufficiente;0;0;0;3;12.5635;41.8881;-1;2;Autovettura privata;In marcia / fermata / arresto;Conducente;M;Illeso;0;;Non accertato;Inesploso
4377691;13;16/05/2019 19:30:00;Strada Urbana;VIA CESARE MACCARI;all'intersezione con;VIA DI PRATO CORNELIO;VIA DI PRATO CORNELIO;;;Scontro frontale/laterale DX fra veicoli in marcia;Incrocio;Una carreggiata a doppio senso;Asciutto;Asfaltata;Verticale ed orizzontale;Sereno;Normale;Buona;Ore Diurne;0;0;0;4;12.3588;41.7724;-1;1;Autovettura privata;In marcia / fermata / arresto;Conducente;F;Illeso;0;;Non accertato;Inesploso
4377691;13;16/05/2019 19:30:00;Strada Urbana;VIA CESARE MACCARI;all'intersezione con;VIA DI PRATO CORNELIO;VIA DI PRATO CORNELIO;;;Scontro frontale/laterale DX fra veicoli in marcia;Incrocio;Una carreggiata a doppio senso;Asciutto;Asfaltata;Verticale ed orizzontale;Sereno;Normale;Buona;Ore Diurne;0;0;0;4;12.3588;41.7724;-1;2;Autovettura privata;In marcia / fermata / arresto;Conducente;F;Illeso;0;;Non accertato;Inesploso
4377691;13;16/05/2019 19:30:00;Strada Urbana;VIA CESARE MACCARI;all'intersezione con;VIA DI PRATO CORNELIO;VIA DI PRATO CORNELIO;;;Scontro frontale/laterale DX fra veicoli in marcia;Incrocio;Una carreggiata a doppio senso;Asciutto;Asfaltata;Verticale ed orizzontale;Sereno;Normale;Buona;Ore Diurne;0;0;0;4;12.3588;41.7724;-1;3;Autovettura privata;In marcia / fermata / arresto;Conducente;M;Illeso;0;;Non accertato;Inesploso
4377691;13;16/05/2019 19:30:00;Strada Urbana;VIA CESARE MACCARI;all'intersezione con;VIA DI PRATO CORNELIO;VIA DI PRATO CORNELIO;;;Scontro frontale/laterale DX fra veicoli in marcia;Incrocio;Una carreggiata a doppio senso;Asciutto;Asfaltata;Verticale ed orizzontale;Sereno;Normale;Buona;Ore Diurne;0;0;0;4;12.3588;41.7724;-1;3;Autovettura privata;In marcia / fermata / arresto;Passeggero;F;Illeso;0;;Non accertato;Inesploso
4377932;9;16/05/2019 11:30:00;Strada Urbana;VIA APPIA NUOVA;da specificare;;;;fronte CIV.610;Investimento di pedone;Rettilineo;Due carreggiate;Asciutto;Asfaltata;Orizzontale;Sereno;Normale;Buona;Ore Diurne;1;0;0;1;12.5599;41.8262;-1;;;;Pedone;M;Rimandato;0;NON DECEDUTO;;
4377932;9;16/05/2019 11:30:00;Strada Urbana;VIA APPIA NUOVA;da specificare;;;;fronte CIV.610;Investimento di pedone;Rettilineo;Due carreggiate;Asciutto;Asfaltata;Orizzontale;Sereno;Normale;Buona;Ore Diurne;1;0;0;1;12.5599;41.8262;-1;1;Autovettura privata;In marcia / fermata / arresto;Conducente;M;Illeso;0;;;
4377945;10;16/05/2019 23:15:00;Strada Urbana;VIA DELLE CAPANNELLE;in prossimità;;del civico n.;142;;Scontro frontale/laterale DX fra veicoli in marcia;Rettilineo;Una carreggiata a doppio senso;Asciutto;Asfaltata;Orizzontale;Sereno;Scarso;Sufficiente;Sufficiente;1;0;0;2;12.5724;41.8357;-1;1;Motociclo a solo;In marcia / fermata / arresto;Conducente;M;Rimandato;0;NON DECEDUTO;Non accertato;
4377945;10;16/05/2019 23:15:00;Strada Urbana;VIA DELLE CAPANNELLE;in prossimità;;del civico n.;142;;Scontro frontale/laterale DX fra veicoli in marcia;Rettilineo;Una carreggiata a doppio senso;Asciutto;Asfaltata;Orizzontale;Sereno;Scarso;Sufficiente;Sufficiente;1;0;0;2;12.5724;41.8357;-1;2;Autovettura privata;In marcia / fermata / arresto;Conducente;M;Illeso;0;;Non accertato;Inesploso
4377945;10;16/05/2019 23:15:00;Strada Urbana;VIA DELLE CAPANNELLE;in prossimità;;del civico n.;142;;Scontro frontale/laterale DX fra veicoli in marcia;Rettilineo;Una carreggiata a doppio senso;Asciutto;Asfaltata;Orizzontale;Sereno;Scarso;Sufficiente;Sufficiente;1;0;0;2;12.5724;41.8357;-1;2;Autovettura privata;In marcia / fermata / arresto;Passeggero;M;Illeso;0;;Non accertato;Inesploso
4377946;11;16/05/2019 09:05:00;Strada Urbana;VIALE GUGLIELMO MARCONI;all'intersezione semaforizzata con;PIAZZALE TOMMASO EDISON;PIAZZALE TOMMASO EDISON;;;Tamponamento;Intersezione semaforizzata;Due carreggiate;Asciutto;Asfaltata;Verticale ed orizzontale;Sereno;Normale;Buona;Ore Diurne;0;0;0;2;12.4708;41.8587;-1;1;Autocarro inferiore 35 q.;In marcia / fermata / arresto;Conducente;M;Illeso;0;;;
4377946;11;16/05/2019 09:05:00;Strada Urbana;VIALE GUGLIELMO MARCONI;all'intersezione semaforizzata con;PIAZZALE TOMMASO EDISON;PIAZZALE TOMMASO EDISON;;;Tamponamento;Intersezione semaforizzata;Due carreggiate;Asciutto;Asfaltata;Verticale ed orizzontale;Sereno;Normale;Buona;Ore Diurne;0;0;0;2;12.4708;41.8587;-1;2;Autovettura privata;In marcia / fermata / arresto;Conducente;F;Illeso;0;;;
4377952;6;16/05/2019 12:00:00;Strada Urbana;VIA SAMPIERO DI BASTELICA;all'intersezione con;VIA GUGLIELMO DEGLI UBERTINI;VIA GUGLIELMO DEGLI UBERTINI;;;Scontro laterale fra veicoli in marcia;Incrocio;Una carreggiata a senso unico di marcia;Asciutto;Asfaltata;Verticale ed orizzontale;Sereno;Normale;Buona;Ore Diurne;0;0;0;2;12.5404;41.8909;-1;1;Autovettura privata;In marcia / fermata / arresto;Conducente;M;Illeso;0;;;
4377952;6;16/05/2019 12:00:00;Strada Urbana;VIA SAMPIERO DI BASTELICA;all'intersezione con;VIA GUGLIELMO DEGLI UBERTINI;VIA GUGLIELMO DEGLI UBERTINI;;;Scontro laterale fra veicoli in marcia;Incrocio;Una carreggiata a senso unico di marcia;Asciutto;Asfaltata;Verticale ed orizzontale;Sereno;Normale;Buona;Ore Diurne;0;0;0;2;12.5404;41.8909;-1;2;Autocarro inferiore 35 q.;In marcia / fermata / arresto;Conducente;M;Illeso;0;;;
4377957;3;16/05/2019 02:50:00;Strada Urbana;VIALE TIRRENO;da specificare;;;;fronte civico 220;Scontro laterale fra veicoli in marcia;Rettilineo;Una carreggiata a senso unico di marcia;Bagnato (pioggia);Asfaltata;Verticale ed orizzontale;Nuvoloso;Scarso;Buona;Sufficiente;1;0;0;4;12.5293;41.9405;-1;1;Autovettura privata;In marcia / fermata / arresto;Conducente;F;Illeso;0;;Non accertato;Inesploso
4377957;3;16/05/2019 02:50:00;Strada Urbana;VIALE TIRRENO;da specificare;;;;fronte civico 220;Scontro laterale fra veicoli in marcia;Rettilineo;Una carreggiata a senso unico di marcia;Bagnato (pioggia);Asfaltata;Verticale ed orizzontale;Nuvoloso;Scarso;Buona;Sufficiente;1;0;0;4;12.5293;41.9405;-1;1;Autovettura privata;In marcia / fermata / arresto;Passeggero;M;Illeso;0;;Non accertato;Inesploso