Protocollo;Gruppo;DataOraIncidente;Localizzazione1;STRADA1;Localizzazione2;STRADA2;Strada02;Chilometrica;DaSpecificare;NaturaIncidente;particolaritastrade;TipoStrada;FondoStradale;Pavimentazione;Segnaletica;CondizioneAtmosferica;Traffico;Visibilita;Illuminazione;NUM_FERITI;NUM_RISERVATA;NUM_MORTI;NUM_ILLESI;Longitudine;Latitudine;Confermato;Progressivo;TipoVeicolo;StatoVeicolo;TipoPersona;Sesso;Tipolesione;Deceduto;DecedutoDopo;CinturaCascoUtilizzato;Airbag;
4382534;7;17/05/2019 13:00:00;Strada Urbana;VIA TOR DE' SCHIAVI;all'intersezione con;VIA DEI GLICINI;VIA DEI GLICINI;;;Scontro frontale/laterale SX fra veicoli in marcia;Incrocio;Una carreggiata a doppio senso;Bagnato (pioggia);Asfaltata;Verticale ed orizzontale;Sereno;Scarso;Buona;Ore Diurne;0;0;0;3;12.5639;41.8797;-1;2;Autovettura privata;In marcia / fermata / arresto;Conducente;M;Illeso;0;;;
4382537;17;17/05/2019 16:00:00;Strada Urbana;VIA VITTORIO ARMINJON;in prossimità;;del civico n.;1;;Veicolo in marcia contro veicolo fermo;Rettilineo;Una carreggiata a senso unico di marcia;Asciutto;Asfaltata;Verticale ed orizzontale;Sereno;Scarso;Buona;Ore Diurne;0;0;0;4;12.4558;41.9109;-1;1;Motociclo a solo;In marcia / fermata / arresto;Conducente;M;Illeso;0;;;
4382537;17;17/05/2019 16:00:00;Strada Urbana;VIA VITTORIO ARMINJON;in prossimità;;del civico n.;1;;Veicolo in marcia contro veicolo fermo;Rettilineo;Una carreggiata a senso unico di marcia;Asciutto;Asfaltata;Verticale ed orizzontale;Sereno;Scarso;Buona;Ore Diurne;0;0;0;4;12.4558;41.9109;-1;2;Autovettura privata;In marcia / fermata / arresto;Conducente;M;Illeso;0;;;
4382537;17;17/05/2019 16:00:00;Strada Urbana;VIA VITTORIO ARMINJON;in prossimità;;del civico n.;1;;Veicolo in marcia contro veicolo fermo;Rettilineo;Una carreggiata a senso unico di marcia;Asciutto;Asfaltata;Verticale ed orizzontale;Sereno;Scarso;Buona;Ore Diurne;0;0;0;4;12.4558;41.9109;-1;2;Autovettura privata;In marcia / fermata / arresto;Passeggero;F;Illeso;0;;;
4382537;17;17/05/2019 16:00:00;Strada Urbana;VIA VITTORIO ARMINJON;in prossimità;;del civico n.;1;;Veicolo in marcia contro veicolo fermo;Rettilineo;Una carreggiata a senso unico di marcia;Asciutto;Asfaltata;Verticale ed orizzontale;Sereno;Scarso;Buona;Ore Diurne;0;0;0;4;12.4558;41.9109;-1;2;Autovettura privata;In marcia / fermata / arresto;Passeggero;M;Illeso;0;;;
4382542;13;19/05/2019 10:20:00;Strada Urbana;VIA DI PONTE LADRONE;in prossimità;;del civico n.;70c;;Veicolo in marcia contro ostacolo accidentale;Curva a visuale libera;Una carreggiata a doppio senso;Bagnato (pioggia);Asfaltata;Assente;Nuvoloso;Normale;Buona;Ore Diurne;0;0;0;1;12.3781;41.7855;-1;1;Autovettura privata;In marcia / fermata / arresto;Conducente;F;Illeso;0;;Non accertato;Inesploso
4382543;4;18/05/2019 17:40:00;Statale entro l'abitato;VIA SALARIA;da specificare;;;;(direzione GRA sotto cavalcavia MCTC);Veicolo in marcia contro ostacolo accidentale;Curva senza visuale libera;Due carreggiate;Bagnato (pioggia);Asfaltata;Orizzontale;Pioggia in atto;Normale;Buona;Ore Diurne;0;0;0;1;12.5141;41.9923;-1;1;Autovettura privata;In marcia / fermata / arresto;Conducente;F;Illeso;0;;Non accertato;Inesploso
4382544;5;17/05/2019 16:45:00;Strada Urbana;VIA DEL CASALE DI S. BASILIO;da specificare;;;;direzione Nomentana f.c. 152;Tamponamento;Rettilineo;Una carreggiata a doppio senso;Asciutto;Asfaltata;Verticale ed orizzontale;Sereno;Intenso;Buona;Ore Diurne;0;0;0;5;12.584;41.9337;-1;1;Autovettura privata;In marcia / fermata / arresto;Conducente;M;Illeso;0;;Non accertato;
4382544;5;17/05/2019 16:45:00;Strada Urbana;VIA DEL CASALE DI S. BASILIO;da specificare;;;;direzione Nomentana f.c. 152;Tamponamento;Rettilineo;Una carreggiata a doppio senso;Asciutto;Asfaltata;Verticale ed orizzontale;Sereno;Intenso;Buona;Ore Diurne;0;0;0;5;12.584;41.9337;-1;1;Autovettura privata;In marcia / fermata / arresto;Passeggero;M;Illeso;0;;Non accertato;
4382544;5;17/05/2019 16:45:00;Strada Urbana;VIA DEL CASALE DI S. BASILIO;da specificare;;;;direzione Nomentana f.c. 152;Tamponamento;Rettilineo;Una carreggiata a doppio senso;Asciutto;Asfaltata;Verticale ed orizzontale;Sereno;Intenso;Buona;Ore Diurne;0;0;0;5;12.584;41.9337;-1;2;Autovettura privata;In marcia / fermata / arresto;Conducente;M;Illeso;0;;Non accertato;
4382544;5;17/05/2019 16:45:00;Strada Urbana;VIA DEL CASALE DI S. BASILIO;da specificare;;;;direzione Nomentana f.c. 152;Tamponamento;Rettilineo;Una carreggiata a doppio senso;Asciutto;Asfaltata;Verticale ed orizzontale;Sereno;Intenso;Buona;Ore Diurne;0;0;0;5;12.584;41.9337;-1;2;Autovettura privata;In marcia / fermata / arresto;Passeggero;F;Illeso;0;;Non accertato;
4382544;5;17/05/2019 16:45:00;Strada Urbana;VIA DEL CASALE DI S. BASILIO;da specificare;;;;direzione Nomentana f.c. 152;Tamponamento;Rettilineo;Una carreggiata a doppio senso;Asciutto;Asfaltata;Verticale ed orizzontale;Sereno;Intenso;Buona;Ore Diurne;0;0;0;5;12.584;41.9337;-1;2;Autovettura privata;In marcia / fermata / arresto;Passeggero;M;Illeso;0;;Non accertato;
4382545;5;19/05/2019 06:30:00;Strada Urbana;VIALE DEL TECNOPOLO;all'intersezione con;VIA DELLE CASE ROSSE;VIA DELLE CASE ROSSE;;;Scontro frontale/laterale DX fra veicoli in marcia;Intersezione semaforizzata;Due carreggiate;Bagnato (pioggia);Asfaltata;Verticale ed orizzontale;Nuvoloso;Scarso;Buona;Ore Diurne;0;0;0;2;12.6366;41.9275;-1;1;Autovettura privata;In marcia / fermata / arresto;Conducente;M;Illeso;0;;Non accertato;Inesploso
4382545;5;19/05/2019 06:30:00;Strada Urbana;VIALE DEL TECNOPOLO;all'intersezione con;VIA DELLE CASE ROSSE;VIA DELLE CASE ROSSE;;;Scontro frontale/laterale DX fra veicoli in marcia;Intersezione semaforizzata;Due carreggiate;Bagnato (pioggia);Asfaltata;Verticale ed orizzontale;Nuvoloso;Scarso;Buona;Ore Diurne;0;0;0;2;12.6366;41.9275;-1;2;Autocarro inferiore 35 q.;In marcia / fermata / arresto;Conducente;M;Illeso;0;;Non accertato;Inesploso
4382547;18;19/05/2019 15:15:00;Strada Urbana;PIAZZA DI VILLA CARPEGNA;in prossimità;;del civico n.;55;;Scontro laterale fra veicoli in marcia;Rettilineo;Più di due carreggiate;Asciutto;Asfaltata;Verticale ed orizzontale;Nuvoloso;Normale;Buona;Ore Diurne;0;0;0;3;12.4298;41.8952;-1;1;Autocarro inferiore 35 q.;In marcia / fermata / arresto;Conducente;M;Illeso;0;;;
4382547;18;19/05/2019 15:15:00;Strada Urbana;PIAZZA DI VILLA CARPEGNA;in prossimità;;del civico n.;55;;Scontro laterale fra veicoli in marcia;Rettilineo;Più di due carreggiate;Asciutto;Asfaltata;Verticale ed orizzontale;Nuvoloso;Normale;Buona;Ore Diurne;0;0;0;3;12.4298;41.8952;-1;1;Autocarro inferiore 35 q.;In marcia / fermata / arresto;Passeggero;M;Illeso;0;;;
4382547;18;19/05/2019 15:15:00;Strada Urbana;PIAZZA DI VILLA CARPEGNA;in prossimità;;del civico n.;55;;Scontro laterale fra veicoli in marcia;Rettilineo;Più di due carreggiate;Asciutto;Asfaltata;Verticale ed orizzontale;Nuvoloso;Normale;Buona;Ore Diurne;0;0;0;3;12.4298;41.8952;-1;2;Autovettura privata;In marcia / fermata / arresto;Conducente;F;Illeso;0;;;
4382548;13;19/05/2019 15:00:00;;VIA DI SAPONARA;in corrispondenza;;del civico n.;4;;Veicolo in marcia contro veicolo in sosta;;;;;;;;;;0;0;0;0;;;0;1;Autovettura privata;Sosta;;;;;;;
4382552;20;19/05/2019 02:50:00;Statale;VIA FLAMINIA;da specificare;;;;fronte via del Labaro;Veicolo in marcia contro ostacolo accidentale;Rettilineo;Una carreggiata a doppio senso;Bagnato (pioggia);Asfaltata;Orizzontale;Pioggia in atto;Scarso;Buona;Sufficiente;0;0;0;1;12.4718;41.9419;-1;1;Autovettura privata;In marcia / fermata / arresto;Conducente;M;Illeso;0;;Non accertato;
4382554;19;18/05/2019 13:00:00;Strada Urbana;VIA GIUSEPPE ROSSO;all'intersezione con;VIA UGO DE CAROLIS;VIA UGO DE CAROLIS;;;Veicolo in marcia contro veicoli in sosta;Intersezione semaforizzata;Una carreggiata a doppio senso;Asciutto;Asfaltata;Verticale ed orizzontale;Nuvoloso;Scarso;Buona;Ore Diurne;0;0;0;1;12.4389;41.9196;-1;1;Autovettura privata;In marcia / fermata / arresto;Conducente;F;Illeso;0;;;
4382554;19;18/05/2019 13:00:00;Strada Urbana;VIA GIUSEPPE ROSSO;all'intersezione con;VIA UGO DE CAROLIS;VIA UGO DE CAROLIS;;;Veicolo in marcia contro veicoli in sosta;Intersezione semaforizzata;Una carreggiata a doppio senso;Asciutto;Asfaltata;Verticale ed orizzontale;Nuvoloso;Scarso;Buona;Ore Diurne;0;0;0;1;12.4389;41.9196;-1;2;Autovettura privata;Sosta;;;;;;;
4382554;19;18/05/2019 13:00:00;Strada Urbana;VIA GIUSEPPE ROSSO;all'intersezione con;VIA UGO DE CAROLIS;VIA UGO DE CAROLIS;;;Veicolo in marcia contro veicoli in sosta;Intersezione semaforizzata;Una carreggiata a doppio senso;Asciutto;Asfaltata;Verticale ed orizzontale;Nuvoloso;Scarso;Buona;Ore Diurne;0;0;0;1;12.4389;41.9196;-1;3;Autovettura privata;Sosta;;;;;;;
4382554;19;18/05/2019 13:00:00;Strada Urbana;VIA GIUSEPPE ROSSO;all'intersezione con;VIA UGO DE CAROLIS;VIA UGO DE CAROLIS;;;Veicolo in marcia contro veicoli in sosta;Intersezione semaforizzata;Una carreggiata a doppio senso;Asciutto;Asfaltata;Verticale ed orizzontale;Nuvoloso;Scarso;Buona;Ore Diurne;0;0;0;1;12.4389;41.9196;-1;4;Autovettura privata;Sosta;;;;;;;
4382555;4;18/05/2019 11:30:00;Strada Urbana;VIA CAPRAIA;all'intersezione semaforizzata con;VIALE JONIO;VIALE JONIO;;;Tamponamento;Intersezione semaforizzata;Una carreggiata a doppio senso;Bagnato (pioggia);Asfaltata;Orizzontale;Pioggia in atto;Intenso;Buona;Ore Diurne;0;0;0;2;12.5334;41.9453;0;1;Autovettura privata;In marcia / fermata / arresto;Conducente;M;Illeso;0;;Non accertato;Inesploso
4382555;4;18/05/2019 11:30:00;Strada Urbana;VIA CAPRAIA;all'intersezione semaforizzata con;VIALE JONIO;VIALE JONIO;;;Tamponamento;Intersezione semaforizzata;Una carreggiata a doppio senso;Bagnato (pioggia);Asfaltata;Orizzontale;Pioggia in atto;Intenso;Buona;Ore Diurne;0;0;0;2;12.5334;41.9453;0;2;Autovettura privata;In marcia / fermata / arresto;Conducente;M;Illeso;0;;Non accertato;Inesploso
4382563;11;19/05/2019 22:00:00;Strada Urbana;VIA DEI LINCEI;all'intersezione con;VIALE DI TOR MARANCIA;VIALE DI TOR MARANCIA;;;Investimento di pedone;Incrocio;Una carreggiata a senso unico di marcia;Bagnato (pioggia);Asfaltata;Verticale ed orizzontale;Pioggia in atto;Scarso;Insufficiente;Insufficiente;1;0;0;1;12.4972;41.8552;-1;;;;Pedone;M;Rimandato;0;NON DECEDUTO;;
4382563;11;19/05/2019 22:00:00;Strada Urbana;VIA DEI LINCEI;all'intersezione con;VIALE DI TOR MARANCIA;VIALE DI TOR MARANCIA;;;Investimento di pedone;Incrocio;Una carreggiata a senso unico di marcia;Bagnato (pioggia);Asfaltata;Verticale ed orizzontale;Pioggia in atto;Scarso;Insufficiente;Insufficiente;1;0;0;1;12.4972;41.8552;-1;1;Autovettura privata;In marcia / fermata / arresto;Conducente;M;Illeso;0;;Non accertato;
4382575;5;19/05/2019 09:20:00;;NUOVA CIRCONVALLAZIONE INTERNA;da specificare;;;;alt, monti tiburtini dir. san giovanni;Veicolo in marcia contro ostacolo fisso;;;;;;;;;;0;0;0;0;12.5274;41.922;0;;;;;;;;;;
4382577;11;19/05/2019 02:20:00;Strada Urbana;VIALE GIUSTINIANO IMPERATORE;all'intersezione con;VIA GALBA;VIA GALBA;;;Scontro frontale/laterale SX fra veicoli in marcia;Intersezione stradale segnalata;Più di due carreggiate;Bagnato (pioggia);Asfaltata;Verticale ed orizzontale;Pioggia in atto;Scarso;Sufficiente;Sufficiente;0;0;0;4;12.4868;41.8553;-1;1;Autovettura privata;In marcia / fermata / arresto;Conducente;M;Illeso;0;;Non accertato;
4382577;11;19/05/2019 02:20:00;Strada Urbana;VIALE GIUSTINIANO IMPERATORE;all'intersezione con;VIA GALBA;VIA GALBA;;;Scontro frontale/laterale SX fra veicoli in marcia;Intersezione stradale segnalata;Più di due carreggiate;Bagnato (pioggia);Asfaltata;Verticale ed orizzontale;Pioggia in atto;Scarso;Sufficiente;Sufficiente;0;0;0;4;12.4868;41.8553;-1;1;Autovettura privata;In marcia / fermata / arresto;Passeggero;F;Illeso;0;;Non accertato;
4382577;11;19/05/2019 02:20:00;Strada Urbana;VIALE GIUSTINIANO IMPERATORE;all'intersezione con;VIA GALBA;VIA GALBA;;;Scontro frontale/laterale SX fra veicoli in marcia;Intersezione stradale segnalata;Più di due carreggiate;Bagnato (pioggia);Asfaltata;Verticale ed orizzontale;Pioggia in atto;Scarso;Sufficiente;Sufficiente;0;0;0;4;12.4868;41.8553;-1;2;Autovettura privata;In marcia / fermata / arresto;Conducente;M;Illeso;0;;Non accertato;
4382577;11;19/05/2019 02:20:00;Strada Urbana;VIALE GIUSTINIANO IMPERATORE;all'intersezione con;VIA GALBA;VIA GALBA;;;Scontro frontale/laterale SX fra veicoli in marcia;Intersezione stradale segnalata;Più di due carreggiate;Bagnato (pioggia);Asfaltata;Verticale ed orizzontale;Pioggia in atto;Scarso;Sufficiente;Sufficiente;0;0;0;4;12.4868;41.8553;-1;2;Autovettura privata;In marcia / fermata / arresto;Passeggero;F;Illeso;0;;Non accertato;
4382577;11;19/05/2019 02:20:00;Strada Urbana;VIALE GIUSTINIANO IMPERATORE;all'intersezione con;VIA GALBA;VIA GALBA;;;Scontro frontale/laterale SX fra veicoli in marcia;Intersezione stradale segnalata;Più di due carreggiate;Bagnato (pioggia);Asfaltata;Verticale ed orizzontale;Pioggia in atto;Scarso;Sufficiente;Sufficiente;0;0;0;4;12.4868;41.8553;-1;3;Autovettura privata;Sosta;;;;;;;
4382577;11;19/05/2019 02:20:00;Strada Urbana;VIALE GIUSTINIANO IMPERATORE;all'intersezione con;VIA GALBA;VIA GALBA;;;Scontro frontale/laterale SX fra veicoli in marcia;Intersezione stradale segnalata;Più di due carreggiate;Bagnato (pioggia);Asfaltata;Verticale ed orizzontale;Pioggia in atto;Scarso;Sufficiente;Sufficiente;0;0;0;4;12.4868;41.8553;-1;4;Autovettura privata;Sosta;;;;;;;
4382577;11;19/05/2019 02:20:00;Strada Urbana;VIALE GIUSTINIANO IMPERATORE;all'intersezione con;VIA GALBA;VIA GALBA;;;Scontro frontale/laterale SX fra veicoli in marcia;Intersezione stradale segnalata;Più di due carreggiate;Bagnato (pioggia);Asfaltata;Verticale ed orizzontale;Pioggia in atto;Scarso;Sufficiente;Sufficiente;0;0;0;4;12.4868;41.8553;-1;5;Autovettura privata;Sosta;;;;;;;
4382577;11;19/05/2019 02:20:00;Strada Urbana;VIALE GIUSTINIANO IMPERATORE;all'intersezione con;VIA GALBA;VIA GALBA;;;Scontro frontale/laterale SX fra veicoli in marcia;Intersezione stradale segnalata;Più di due carreggiate;Bagnato (pioggia);Asfaltata;Verticale ed orizzontale;Pioggia in atto;Scarso;Sufficiente;Sufficiente;0;0;0;4;12.4868;41.8553;-1;6;Autovettura privata;Sosta;;;;;;;
4382578;2;18/05/2019 19:05:00;Strada Urbana;VIA SEBINO;in corrispondenza;;del civico n.;32;;Veicolo in marcia contro veicolo fermo;Rettilineo;Una carreggiata a doppio senso;Asciutto;Asfaltata;Verticale ed orizzontale;Nuvoloso;Scarso;Buona;Ore Diurne;0;0;0;3;12.5062;41.9225;-1;1;Autobus di linea;In marcia / fermata / arresto;Conducente;M;Illeso;0;;Non accertato;Inesploso
4382578;2;18/05/2019 19:05:00;Strada Urbana;VIA SEBINO;in corrispondenza;;del civico n.;32;;Veicolo in marcia contro veicolo fermo;Rettilineo;Una carreggiata a doppio senso;Asciutto;Asfaltata;Verticale ed orizzontale;Nuvoloso;Scarso;Buona;Ore Diurne;0;0;0;3;12.5062;41.9225;-1;2;Autovettura privata;In marcia / fermata / arresto;Conducente;F;Illeso;0;;;
4382578;2;18/05/2019 19:05:00;Strada Urbana;VIA SEBINO;in corrispondenza;;del civico n.;32;;Veicolo in marcia contro veicolo fermo;Rettilineo;Una carreggiata a doppio senso;Asciutto;Asfaltata;Verticale ed orizzontale;Nuvoloso;Scarso;Buona;Ore Diurne;0;0;0;3;12.5062;41.9225;-1;2;Autovettura privata;In marcia / fermata / arresto;Passeggero;M;Illeso;0;;;
4382578;2;18/05/2019 19:05:00;Strada Urbana;VIA SEBINO;in corrispondenza;;del civico n.;32;;Veicolo in marcia contro veicolo fermo;Rettilineo;Una carreggiata a doppio senso;Asciutto;Asfaltata;Verticale ed orizzontale;Nuvoloso;Scarso;Buona;Ore Diurne;0;0;0;3;12.5062;41.9225;-1;3;Autovettura privata;Sosta;;;;;;;
4382578;2;18/05/2019 19:05:00;Strada Urbana;VIA SEBINO;in corrispondenza;;del civico n.;32;;Veicolo in marcia contro veicolo fermo;Rettilineo;Una carreggiata a doppio senso;Asciutto;Asfaltata;Verticale ed orizzontale;Nuvoloso;Scarso;Buona;Ore Diurne;0;0;0;3;12.5062;41.9225;-1;4;Motociclo a solo;Sosta;;;;;;;
4382578;2;18/05/2019 19:05:00;Strada Urbana;VIA SEBINO;in corrispondenza;;del civico n.;32;;Veicolo in marcia contro veicolo fermo;Rettilineo;Una carreggiata a doppio senso;Asciutto;Asfaltata;Verticale ed orizzontale;Nuvoloso;Scarso;Buona;Ore Diurne;0;0;0;3;12.5062;41.9225;-1;5;Motociclo a solo;Sosta;;;;;;;
4382578;2;18/05/2019 19:05:00;Strada Urbana;VIA SEBINO;in corrispondenza;;del civico n.;32;;Veicolo in marcia contro veicolo fermo;Rettilineo;Una carreggiata a doppio senso;Asciutto;Asfaltata;Verticale ed orizzontale;Nuvoloso;Scarso;Buona;Ore Diurne;0;0;0;3;12.5062;41.9225;-1;6;Ciclomotore;Sosta;;;;;;;
4382579;20;19/05/2019 11:35:00;Strada Urbana;VIALE DI TOR DI QUINTO;da specificare;;;;Pross. Via Caprilli dir. centro;Veicolo in marcia contro ostacolo fisso;Curva senza visuale libera;Due carreggiate;Bagnato (pioggia);Asfaltata;Verticale ed orizzontale;Nuvoloso;Normale;Sufficiente;Ore Diurne;0;0;0;2;12.4847;41.9496;-1;1;Autovettura privata;In marcia / fermata / arresto;Conducente;M;Illeso;0;;;
4382579;20;19/05/2019 11:35:00;Strada Urbana;VIALE DI TOR DI QUINTO;da specificare;;;;Pross. Via Caprilli dir. centro;Veicolo in marcia contro ostacolo fisso;Curva senza visuale libera;Due carreggiate;Bagnato (pioggia);Asfaltata;Verticale ed orizzontale;Nuvoloso;Normale;Sufficiente;Ore Diurne;0;0;0;2;12.4847;41.9496;-1;1;Autovettura privata;In marcia / fermata / arresto;Passeggero;M;Illeso;0;;;
4382581;4;18/05/2019 18:00:00;Statale entro l'abitato;VIA SALARIA;da specificare;;;;(direzione G.R.A.) cavalcavia M.C.T.C.;Veicolo in marcia contro ostacolo accidentale;Rettilineo;Due carreggiate;Bagnato (pioggia);Asfaltata;Verticale ed orizzontale;Pioggia in atto;Intenso;Buona;Ore Diurne;0;0;0;4;12.5141;41.9923;-1;1;Autovettura privata;In marcia / fermata / arresto;Conducente;M;Illeso;0;;Non accertato;Inesploso
4382581;4;18/05/2019 18:00:00;Statale entro l'abitato;VIA SALARIA;da specificare;;;;(direzione G.R.A.) cavalcavia M.C.T.C.;Veicolo in marcia contro ostacolo accidentale;Rettilineo;Due carreggiate;Bagnato (pioggia);Asfaltata;Verticale ed orizzontale;Pioggia in atto;Intenso;Buona;Ore Diurne;0;0;0;4;12.5141;41.9923;-1;1;Autovettura privata;In marcia / fermata / arresto;Passeggero;M;Illeso;0;;Non accertato;Inesploso
4382581;4;18/05/2019 18:00:00;Statale entro l'abitato;VIA SALARIA;da specificare;;;;(direzione G.R.A.) cavalcavia M.C.T.C.;Veicolo in marcia contro ostacolo accidentale;Rettilineo;Due carreggiate;Bagnato (pioggia);Asfaltata;Verticale ed orizzontale;Pioggia in atto;Intenso;Buona;Ore Diurne;0;0;0;4;12.5141;41.9923;-1;1;Autovettura privata;In marcia / fermata / arresto;Passeggero;M;Illeso;0;;Non accertato;Inesploso
4382581;4;18/05/2019 18:00:00;Statale entro l'abitato;VIA SALARIA;da specificare;;;;(direzione G.R.A.) cavalcavia M.C.T.C.;Veicolo in marcia contro ostacolo accidentale;Rettilineo;Due carreggiate;Bagnato (pioggia);Asfaltata;Verticale ed orizzontale;Pioggia in atto;Intenso;Buona;Ore Diurne;0;0;0;4;12.5141;41.9923;-1;1;Autovettura privata;In marcia / fermata / arresto;Passeggero;F;Illeso;0;;Non accertato;Inesploso
4382582;11;20/05/2019 01:35:00;Strada Urbana;VIA OSTIENSE;in corrispondenza;;del civico n.;68;;Veicolo in marcia contro veicoli in sosta;Rettilineo;Più di due carreggiate;Bagnato (umidità in atto);Asfaltata;Verticale ed orizzontale;Nuvoloso;Scarso;Sufficiente;Sufficiente;0;0;0;1;12.4798;41.8706;-1;1;Autovettura privata;In marcia / fermata / arresto;Conducente;F;Illeso;0;;Non accertato;
4382582;11;20/05/2019 01:35:00;Strada Urbana;VIA OSTIENSE;in corrispondenza;;del civico n.;68;;Veicolo in marcia contro veicoli in sosta;Rettilineo;Più di due carreggiate;Bagnato (umidità in atto);Asfaltata;Verticale ed orizzontale;Nuvoloso;Scarso;Sufficiente;Sufficiente;0;0;0;1;12.4798;41.8706;-1;2;Autovettura privata;Sosta;;;;;;;
4382582;11;20/05/2019 01:35:00;Strada Urbana;VIA OSTIENSE;in corrispondenza;;del civico n.;68;;Veicolo in marcia contro veicoli in sosta;Rettilineo;Più di due carreggiate;Bagnato (umidità in atto);Asfaltata;Verticale ed orizzontale;Nuvoloso;Scarso;Sufficiente;Sufficiente;0;0;0;1;12.4798;41.8706;-1;3;Autovettura privata;Sosta;;;;;;;
4382584;1;17/05/2019 18:00:00;Strada Urbana;VIA MARMORATA;in prossimità;;del civico n.;169;;Veicolo in marcia contro veicolo in sosta;Rettilineo;Una carreggiata a doppio senso;Asciutto;Asfaltata;Verticale ed orizzontale;Nuvoloso;Normale;Buona;Ore Diurne;1;0;0;0;12.4765;41.8821;-1;1;Autovettura privata;Sosta;;;;;;;
4382584;1;17/05/2019 18:00:00;Strada Urbana;VIA MARMORATA;in prossimità;;del civico n.;169;;Veicolo in marcia contro veicolo in sosta;Rettilineo;Una carreggiata a doppio senso;Asciutto;Asfaltata;Verticale ed orizzontale;Nuvoloso;Normale;Buona;Ore Diurne;1;0;0;0;12.4765;41.8821;-1;2;Motociclo a solo;In marcia / fermata / arresto;Conducente;F;Rimandato;0;NON DECEDUTO;Non accertato;
4382585;2;18/05/2019 17:15:00;Strada Urbana;VIA TAGLIAMENTO;all'intersezione con;VIA ARNO;VIA ARNO;;;Ribaltamento senza urto contro ostacolo fisso;Incrocio;Una carreggiata a doppio senso;Bagnato (umidità in atto);Asfaltata;Verticale ed orizzontale;Nuvoloso;Normale;Buona;Ore Diurne;0;0;0;3;12.501;41.9186;-1;1;Autovettura privata;In marcia / fermata / arresto;Conducente;M;Illeso;0;;Non accertato;Inesploso
4382585;2;18/05/2019 17:15:00;Strada Urbana;VIA TAGLIAMENTO;all'intersezione con;VIA ARNO;VIA ARNO;;;Ribaltamento senza urto contro ostacolo fisso;Incrocio;Una carreggiata a doppio senso;Bagnato (umidità in atto);Asfaltata;Verticale ed orizzontale;Nuvoloso;Normale;Buona;Ore Diurne;0;0;0;3;12.501;41.9186;-1;1;Autovettura privata;In marcia / fermata / arresto;Passeggero;M;Illeso;0;;Non accertato;Inesploso
4382585;2;18/05/2019 17:15:00;Strada Urbana;VIA TAGLIAMENTO;all'intersezione con;VIA ARNO;VIA ARNO;;;Ribaltamento senza urto contro ostacolo fisso;Incrocio;Una carreggiata a doppio senso;Bagnato (umidità in atto);Asfaltata;Verticale ed orizzontale;Nuvoloso;Normale;Buona;Ore Diurne;0;0;0;3;12.501;41.9186;-1;2;Motociclo a solo;In marcia / fermata / arresto;Conducente;M;Illeso;0;;Non accertato;
4382590;19;18/05/2019 09:00:00;Strada Urbana;VIALE MONFORTANI;da specificare;;;;prossimità via E. Tanzi;Investimento di pedone;Rettilineo;Una carreggiata a doppio senso;Bagnato (pioggia);Asfaltata;Orizzontale;Pioggia in atto;Normale;Sufficiente;Ore Diurne;1;0;0;1;12.4249;41.9374;-1;;;;Pedone;M;Rimandato;0;NON DECEDUTO;;
4382590;19;18/05/2019 09:00:00;Strada Urbana;VIALE MONFORTANI;da specificare;;;;prossimità via E. Tanzi;Investimento di pedone;Rettilineo;Una carreggiata a doppio senso;Bagnato (pioggia);Asfaltata;Orizzontale;Pioggia in atto;Normale;Sufficiente;Ore Diurne;1;0;0;1;12.4249;41.9374;-1;1;Autovettura privata;In marcia / fermata / arresto;Conducente;M;Illeso;0;;;
4382593;20;18/05/2019 23:30:00;Strada Urbana;VIA QUERO;all'intersezione con;VIA CODEVIGO;VIA CODEVIGO;;;Fuoriuscita dalla sede stradale;Intersezione non regolata/non segnalata;Una carreggiata a doppio senso;Bagnato (umidità in atto);Asfaltata;Orizzontale;Nuvoloso;Scarso;Buona;Sufficiente;0;0;0;1;12.3071;42.0379;-1;1;Autovettura privata;In marcia / fermata / arresto;Conducente;M;Illeso;0;;Non accertato;Inesploso
4382595;4;19/05/2019 07:54:00;Strada Urbana;VIA CAVRIGLIA;all'intersezione semaforizzata con;VIA GIUSEPPE VALMARANA;VIA GIUSEPPE VALMARANA;;;Scontro frontale/laterale DX fra veicoli in marcia;Intersezione semaforizzata;Una carreggiata a doppio senso;Bagnato (pioggia);Asfaltata;Orizzontale;Nuvoloso;Scarso;Buona;Ore Diurne;0;0;0;2;12.5155;41.9476;-1;1;Autovettura privata;In marcia / fermata / arresto;Conducente;F;Illeso;0;;;
4382595;4;19/05/2019 07:54:00;Strada Urbana;VIA CAVRIGLIA;all'intersezione semaforizzata con;VIA GIUSEPPE VALMARANA;VIA GIUSEPPE VALMARANA;;;Scontro frontale/laterale DX fra veicoli in marcia;Intersezione semaforizzata;Una carreggiata a doppio senso;Bagnato (pioggia);Asfaltata;Orizzontale;Nuvoloso;Scarso;Buona;Ore Diurne;0;0;0;2;12.5155;41.9476;-1;2;Autocarro inferiore 35 q.;In marcia / fermata / arresto;Conducente;M;Illeso;0;;;
4382597;2;18/05/2019 23:45:00;Strada Urbana;VIA VENEZUELA;da specificare;;;;prossimità  Via Argentina ;Veicolo in marcia contro ostacolo fisso;Rettilineo;Una carreggiata a senso unico di marcia;Viscido da liquidi oleosi;Asfaltata;Verticale ed orizzontale;Sereno;Scarso;Buona;Sufficiente;2;0;0;0;12.4765;41.9314;-1;1;Autovettura di polizia;In marcia / fermata / arresto;Conducente;M;Rimandato;0;NON DECEDUTO;;