Protocollo;Gruppo;DataOraIncidente;Localizzazione1;STRADA1;Localizzazione2;STRADA2;Strada02;Chilometrica;DaSpecificare;NaturaIncidente;particolaritastrade;TipoStrada;FondoStradale;Pavimentazione;Segnaletica;CondizioneAtmosferica;Traffico;Visibilita;Illuminazione;NUM_FERITI;NUM_RISERVATA;NUM_MORTI;NUM_ILLESI;Longitudine;Latitudine;Confermato;Progressivo;TipoVeicolo;StatoVeicolo;TipoPersona;Sesso;Tipolesione;Deceduto;DecedutoDopo;CinturaCascoUtilizzato;Airbag;
4383346;11;20/05/2019 13:50:00;Strada Urbana;VIALE LEONARDO DA VINCI;all'intersezione con;VIA GIOVANNIPOLI;VIA GIOVANNIPOLI;;;Scontro frontale/laterale SX fra veicoli in marcia;Intersezione stradale segnalata;Una carreggiata a doppio senso;Asciutto;Asfaltata;Verticale ed orizzontale;Nuvoloso;Normale;Buona;Ore Diurne;1;0;0;2;12.4807;41.8595;-1;1;Autovettura privata;In marcia / fermata / arresto;Conducente;F;Rimandato;0;NON DECEDUTO;Non accertato;Inesploso
4383346;11;20/05/2019 13:50:00;Strada Urbana;VIALE LEONARDO DA VINCI;all'intersezione con;VIA GIOVANNIPOLI;VIA GIOVANNIPOLI;;;Scontro frontale/laterale SX fra veicoli in marcia;Intersezione stradale segnalata;Una carreggiata a doppio senso;Asciutto;Asfaltata;Verticale ed orizzontale;Nuvoloso;Normale;Buona;Ore Diurne;1;0;0;2;12.4807;41.8595;-1;1;Autovettura privata;In marcia / fermata / arresto;Passeggero;F;Illeso;0;;Non accertato;Inesploso
4383346;11;20/05/2019 13:50:00;Strada Urbana;VIALE LEONARDO DA VINCI;all'intersezione con;VIA GIOVANNIPOLI;VIA GIOVANNIPOLI;;;Scontro frontale/laterale SX fra veicoli in marcia;Intersezione stradale segnalata;Una carreggiata a doppio senso;Asciutto;Asfaltata;Verticale ed orizzontale;Nuvoloso;Normale;Buona;Ore Diurne;1;0;0;2;12.4807;41.8595;-1;2;Autovettura privata;In marcia / fermata / arresto;Conducente;M;Illeso;0;;Non accertato;Inesploso
4383372;16;17/05/2019 11:50:00;Strada Urbana;PIAZZALE ENRICO DUNANT;in prossimità;;del civico n.;F.C.36;;Investimento di pedone;Rettilineo;Una carreggiata a doppio senso;Asciutto;Asfaltata;Verticale ed orizzontale;Sereno;Normale;Buona;Ore Diurne;1;0;0;1;12.4589;41.8725;-1;;;;Pedone;F;Rimandato;0;NON DECEDUTO;;
4383372;16;17/05/2019 11:50:00;Strada Urbana;PIAZZALE ENRICO DUNANT;in prossimità;;del civico n.;F.C.36;;Investimento di pedone;Rettilineo;Una carreggiata a doppio senso;Asciutto;Asfaltata;Verticale ed orizzontale;Sereno;Normale;Buona;Ore Diurne;1;0;0;1;12.4589;41.8725;-1;1;Autocarro inferiore 35 q.;In marcia / fermata / arresto;Conducente;M;Illeso;0;;;
4383375;7;20/05/2019 14:15:00;Strada Urbana;VIA MOLFETTA;da specificare;;;;palo luce 37;Scontro laterale fra veicoli in marcia;Curva senza visuale libera;Una carreggiata a doppio senso;Bagnato (pioggia);Asfaltata;Assente;Nuvoloso;Normale;Buona;Ore Diurne;0;0;0;4;12.5775;41.89;-1;1;Autovettura privata;In marcia / fermata / arresto;Conducente;M;Illeso;0;;;
4383375;7;20/05/2019 14:15:00;Strada Urbana;VIA MOLFETTA;da specificare;;;;palo luce 37;Scontro laterale fra veicoli in marcia;Curva senza visuale libera;Una carreggiata a doppio senso;Bagnato (pioggia);Asfaltata;Assente;Nuvoloso;Normale;Buona;Ore Diurne;0;0;0;4;12.5775;41.89;-1;2;Autovettura privata;In marcia / fermata / arresto;Conducente;M;Illeso;0;;;
4383375;7;20/05/2019 14:15:00;Strada Urbana;VIA MOLFETTA;da specificare;;;;palo luce 37;Scontro laterale fra veicoli in marcia;Curva senza visuale libera;Una carreggiata a doppio senso;Bagnato (pioggia);Asfaltata;Assente;Nuvoloso;Normale;Buona;Ore Diurne;0;0;0;4;12.5775;41.89;-1;2;Autovettura privata;In marcia / fermata / arresto;Passeggero;F;Illeso;0;;;
4383375;7;20/05/2019 14:15:00;Strada Urbana;VIA MOLFETTA;da specificare;;;;palo luce 37;Scontro laterale fra veicoli in marcia;Curva senza visuale libera;Una carreggiata a doppio senso;Bagnato (pioggia);Asfaltata;Assente;Nuvoloso;Normale;Buona;Ore Diurne;0;0;0;4;12.5775;41.89;-1;2;Autovettura privata;In marcia / fermata / arresto;Passeggero;M;Illeso;0;;;
4383380;16;17/05/2019 12:00:00;Strada Urbana;VIA DI BRAVETTA;in prossimità;;del civico n.;542;;Scontro laterale fra veicoli in marcia;Rettilineo;Una carreggiata a doppio senso;Asciutto;Asfaltata;Orizzontale;Sereno;Normale;Buona;Ore Diurne;0;0;0;2;12.4225;41.873;-1;1;Autovettura privata;In marcia / fermata / arresto;Conducente;M;Illeso;0;;;
4383380;16;17/05/2019 12:00:00;Strada Urbana;VIA DI BRAVETTA;in prossimità;;del civico n.;542;;Scontro laterale fra veicoli in marcia;Rettilineo;Una carreggiata a doppio senso;Asciutto;Asfaltata;Orizzontale;Sereno;Normale;Buona;Ore Diurne;0;0;0;2;12.4225;41.873;-1;2;Autovettura privata;In marcia / fermata / arresto;Conducente;F;Illeso;0;;;
4383381;16;17/05/2019 16:30:00;Strada Urbana;PIAZZETTA DEL BEL RESPIRO;in prossimità;;del civico n.;11;;Scontro laterale fra veicoli in marcia;Curva a visuale libera;Due carreggiate;Asciutto;Asfaltata;Assente;Sereno;Normale;Buona;Ore Diurne;1;0;0;2;12.441;41.8794;-1;1;Autocarro inferiore 35 q.;In marcia / fermata / arresto;Conducente;M;Illeso;0;;Non accertato;
4383381;16;17/05/2019 16:30:00;Strada Urbana;PIAZZETTA DEL BEL RESPIRO;in prossimità;;del civico n.;11;;Scontro laterale fra veicoli in marcia;Curva a visuale libera;Due carreggiate;Asciutto;Asfaltata;Assente;Sereno;Normale;Buona;Ore Diurne;1;0;0;2;12.441;41.8794;-1;2;Autovettura privata;In marcia / fermata / arresto;Conducente;M;Illeso;0;;Non accertato;
4383381;16;17/05/2019 16:30:00;Strada Urbana;PIAZZETTA DEL BEL RESPIRO;in prossimità;;del civico n.;11;;Scontro laterale fra veicoli in marcia;Curva a visuale libera;Due carreggiate;Asciutto;Asfaltata;Assente;Sereno;Normale;Buona;Ore Diurne;1;0;0;2;12.441;41.8794;-1;2;Autovettura privata;In marcia / fermata / arresto;Passeggero;M;Rimandato;0;NON DECEDUTO;Non accertato;
4383402;20;20/05/2019 14:40:00;Regionale entro l'abitato;VIA CASSIA;all'intersezione con;RACCORDO SALARIO SETTEBAGNI;RACCORDO SALARIO SETTEBAGNI;;;Scontro frontale/laterale SX fra veicoli in marcia;Incrocio;Una carreggiata a doppio senso;Asciutto;Asfaltata;Verticale ed orizzontale;Nuvoloso;Normale;Buona;Ore Diurne;0;0;0;3;12.4243;41.9769;-1;1;Autovettura privata;In marcia / fermata / arresto;Conducente;M;Illeso;0;;Non accertato;Esploso
4383402;20;20/05/2019 14:40:00;Regionale entro l'abitato;VIA CASSIA;all'intersezione con;RACCORDO SALARIO SETTEBAGNI;RACCORDO SALARIO SETTEBAGNI;;;Scontro frontale/laterale SX fra veicoli in marcia;Incrocio;Una carreggiata a doppio senso;Asciutto;Asfaltata;Verticale ed orizzontale;Nuvoloso;Normale;Buona;Ore Diurne;0;0;0;3;12.4243;41.9769;-1;2;Autovettura privata;In marcia / fermata / arresto;Conducente;F;Illeso;0;;Non accertato;Inesploso
4383402;20;20/05/2019 14:40:00;Regionale entro l'abitato;VIA CASSIA;all'intersezione con;RACCORDO SALARIO SETTEBAGNI;RACCORDO SALARIO SETTEBAGNI;;;Scontro frontale/laterale SX fra veicoli in marcia;Incrocio;Una carreggiata a doppio senso;Asciutto;Asfaltata;Verticale ed orizzontale;Nuvoloso;Normale;Buona;Ore Diurne;0;0;0;3;12.4243;41.9769;-1;2;Autovettura privata;In marcia / fermata / arresto;Passeggero;F;Illeso;0;;Non accertato;Inesploso
4383407;15;20/05/2019 12:50:00;Strada Urbana;VIALE GUGLIELMO MARCONI;in prossimità;;del civico n.;310;;Tamponamento Multiplo;Rettilineo;Due carreggiate;Asciutto;Asfaltata;Orizzontale;Nuvoloso;Normale;Buona;Ore Diurne;0;0;0;3;12.4696;41.8621;-1;1;Autovettura privata;In marcia / fermata / arresto;Conducente;M;Illeso;0;;Non accertato;Inesploso
4383407;15;20/05/2019 12:50:00;Strada Urbana;VIALE GUGLIELMO MARCONI;in prossimità;;del civico n.;310;;Tamponamento Multiplo;Rettilineo;Due carreggiate;Asciutto;Asfaltata;Orizzontale;Nuvoloso;Normale;Buona;Ore Diurne;0;0;0;3;12.4696;41.8621;-1;2;Autovettura privata;In marcia / fermata / arresto;Conducente;F;Illeso;0;;Non accertato;Inesploso
4383407;15;20/05/2019 12:50:00;Strada Urbana;VIALE GUGLIELMO MARCONI;in prossimità;;del civico n.;310;;Tamponamento Multiplo;Rettilineo;Due carreggiate;Asciutto;Asfaltata;Orizzontale;Nuvoloso;Normale;Buona;Ore Diurne;0;0;0;3;12.4696;41.8621;-1;3;Autovettura privata;In marcia / fermata / arresto;Conducente;M;Illeso;0;;Non accertato;
4383420;18;17/05/2019 17:05:00;Strada Urbana;PIAZZA IRNERIO;in corrispondenza;;del civico n.;27;;Scontro laterale fra veicoli in marcia;Rettilineo;Due carreggiate;Asciutto;Asfaltata;Verticale ed orizzontale;Sereno;Intenso;Buona;Ore Diurne;0;0;0;4;12.4302;41.8985;-1;1;Autovettura privata;In marcia / fermata / arresto;Conducente;F;Illeso;0;;;
4383420;18;17/05/2019 17:05:00;Strada Urbana;PIAZZA IRNERIO;in corrispondenza;;del civico n.;27;;Scontro laterale fra veicoli in marcia;Rettilineo;Due carreggiate;Asciutto;Asfaltata;Verticale ed orizzontale;Sereno;Intenso;Buona;Ore Diurne;0;0;0;4;12.4302;41.8985;-1;1;Autovettura privata;In marcia / fermata / arresto;Passeggero;F;Illeso;0;;;
4383420;18;17/05/2019 17:05:00;Strada Urbana;PIAZZA IRNERIO;in corrispondenza;;del civico n.;27;;Scontro laterale fra veicoli in marcia;Rettilineo;Due carreggiate;Asciutto;Asfaltata;Verticale ed orizzontale;Sereno;Intenso;Buona;Ore Diurne;0;0;0;4;12.4302;41.8985;-1;2;Autovettura privata;In marcia / fermata / arresto;Conducente;M;Illeso;0;;;
4383420;18;17/05/2019 17:05:00;Strada Urbana;PIAZZA IRNERIO;in corrispondenza;;del civico n.;27;;Scontro laterale fra veicoli in marcia;Rettilineo;Due carreggiate;Asciutto;Asfaltata;Verticale ed orizzontale;Sereno;Intenso;Buona;Ore Diurne;0;0;0;4;12.4302;41.8985;-1;2;Autovettura privata;In marcia / fermata / arresto;Passeggero;M;Illeso;0;;;
4383538;9;20/05/2019 14:30:00;Strada Urbana;PIAZZA EPIRO;all'intersezione con;VIA MAURITANIA;VIA MAURITANIA;;;Veicolo in marcia contro veicolo in sosta;Incrocio;Una carreggiata a senso unico di marcia;Asciutto;Asfaltata;Verticale ed orizzontale;Sereno;Normale;Buona;Ore Diurne;0;0;0;1;12.5042;41.8788;-1;1;Autovettura privata;In marcia / fermata / arresto;Conducente;M;Illeso;0;;Utilizzato;Inesploso
4383538;9;20/05/2019 14:30:00;Strada Urbana;PIAZZA EPIRO;all'intersezione con;VIA MAURITANIA;VIA MAURITANIA;;;Veicolo in marcia contro veicolo in sosta;Incrocio;Una carreggiata a senso unico di marcia;Asciutto;Asfaltata;Verticale ed orizzontale;Sereno;Normale;Buona;Ore Diurne;0;0;0;1;12.5042;41.8788;-1;2;Autovettura privata;Sosta;;;;;;;
4383538;9;20/05/2019 14:30:00;Strada Urbana;PIAZZA EPIRO;all'intersezione con;VIA MAURITANIA;VIA MAURITANIA;;;Veicolo in marcia contro veicolo in sosta;Incrocio;Una carreggiata a senso unico di marcia;Asciutto;Asfaltata;Verticale ed orizzontale;Sereno;Normale;Buona;Ore Diurne;0;0;0;1;12.5042;41.8788;-1;3;Autovettura privata;Sosta;;;;;;;
4383550;12;20/05/2019 11:35:00;Provinciale;VIA ARDEATINA;da specificare;;;;civ. 1272 dir. Pomezia;Investimento di pedone;Rettilineo;Una carreggiata a doppio senso;Bagnato (pioggia);Asfaltata;Verticale ed orizzontale;Pioggia in atto;Normale;Buona;Ore Diurne;1;0;0;1;12.5255;41.8131;-1;;;;Pedone;F;Ricoverato;0;NON DECEDUTO;;
4383550;12;20/05/2019 11:35:00;Provinciale;VIA ARDEATINA;da specificare;;;;civ. 1272 dir. Pomezia;Investimento di pedone;Rettilineo;Una carreggiata a doppio senso;Bagnato (pioggia);Asfaltata;Verticale ed orizzontale;Pioggia in atto;Normale;Buona;Ore Diurne;1;0;0;1;12.5255;41.8131;-1;1;Autocarro inferiore 35 q.;In marcia / fermata / arresto;Conducente;M;Illeso;0;;Utilizzato;Inesploso
4383565;6;20/05/2019 16:15:00;Strada Urbana;VIA AVERSA;in prossimità;;del civico n.;36;;Scontro frontale/laterale SX fra veicoli in marcia;Rettilineo;Una carreggiata a doppio senso;Asciutto;Asfaltata;Verticale ed orizzontale;Nuvoloso;Normale;Buona;Ore Diurne;0;0;0;2;12.5432;41.8911;-1;1;Motociclo a solo;In marcia / fermata / arresto;Conducente;M;Illeso;0;;Non accertato;
4383565;6;20/05/2019 16:15:00;Strada Urbana;VIA AVERSA;in prossimità;;del civico n.;36;;Scontro frontale/laterale SX fra veicoli in marcia;Rettilineo;Una carreggiata a doppio senso;Asciutto;Asfaltata;Verticale ed orizzontale;Nuvoloso;Normale;Buona;Ore Diurne;0;0;0;2;12.5432;41.8911;-1;2;Autovettura privata;In marcia / fermata / arresto;Conducente;M;Illeso;0;;Non accertato;Inesploso
4383649;20;20/05/2019 15:30:00;Strada Urbana;VIA DI BACCANELLO;all'intersezione con;VIA DEL PONTE DEGLI INCASTRI;VIA DEL PONTE DEGLI INCASTRI;;;Scontro frontale/laterale SX fra veicoli in marcia;Incrocio;Una carreggiata a doppio senso;Asciutto;Asfaltata;Verticale ed orizzontale;Nuvoloso;Normale;Buona;Ore Diurne;0;0;0;2;12.3534;42.0628;-1;1;Autovettura privata;In marcia / fermata / arresto;Conducente;M;Illeso;0;;Non accertato;Inesistente
4383649;20;20/05/2019 15:30:00;Strada Urbana;VIA DI BACCANELLO;all'intersezione con;VIA DEL PONTE DEGLI INCASTRI;VIA DEL PONTE DEGLI INCASTRI;;;Scontro frontale/laterale SX fra veicoli in marcia;Incrocio;Una carreggiata a doppio senso;Asciutto;Asfaltata;Verticale ed orizzontale;Nuvoloso;Normale;Buona;Ore Diurne;0;0;0;2;12.3534;42.0628;-1;2;Autovettura privata;In marcia / fermata / arresto;Conducente;M;Illeso;0;;Non accertato;Inesploso
4383682;11;20/05/2019 15:30:00;Strada Urbana;VIA PALOS;in prossimità;;del palo luce n.;1;;Veicolo in marcia contro veicolo in sosta;Rettilineo;Una carreggiata a senso unico di marcia;Bagnato (pioggia);Asfaltata;Verticale ed orizzontale;Nuvoloso;Normale;Buona;Ore Diurne;1;0;0;2;12.4968;41.8674;-1;;;;Pedone;F;Rimandato;0;NON DECEDUTO;;
4383682;11;20/05/2019 15:30:00;Strada Urbana;VIA PALOS;in prossimità;;del palo luce n.;1;;Veicolo in marcia contro veicolo in sosta;Rettilineo;Una carreggiata a senso unico di marcia;Bagnato (pioggia);Asfaltata;Verticale ed orizzontale;Nuvoloso;Normale;Buona;Ore Diurne;1;0;0;2;12.4968;41.8674;-1;1;Autocarro inferiore 35 q.;In marcia / fermata / arresto;Conducente;M;Illeso;0;;Non accertato;Inesploso
4383682;11;20/05/2019 15:30:00;Strada Urbana;VIA PALOS;in prossimità;;del palo luce n.;1;;Veicolo in marcia contro veicolo in sosta;Rettilineo;Una carreggiata a senso unico di marcia;Bagnato (pioggia);Asfaltata;Verticale ed orizzontale;Nuvoloso;Normale;Buona;Ore Diurne;1;0;0;2;12.4968;41.8674;-1;1;Autocarro inferiore 35 q.;In marcia / fermata / arresto;Passeggero;F;Illeso;0;;Non accertato;Inesploso
4383682;11;20/05/2019 15:30:00;Strada Urbana;VIA PALOS;in prossimità;;del palo luce n.;1;;Veicolo in marcia contro veicolo in sosta;Rettilineo;Una carreggiata a senso unico di marcia;Bagnato (pioggia);Asfaltata;Verticale ed orizzontale;Nuvoloso;Normale;Buona;Ore Diurne;1;0;0;2;12.4968;41.8674;-1;2;Autocarro inferiore 35 q.;Sosta;;;;;;;
4383705;2;20/05/2019 13:20:00;Strada Urbana;VIALE DELLE BELLE ARTI;all'intersezione semaforizzata con;PIAZZA THORVALDSEN;PIAZZA THORVALDSEN;;;Tamponamento;Intersezione semaforizzata;Una carreggiata a doppio senso;Bagnato (umidità in atto);Asfaltata;Assente;Nuvoloso;Normale;Buona;Ore Diurne;1;0;0;2;12.4791;41.9183;-1;1;Autovettura privata;In marcia / fermata / arresto;Conducente;F;Rimandato;0;NON DECEDUTO;Non accertato;Inesploso
4383705;2;20/05/2019 13:20:00;Strada Urbana;VIALE DELLE BELLE ARTI;all'intersezione semaforizzata con;PIAZZA THORVALDSEN;PIAZZA THORVALDSEN;;;Tamponamento;Intersezione semaforizzata;Una carreggiata a doppio senso;Bagnato (umidità in atto);Asfaltata;Assente;Nuvoloso;Normale;Buona;Ore Diurne;1;0;0;2;12.4791;41.9183;-1;1;Autovettura privata;In marcia / fermata / arresto;Passeggero;M;Illeso;0;;Non accertato;Inesploso
4383705;2;20/05/2019 13:20:00;Strada Urbana;VIALE DELLE BELLE ARTI;all'intersezione semaforizzata con;PIAZZA THORVALDSEN;PIAZZA THORVALDSEN;;;Tamponamento;Intersezione semaforizzata;Una carreggiata a doppio senso;Bagnato (umidità in atto);Asfaltata;Assente;Nuvoloso;Normale;Buona;Ore Diurne;1;0;0;2;12.4791;41.9183;-1;2;Autovettura privata;In marcia / fermata / arresto;Conducente;F;Illeso;0;;Non accertato;
4383747;9;20/05/2019 16:30:00;Strada Urbana;VIA ADOLFO OMODEO;in prossimità;;del civico n.;17;;Scontro laterale fra veicoli in marcia;Rettilineo;Una carreggiata a senso unico di marcia;Asciutto;Asfaltata;Verticale ed orizzontale;Sereno;Normale;Buona;Ore Diurne;0;0;0;2;12.5217;41.8711;-1;1;Autovettura privata;In marcia / fermata / arresto;Conducente;M;Illeso;0;;Utilizzato;Inesploso
4383747;9;20/05/2019 16:30:00;Strada Urbana;VIA ADOLFO OMODEO;in prossimità;;del civico n.;17;;Scontro laterale fra veicoli in marcia;Rettilineo;Una carreggiata a senso unico di marcia;Asciutto;Asfaltata;Verticale ed orizzontale;Sereno;Normale;Buona;Ore Diurne;0;0;0;2;12.5217;41.8711;-1;2;Autovettura privata;In marcia / fermata / arresto;Conducente;M;Illeso;0;;Utilizzato;Inesploso
4383748;7;20/05/2019 17:50:00;Strada Urbana;VIA PRENESTINA;all'intersezione con;VIA EMILIO LONGONI;VIA EMILIO LONGONI;;;Scontro laterale fra veicoli in marcia;Rotatoria;Una carreggiata a senso unico di marcia;Asciutto;Asfaltata;Verticale ed orizzontale;Sereno;Normale;Sufficiente;Ore Diurne;0;0;0;2;12.6031;41.8984;-1;1;Autovettura privata;In marcia / fermata / arresto;Conducente;M;Illeso;0;;;
4383748;7;20/05/2019 17:50:00;Strada Urbana;VIA PRENESTINA;all'intersezione con;VIA EMILIO LONGONI;VIA EMILIO LONGONI;;;Scontro laterale fra veicoli in marcia;Rotatoria;Una carreggiata a senso unico di marcia;Asciutto;Asfaltata;Verticale ed orizzontale;Sereno;Normale;Sufficiente;Ore Diurne;0;0;0;2;12.6031;41.8984;-1;2;Autocarro superiore 35 q.;In marcia / fermata / arresto;Conducente;M;Illeso;0;;;
4383777;3;17/05/2019 15:40:00;Strada Urbana;VIA NOMENTANA;all'intersezione semaforizzata con;VIALE GORIZIA;VIALE GORIZIA;;;Scontro laterale fra veicoli in marcia;Intersezione semaforizzata;Più di due carreggiate;Asciutto;Asfaltata;Verticale ed orizzontale;Sereno;Normale;Buona;Ore Diurne;0;0;0;4;12.5148;41.9186;-1;1;Autovettura privata;In marcia / fermata / arresto;Conducente;M;Illeso;0;;;
4383777;3;17/05/2019 15:40:00;Strada Urbana;VIA NOMENTANA;all'intersezione semaforizzata con;VIALE GORIZIA;VIALE GORIZIA;;;Scontro laterale fra veicoli in marcia;Intersezione semaforizzata;Più di due carreggiate;Asciutto;Asfaltata;Verticale ed orizzontale;Sereno;Normale;Buona;Ore Diurne;0;0;0;4;12.5148;41.9186;-1;1;Autovettura privata;In marcia / fermata / arresto;Passeggero;F;Illeso;0;;;
4383777;3;17/05/2019 15:40:00;Strada Urbana;VIA NOMENTANA;all'intersezione semaforizzata con;VIALE GORIZIA;VIALE GORIZIA;;;Scontro laterale fra veicoli in marcia;Intersezione semaforizzata;Più di due carreggiate;Asciutto;Asfaltata;Verticale ed orizzontale;Sereno;Normale;Buona;Ore Diurne;0;0;0;4;12.5148;41.9186;-1;2;Autovettura pubblica;In marcia / fermata / arresto;Conducente;F;Illeso;0;;;
4383777;3;17/05/2019 15:40:00;Strada Urbana;VIA NOMENTANA;all'intersezione semaforizzata con;VIALE GORIZIA;VIALE GORIZIA;;;Scontro laterale fra veicoli in marcia;Intersezione semaforizzata;Più di due carreggiate;Asciutto;Asfaltata;Verticale ed orizzontale;Sereno;Normale;Buona;Ore Diurne;0;0;0;4;12.5148;41.9186;-1;2;Autovettura pubblica;In marcia / fermata / arresto;Passeggero;F;Illeso;0;;;
4383788;3;17/05/2019 13:10:00;Strada Urbana;CIRCONVALLAZIONE TIBURTINA;da specificare;;;;direzione S. Giovanni prima della rampa A24;Scontro laterale fra veicoli in marcia;Rettilineo;Più di due carreggiate;Asciutto;Asfaltata;Verticale;Sereno;Intenso;Buona;Ore Diurne;0;0;0;2;12.5324;41.9046;-1;1;Autovettura privata;In marcia / fermata / arresto;Conducente;F;Illeso;0;;;
4383788;3;17/05/2019 13:10:00;Strada Urbana;CIRCONVALLAZIONE TIBURTINA;da specificare;;;;direzione S. Giovanni prima della rampa A24;Scontro laterale fra veicoli in marcia;Rettilineo;Più di due carreggiate;Asciutto;Asfaltata;Verticale;Sereno;Intenso;Buona;Ore Diurne;0;0;0;2;12.5324;41.9046;-1;2;Autocarro inferiore 35 q.;In marcia / fermata / arresto;Conducente;M;Illeso;0;;;
4383795;3;19/05/2019 00:15:00;Strada Urbana;VIA SUVERETO;da specificare;;;;prossimità di Via Bagnone;Veicolo in marcia contro ostacolo fisso;Rettilineo;Una carreggiata a doppio senso;Asciutto;Asfaltata;Verticale ed orizzontale;Nuvoloso;Scarso;Sufficiente;Sufficiente;0;0;0;1;12.5169;41.9539;-1;1;Autovettura privata;In marcia / fermata / arresto;Conducente;M;Illeso;0;;Non accertato;
4383795;3;19/05/2019 00:15:00;Strada Urbana;VIA SUVERETO;da specificare;;;;prossimità di Via Bagnone;Veicolo in marcia contro ostacolo fisso;Rettilineo;Una carreggiata a doppio senso;Asciutto;Asfaltata;Verticale ed orizzontale;Nuvoloso;Scarso;Sufficiente;Sufficiente;0;0;0;1;12.5169;41.9539;-1;2;Autovettura privata;Sosta;;;;;;;
4383796;6;20/05/2019 18:25:00;Strada Urbana;VIA COLLATINA;da specificare;;;;f.c. 89;Scontro laterale fra veicoli in marcia;Rettilineo;Una carreggiata a doppio senso;Asciutto;Asfaltata;Verticale ed orizzontale;Sereno;Normale;Buona;Ore Diurne;0;0;0;3;12.5661;41.9001;-1;1;Motociclo a solo;In marcia / fermata / arresto;Conducente;M;Illeso;0;;Non accertato;
4383796;6;20/05/2019 18:25:00;Strada Urbana;VIA COLLATINA;da specificare;;;;f.c. 89;Scontro laterale fra veicoli in marcia;Rettilineo;Una carreggiata a doppio senso;Asciutto;Asfaltata;Verticale ed orizzontale;Sereno;Normale;Buona;Ore Diurne;0;0;0;3;12.5661;41.9001;-1;2;Autovettura privata;In marcia / fermata / arresto;Conducente;F;Illeso;0;;Non accertato;Inesploso
4383796;6;20/05/2019 18:25:00;Strada Urbana;VIA COLLATINA;da specificare;;;;f.c. 89;Scontro laterale fra veicoli in marcia;Rettilineo;Una carreggiata a doppio senso;Asciutto;Asfaltata;Verticale ed orizzontale;Sereno;Normale;Buona;Ore Diurne;0;0;0;3;12.5661;41.9001;-1;2;Autovettura privata;In marcia / fermata / arresto;Passeggero;F;Illeso;0;;Non accertato;Inesploso
4383805;3;19/05/2019 09:45:00;Strada Urbana;VIA TIBURTINA;in prossimità;;del civico n.;181;;Scontro laterale fra veicoli in marcia;Rettilineo;Una carreggiata a doppio senso;Bagnato (umidità in atto);Asfaltata;Orizzontale;Nuvoloso;Scarso;Sufficiente;Ore Diurne;1;0;0;2;12.5162;41.8995;-1;1;Motociclo a solo;In marcia / fermata / arresto;Conducente;M;Rimandato;0;NON DECEDUTO;Non accertato;
4383805;3;19/05/2019 09:45:00;Strada Urbana;VIA TIBURTINA;in prossimità;;del civico n.;181;;Scontro laterale fra veicoli in marcia;Rettilineo;Una carreggiata a doppio senso;Bagnato (umidità in atto);Asfaltata;Orizzontale;Nuvoloso;Scarso;Sufficiente;Ore Diurne;1;0;0;2;12.5162;41.8995;-1;2;Autovettura privata;In marcia / fermata / arresto;Conducente;M;Illeso;0;;Non accertato;Inesploso
4383805;3;19/05/2019 09:45:00;Strada Urbana;VIA TIBURTINA;in prossimità;;del civico n.;181;;Scontro laterale fra veicoli in marcia;Rettilineo;Una carreggiata a doppio senso;Bagnato (umidità in atto);Asfaltata;Orizzontale;Nuvoloso;Scarso;Sufficiente;Ore Diurne;1;0;0;2;12.5162;41.8995;-1;2;Autovettura privata;In marcia / fermata / arresto;Passeggero;M;Illeso;0;;Non accertato;Inesploso
4383817;3;19/05/2019 17:55:00;Strada Urbana;VIA NOMENTANA;all'intersezione semaforizzata con;VIA CARLO FEA;VIA CARLO FEA;;;Scontro laterale fra veicoli in marcia;Incrocio;Più di due carreggiate;Asciutto;Asfaltata;Verticale ed orizzontale;Nuvoloso;Normale;Buona;Ore Diurne;0;0;0;3;12.5171;41.92;-1;1;Autovettura privata;In marcia / fermata / arresto;Conducente;M;Illeso;0;;Non accertato;
4383817;3;19/05/2019 17:55:00;Strada Urbana;VIA NOMENTANA;all'intersezione semaforizzata con;VIA CARLO FEA;VIA CARLO FEA;;;Scontro laterale fra veicoli in marcia;Incrocio;Più di due carreggiate;Asciutto;Asfaltata;Verticale ed orizzontale;Nuvoloso;Normale;Buona;Ore Diurne;0;0;0;3;12.5171;41.92;-1;2;Autovettura privata;In marcia / fermata / arresto;Conducente;M;Illeso;0;;Non accertato;
4383817;3;19/05/2019 17:55:00;Strada Urbana;VIA NOMENTANA;all'intersezione semaforizzata con;VIA CARLO FEA;VIA CARLO FEA;;;Scontro laterale fra veicoli in marcia;Incrocio;Più di due carreggiate;Asciutto;Asfaltata;Verticale ed orizzontale;Nuvoloso;Normale;Buona;Ore Diurne;0;0;0;3;12.5171;41.92;-1;2;Autovettura privata;In marcia / fermata / arresto;Passeggero;F;Illeso;0;;Non accertato;
4383821;3;19/05/2019 16:30:00;Strada Urbana;PIAZZALE DI PORTA PIA;all'intersezione semaforizzata con;VIA NOMENTANA;VIA NOMENTANA;;;Scontro laterale fra veicoli in marcia;Incrocio;Due carreggiate;Asciutto;Asfaltata;Verticale ed orizzontale;Sereno;Scarso;Buona;Ore Diurne;1;0;0;2;12.5019;41.9096;-1;1;Autovettura privata;In marcia / fermata / arresto;Conducente;M;Illeso;0;;Non accertato;
4383821;3;19/05/2019 16:30:00;Strada Urbana;PIAZZALE DI PORTA PIA;all'intersezione semaforizzata con;VIA NOMENTANA;VIA NOMENTANA;;;Scontro laterale fra veicoli in marcia;Incrocio;Due carreggiate;Asciutto;Asfaltata;Verticale ed orizzontale;Sereno;Scarso;Buona;Ore Diurne;1;0;0;2;12.5019;41.9096;-1;1;Autovettura privata;In marcia / fermata / arresto;Passeggero;F;Illeso;0;;Non accertato;