Protocollo;Gruppo;DataOraIncidente;Localizzazione1;STRADA1;Localizzazione2;STRADA2;Strada02;Chilometrica;DaSpecificare;NaturaIncidente;particolaritastrade;TipoStrada;FondoStradale;Pavimentazione;Segnaletica;CondizioneAtmosferica;Traffico;Visibilita;Illuminazione;NUM_FERITI;NUM_RISERVATA;NUM_MORTI;NUM_ILLESI;Longitudine;Latitudine;Confermato;Progressivo;TipoVeicolo;StatoVeicolo;TipoPersona;Sesso;Tipolesione;Deceduto;DecedutoDopo;CinturaCascoUtilizzato;Airbag;
4388440;18;22/05/2019 13:50:00;Strada Urbana;VIA DI BOCCEA;in prossimità;;del civico n.;472;;Tamponamento;Rettilineo;Due carreggiate;Asciutto;Asfaltata;Verticale ed orizzontale;Sereno;Normale;Buona;Ore Diurne;1;0;0;2;12.4013;41.9099;-1;2;Autovettura privata;In marcia / fermata / arresto;Conducente;M;Illeso;0;;;
4388442;4;22/05/2019 17:25:00;Strada Urbana;VIA DEI PRATI FISCALI;in corrispondenza;;del civico n.;233;;Tamponamento;Rettilineo;Due carreggiate;Asciutto;Asfaltata;Verticale ed orizzontale;Sereno;Normale;Buona;Ore Diurne;1;0;0;1;12.5175;41.9461;-1;1;Autovettura privata;In marcia / fermata / arresto;Conducente;M;Illeso;0;;;
4388442;4;22/05/2019 17:25:00;Strada Urbana;VIA DEI PRATI FISCALI;in corrispondenza;;del civico n.;233;;Tamponamento;Rettilineo;Due carreggiate;Asciutto;Asfaltata;Verticale ed orizzontale;Sereno;Normale;Buona;Ore Diurne;1;0;0;1;12.5175;41.9461;-1;2;Motociclo a solo;In marcia / fermata / arresto;Conducente;M;Rimandato;0;NON DECEDUTO;;
4388495;23;22/05/2019 11:20:00;Strada Urbana;VIALE DELL'UNIVERSITA';da specificare;;;;fronte civico 28/A;Scontro laterale fra veicoli in marcia;Rettilineo;Una carreggiata a doppio senso;Asciutto;Asfaltata;Verticale ed orizzontale;Sereno;Normale;Buona;Ore Diurne;0;0;0;3;12.5118;41.9043;-1;1;Autovettura privata;In marcia / fermata / arresto;Conducente;F;Illeso;0;;Utilizzato;Inesploso
4388495;23;22/05/2019 11:20:00;Strada Urbana;VIALE DELL'UNIVERSITA';da specificare;;;;fronte civico 28/A;Scontro laterale fra veicoli in marcia;Rettilineo;Una carreggiata a doppio senso;Asciutto;Asfaltata;Verticale ed orizzontale;Sereno;Normale;Buona;Ore Diurne;0;0;0;3;12.5118;41.9043;-1;1;Autovettura privata;In marcia / fermata / arresto;Passeggero;F;Illeso;0;;Utilizzato;Inesploso
4388495;23;22/05/2019 11:20:00;Strada Urbana;VIALE DELL'UNIVERSITA';da specificare;;;;fronte civico 28/A;Scontro laterale fra veicoli in marcia;Rettilineo;Una carreggiata a doppio senso;Asciutto;Asfaltata;Verticale ed orizzontale;Sereno;Normale;Buona;Ore Diurne;0;0;0;3;12.5118;41.9043;-1;2;Autovettura di polizia;In marcia / fermata / arresto;Conducente;M;Illeso;0;;Utilizzato;Inesploso
4388515;18;22/05/2019 17:50:00;Strada Urbana;VIA GIUSEPPE MARELLO;in prossimità;;del civico n.;13;;Scontro frontale/laterale SX fra veicoli in marcia;Curva senza visuale libera;Una carreggiata a doppio senso;Asciutto;Asfaltata;Verticale;Sereno;Normale;Buona;Ore Diurne;0;0;0;1;12.4126;41.9034;-1;1;Autovettura privata;In marcia / fermata / arresto;Conducente;F;Illeso;0;;;
4388600;3;22/05/2019 12:30:00;;VIA CATANIA;in corrispondenza;;del civico n.;84;;Veicolo in marcia contro veicolo in sosta;;;;;;;;;;0;0;0;2;;;0;1;Autovettura privata;In marcia / fermata / arresto;Conducente;M;Illeso;0;;;
4388600;3;22/05/2019 12:30:00;;VIA CATANIA;in corrispondenza;;del civico n.;84;;Veicolo in marcia contro veicolo in sosta;;;;;;;;;;0;0;0;2;;;0;2;Autovettura privata;In marcia / fermata / arresto;Conducente;M;Illeso;0;;;
4388618;12;22/05/2019 10:40:00;Strada Urbana;VIA FRANCESCO TUMIATI;da specificare;;;;PER LATERALE VIA PONTINA;Tamponamento;Rettilineo;Una carreggiata a doppio senso;Asciutto;Asfaltata;Verticale ed orizzontale;Nuvoloso;Scarso;Buona;Ore Diurne;0;0;0;3;12.4525;41.7961;-1;1;Autovettura privata;In marcia / fermata / arresto;Conducente;M;Illeso;0;;Utilizzato;Inesploso
4388618;12;22/05/2019 10:40:00;Strada Urbana;VIA FRANCESCO TUMIATI;da specificare;;;;PER LATERALE VIA PONTINA;Tamponamento;Rettilineo;Una carreggiata a doppio senso;Asciutto;Asfaltata;Verticale ed orizzontale;Nuvoloso;Scarso;Buona;Ore Diurne;0;0;0;3;12.4525;41.7961;-1;2;Autovettura privata;In marcia / fermata / arresto;Conducente;M;Illeso;0;;Utilizzato;Inesploso
4388618;12;22/05/2019 10:40:00;Strada Urbana;VIA FRANCESCO TUMIATI;da specificare;;;;PER LATERALE VIA PONTINA;Tamponamento;Rettilineo;Una carreggiata a doppio senso;Asciutto;Asfaltata;Verticale ed orizzontale;Nuvoloso;Scarso;Buona;Ore Diurne;0;0;0;3;12.4525;41.7961;-1;2;Autovettura privata;In marcia / fermata / arresto;Passeggero;F;Illeso;0;;Utilizzato;Inesploso
4388755;18;22/05/2019 21:30:00;Strada Urbana;VIA DI VALLELUNGA;in prossimità;;del civico n.;7;;Veicolo in marcia contro veicolo in sosta;Rettilineo;Una carreggiata a senso unico di marcia;Asciutto;Asfaltata;Assente;Sereno;Scarso;Sufficiente;Sufficiente;0;0;0;1;12.397;41.9096;-1;1;Autovettura privata;In marcia / fermata / arresto;Conducente;M;Illeso;0;;;
4388755;18;22/05/2019 21:30:00;Strada Urbana;VIA DI VALLELUNGA;in prossimità;;del civico n.;7;;Veicolo in marcia contro veicolo in sosta;Rettilineo;Una carreggiata a senso unico di marcia;Asciutto;Asfaltata;Assente;Sereno;Scarso;Sufficiente;Sufficiente;0;0;0;1;12.397;41.9096;-1;2;Autovettura privata;Sosta;;;;;;;
4388780;2;22/05/2019 09:02:00;Strada Urbana;CIRCONVALLAZIONE SALARIA;da specificare;;;;dir. Foro Italico alt. uscita Salaria/PratiFiscali;Scontro laterale fra veicoli in marcia;Rettilineo;Due carreggiate;Asciutto;Asfaltata;Verticale ed orizzontale;Sereno;Intenso;Buona;Ore Diurne;1;0;0;1;12.5116;41.9385;-1;1;Motociclo a solo;In marcia / fermata / arresto;Conducente;M;Rimandato;0;NON DECEDUTO;;
4388780;2;22/05/2019 09:02:00;Strada Urbana;CIRCONVALLAZIONE SALARIA;da specificare;;;;dir. Foro Italico alt. uscita Salaria/PratiFiscali;Scontro laterale fra veicoli in marcia;Rettilineo;Due carreggiate;Asciutto;Asfaltata;Verticale ed orizzontale;Sereno;Intenso;Buona;Ore Diurne;1;0;0;1;12.5116;41.9385;-1;2;Autovettura privata;In marcia / fermata / arresto;Conducente;F;Illeso;0;;;
4388792;17;22/05/2019 18:50:00;Strada Urbana;VIA DEGLI SCIPIONI;all'intersezione con;VIA EZIO;VIA EZIO;;;Scontro frontale/laterale DX fra veicoli in marcia;Incrocio;Una carreggiata a senso unico di marcia;Asciutto;Asfaltata;Verticale ed orizzontale;Sereno;Normale;Buona;Ore Diurne;1;0;0;1;12.463;41.9098;-1;1;Autovettura privata;In marcia / fermata / arresto;Conducente;F;Rimandato;0;NON DECEDUTO;;
4388792;17;22/05/2019 18:50:00;Strada Urbana;VIA DEGLI SCIPIONI;all'intersezione con;VIA EZIO;VIA EZIO;;;Scontro frontale/laterale DX fra veicoli in marcia;Incrocio;Una carreggiata a senso unico di marcia;Asciutto;Asfaltata;Verticale ed orizzontale;Sereno;Normale;Buona;Ore Diurne;1;0;0;1;12.463;41.9098;-1;2;Autovettura privata;In marcia / fermata / arresto;Conducente;M;Illeso;0;;;
4388793;12;23/05/2019 09:40:00;Strada Urbana;VIA OSTIENSE;in corrispondenza;;del civico n.;899;;Scontro frontale/laterale SX fra veicoli in marcia;Rettilineo;Una carreggiata a doppio senso;Asciutto;Asfaltata;Verticale ed orizzontale;Sereno;Normale;Buona;Ore Diurne;1;0;0;1;12.4466;41.8275;-1;1;Autovettura privata;In marcia / fermata / arresto;Conducente;M;Illeso;0;;Utilizzato;Inesploso
4388793;12;23/05/2019 09:40:00;Strada Urbana;VIA OSTIENSE;in corrispondenza;;del civico n.;899;;Scontro frontale/laterale SX fra veicoli in marcia;Rettilineo;Una carreggiata a doppio senso;Asciutto;Asfaltata;Verticale ed orizzontale;Sereno;Normale;Buona;Ore Diurne;1;0;0;1;12.4466;41.8275;-1;2;Motociclo a solo;In marcia / fermata / arresto;Conducente;M;Rimandato;0;NON DECEDUTO;Utilizzato;
4388794;2;22/05/2019 13:45:00;Strada Urbana;CORSO D'ITALIA;in corrispondenza;;del civico n.;25;;Scontro laterale fra veicoli in marcia;Rettilineo;Una carreggiata a senso unico di marcia;Asciutto;Asfaltata;Verticale ed orizzontale;Sereno;Normale;Buona;Ore Diurne;1;0;0;2;12.4921;41.9107;-1;1;Autovettura pubblica;In marcia / fermata / arresto;Conducente;F;Illeso;0;;Non accertato;Inesploso
4388794;2;22/05/2019 13:45:00;Strada Urbana;CORSO D'ITALIA;in corrispondenza;;del civico n.;25;;Scontro laterale fra veicoli in marcia;Rettilineo;Una carreggiata a senso unico di marcia;Asciutto;Asfaltata;Verticale ed orizzontale;Sereno;Normale;Buona;Ore Diurne;1;0;0;2;12.4921;41.9107;-1;1;Autovettura pubblica;In marcia / fermata / arresto;Passeggero;M;Rifiuta cure immediate;0;NON DECEDUTO;Non accertato;Inesploso
4388794;2;22/05/2019 13:45:00;Strada Urbana;CORSO D'ITALIA;in corrispondenza;;del civico n.;25;;Scontro laterale fra veicoli in marcia;Rettilineo;Una carreggiata a senso unico di marcia;Asciutto;Asfaltata;Verticale ed orizzontale;Sereno;Normale;Buona;Ore Diurne;1;0;0;2;12.4921;41.9107;-1;2;Autocarro inferiore 35 q.;In marcia / fermata / arresto;Conducente;M;Illeso;0;;;
4388798;2;22/05/2019 13:00:00;Strada Urbana;VIALE REGINA MARGHERITA;in prossimità;;del civico n.;179;;Scontro frontale/laterale DX fra veicoli in marcia;Rettilineo;Una carreggiata a doppio senso;Asciutto;Asfaltata;Verticale ed orizzontale;Sereno;Normale;Buona;Ore Diurne;1;0;0;1;12.505;41.9145;-1;1;Motociclo a solo;In marcia / fermata / arresto;Conducente;M;Illeso;0;;Non accertato;
4388798;2;22/05/2019 13:00:00;Strada Urbana;VIALE REGINA MARGHERITA;in prossimità;;del civico n.;179;;Scontro frontale/laterale DX fra veicoli in marcia;Rettilineo;Una carreggiata a doppio senso;Asciutto;Asfaltata;Verticale ed orizzontale;Sereno;Normale;Buona;Ore Diurne;1;0;0;1;12.505;41.9145;-1;2;Velocipede;In marcia / fermata / arresto;Conducente;M;Rifiuta cure immediate;0;NON DECEDUTO;Esente;
4388800;2;22/05/2019 11:00:00;Strada Urbana;VIA DEL FORO ITALICO;da specificare;;;;alt. VIA DELLA MOSCHEA;Tamponamento;Rettilineo;Due carreggiate;Asciutto;Asfaltata;Verticale ed orizzontale;Sereno;Intenso;Buona;Ore Diurne;1;0;0;1;12.4828;41.94;-1;1;Motociclo a solo;In marcia / fermata / arresto;Conducente;M;Rimandato;0;NON DECEDUTO;;
4388800;2;22/05/2019 11:00:00;Strada Urbana;VIA DEL FORO ITALICO;da specificare;;;;alt. VIA DELLA MOSCHEA;Tamponamento;Rettilineo;Due carreggiate;Asciutto;Asfaltata;Verticale ed orizzontale;Sereno;Intenso;Buona;Ore Diurne;1;0;0;1;12.4828;41.94;-1;2;Autovettura privata;In marcia / fermata / arresto;Conducente;F;Illeso;0;;;
4388803;2;22/05/2019 10:35:00;Strada Urbana;VIA DOMENICO CHELINI;all'intersezione con;VIA GIOVANNI ANTONIO PLANA;VIA GIOVANNI ANTONIO PLANA;;;Veicolo in marcia contro veicolo in sosta;Incrocio;Una carreggiata a doppio senso;Asciutto;Asfaltata;Verticale ed orizzontale;Sereno;Normale;Buona;Ore Diurne;0;0;0;2;12.4826;41.926;-1;1;Autovettura privata;In marcia / fermata / arresto;Conducente;F;Illeso;0;;;
4388803;2;22/05/2019 10:35:00;Strada Urbana;VIA DOMENICO CHELINI;all'intersezione con;VIA GIOVANNI ANTONIO PLANA;VIA GIOVANNI ANTONIO PLANA;;;Veicolo in marcia contro veicolo in sosta;Incrocio;Una carreggiata a doppio senso;Asciutto;Asfaltata;Verticale ed orizzontale;Sereno;Normale;Buona;Ore Diurne;0;0;0;2;12.4826;41.926;-1;1;Autovettura privata;In marcia / fermata / arresto;Passeggero;M;Illeso;0;;Non accertato;Inesploso
4388803;2;22/05/2019 10:35:00;Strada Urbana;VIA DOMENICO CHELINI;all'intersezione con;VIA GIOVANNI ANTONIO PLANA;VIA GIOVANNI ANTONIO PLANA;;;Veicolo in marcia contro veicolo in sosta;Incrocio;Una carreggiata a doppio senso;Asciutto;Asfaltata;Verticale ed orizzontale;Sereno;Normale;Buona;Ore Diurne;0;0;0;2;12.4826;41.926;-1;2;Autovettura privata;Sosta;;;;;;;
4388804;13;23/05/2019 10:45:00;Strada Urbana;VIA SIMONIDE;in prossimità;;del civico n.;23;;Veicolo in marcia contro veicolo in sosta;Rettilineo;Una carreggiata a senso unico di marcia;Asciutto;Asfaltata;Verticale ed orizzontale;Sereno;Scarso;Buona;Ore Diurne;0;0;0;1;12.375;41.7689;-1;1;Autovettura privata;Sosta;;;;;;;
4388804;13;23/05/2019 10:45:00;Strada Urbana;VIA SIMONIDE;in prossimità;;del civico n.;23;;Veicolo in marcia contro veicolo in sosta;Rettilineo;Una carreggiata a senso unico di marcia;Asciutto;Asfaltata;Verticale ed orizzontale;Sereno;Scarso;Buona;Ore Diurne;0;0;0;1;12.375;41.7689;-1;2;Autocarro inferiore 35 q.;In marcia / fermata / arresto;Conducente;M;Illeso;0;;Non accertato;Inesploso
4388807;2;22/05/2019 22:30:00;Strada Urbana;CIRCONVALLAZIONE NOMENTANA;da specificare;;;;altezza rampa di uscita per Via Nomentana;Scontro laterale fra veicoli in marcia;Curva a visuale libera;Due carreggiate;Asciutto;Asfaltata;Verticale ed orizzontale;Sereno;Normale;Sufficiente;Sufficiente;2;0;0;2;12.5284;41.9288;-1;1;Motociclo con passeggero;In marcia / fermata / arresto;Conducente;M;Rimandato;0;NON DECEDUTO;;
4388807;2;22/05/2019 22:30:00;Strada Urbana;CIRCONVALLAZIONE NOMENTANA;da specificare;;;;altezza rampa di uscita per Via Nomentana;Scontro laterale fra veicoli in marcia;Curva a visuale libera;Due carreggiate;Asciutto;Asfaltata;Verticale ed orizzontale;Sereno;Normale;Sufficiente;Sufficiente;2;0;0;2;12.5284;41.9288;-1;1;Motociclo con passeggero;In marcia / fermata / arresto;Passeggero;F;Rimandato;0;NON DECEDUTO;Non accertato;
4388807;2;22/05/2019 22:30:00;Strada Urbana;CIRCONVALLAZIONE NOMENTANA;da specificare;;;;altezza rampa di uscita per Via Nomentana;Scontro laterale fra veicoli in marcia;Curva a visuale libera;Due carreggiate;Asciutto;Asfaltata;Verticale ed orizzontale;Sereno;Normale;Sufficiente;Sufficiente;2;0;0;2;12.5284;41.9288;-1;2;Autovettura privata;In marcia / fermata / arresto;Conducente;M;Illeso;0;;;
4388807;2;22/05/2019 22:30:00;Strada Urbana;CIRCONVALLAZIONE NOMENTANA;da specificare;;;;altezza rampa di uscita per Via Nomentana;Scontro laterale fra veicoli in marcia;Curva a visuale libera;Due carreggiate;Asciutto;Asfaltata;Verticale ed orizzontale;Sereno;Normale;Sufficiente;Sufficiente;2;0;0;2;12.5284;41.9288;-1;2;Autovettura privata;In marcia / fermata / arresto;Passeggero;M;Illeso;0;;Non utilizzato;Inesploso
4388822;2;23/05/2019 04:10:00;Strada Urbana;VIA NOMENTANA;all'intersezione semaforizzata con;VIA TRIPOLI;VIA TRIPOLI;;;Scontro laterale fra veicoli in marcia;Intersezione semaforizzata;Due carreggiate;Asciutto;Asfaltata;Verticale ed orizzontale;Sereno;Scarso;Buona;Sufficiente;2;0;0;1;12.5253;41.9287;-1;1;Motociclo con passeggero;In marcia / fermata / arresto;Conducente;M;Rimandato;0;NON DECEDUTO;;
4388822;2;23/05/2019 04:10:00;Strada Urbana;VIA NOMENTANA;all'intersezione semaforizzata con;VIA TRIPOLI;VIA TRIPOLI;;;Scontro laterale fra veicoli in marcia;Intersezione semaforizzata;Due carreggiate;Asciutto;Asfaltata;Verticale ed orizzontale;Sereno;Scarso;Buona;Sufficiente;2;0;0;1;12.5253;41.9287;-1;1;Motociclo con passeggero;In marcia / fermata / arresto;Passeggero;M;Rimandato;0;NON DECEDUTO;;
4388822;2;23/05/2019 04:10:00;Strada Urbana;VIA NOMENTANA;all'intersezione semaforizzata con;VIA TRIPOLI;VIA TRIPOLI;;;Scontro laterale fra veicoli in marcia;Intersezione semaforizzata;Due carreggiate;Asciutto;Asfaltata;Verticale ed orizzontale;Sereno;Scarso;Buona;Sufficiente;2;0;0;1;12.5253;41.9287;-1;2;Autovettura privata;In marcia / fermata / arresto;Conducente;M;Illeso;0;;Non accertato;Inesploso
4388832;2;22/05/2019 16:00:00;Strada Urbana;VIA VALNERINA;da specificare;;;;alt. Via Villa Chigi;Veicolo in marcia contro veicoli in sosta;Rettilineo;Una carreggiata a senso unico di marcia;Asciutto;Asfaltata;Verticale ed orizzontale;Sereno;Normale;Buona;Ore Diurne;0;0;0;1;12.5165;41.9327;-1;1;Autovettura privata;Sosta;;;;;;;
4388832;2;22/05/2019 16:00:00;Strada Urbana;VIA VALNERINA;da specificare;;;;alt. Via Villa Chigi;Veicolo in marcia contro veicoli in sosta;Rettilineo;Una carreggiata a senso unico di marcia;Asciutto;Asfaltata;Verticale ed orizzontale;Sereno;Normale;Buona;Ore Diurne;0;0;0;1;12.5165;41.9327;-1;2;Autovettura privata;In marcia / fermata / arresto;Conducente;F;Illeso;0;;;
4388832;2;22/05/2019 16:00:00;Strada Urbana;VIA VALNERINA;da specificare;;;;alt. Via Villa Chigi;Veicolo in marcia contro veicoli in sosta;Rettilineo;Una carreggiata a senso unico di marcia;Asciutto;Asfaltata;Verticale ed orizzontale;Sereno;Normale;Buona;Ore Diurne;0;0;0;1;12.5165;41.9327;-1;3;Autovettura privata;Sosta;;;;;;;
4388843;2;23/05/2019 01:00:00;Strada Urbana;VIALE DEL MURO TORTO;da specificare;;;;dir. Nomentana 10 mt rampa uscita Porta Pinciana;Tamponamento;Rettilineo;Due carreggiate;Asciutto;Asfaltata;Verticale ed orizzontale;Sereno;Scarso;Buona;Sufficiente;1;0;0;0;12.4878;41.9095;-1;1;Autovettura privata;In marcia / fermata / arresto;Conducente;F;Rimandato;0;NON DECEDUTO;;
4388843;2;23/05/2019 01:00:00;Strada Urbana;VIALE DEL MURO TORTO;da specificare;;;;dir. Nomentana 10 mt rampa uscita Porta Pinciana;Tamponamento;Rettilineo;Due carreggiate;Asciutto;Asfaltata;Verticale ed orizzontale;Sereno;Scarso;Buona;Sufficiente;1;0;0;0;12.4878;41.9095;-1;2;Autovettura privata;Allontanatosi;;;;;;;
4388846;12;23/05/2019 07:00:00;Strada Urbana;VIA OSTIENSE;da specificare;;;;prox. via  del Forte Ostiense dir V.le Marconi;Scontro frontale fra veicoli in marcia;Curva senza visuale libera;Una carreggiata a doppio senso;Asciutto;Asfaltata;Verticale ed orizzontale;Sereno;Normale;Buona;Ore Diurne;1;0;0;1;12.4749;41.8487;-1;1;Autovettura privata;In marcia / fermata / arresto;Conducente;M;Illeso;0;;;
4388846;12;23/05/2019 07:00:00;Strada Urbana;VIA OSTIENSE;da specificare;;;;prox. via  del Forte Ostiense dir V.le Marconi;Scontro frontale fra veicoli in marcia;Curva senza visuale libera;Una carreggiata a doppio senso;Asciutto;Asfaltata;Verticale ed orizzontale;Sereno;Normale;Buona;Ore Diurne;1;0;0;1;12.4749;41.8487;-1;2;Motociclo a solo;In marcia / fermata / arresto;Conducente;M;Rimandato;0;NON DECEDUTO;;
4388882;12;22/05/2019 09:55:00;Regionale entro l'abitato;VIA DEL MARE;in corrispondenza;;della chilometrica;15.8;;Tamponamento Multiplo;Rettilineo;Una carreggiata a doppio senso;Asciutto;Asfaltata;Verticale ed orizzontale;Sereno;Intenso;Buona;Ore Diurne;1;0;0;2;12.4632;41.8403;-1;1;Autovettura privata;In marcia / fermata / arresto;Conducente;M;Rimandato;0;NON DECEDUTO;Utilizzato;Inesistente
4388882;12;22/05/2019 09:55:00;Regionale entro l'abitato;VIA DEL MARE;in corrispondenza;;della chilometrica;15.8;;Tamponamento Multiplo;Rettilineo;Una carreggiata a doppio senso;Asciutto;Asfaltata;Verticale ed orizzontale;Sereno;Intenso;Buona;Ore Diurne;1;0;0;2;12.4632;41.8403;-1;2;Autovettura privata;In marcia / fermata / arresto;Conducente;M;Illeso;0;;Utilizzato;Inesploso
4388882;12;22/05/2019 09:55:00;Regionale entro l'abitato;VIA DEL MARE;in corrispondenza;;della chilometrica;15.8;;Tamponamento Multiplo;Rettilineo;Una carreggiata a doppio senso;Asciutto;Asfaltata;Verticale ed orizzontale;Sereno;Intenso;Buona;Ore Diurne;1;0;0;2;12.4632;41.8403;-1;3;Autovettura privata;In marcia / fermata / arresto;Conducente;M;Illeso;0;;Utilizzato;Inesploso
4388890;12;23/05/2019 01:40:00;Strada Urbana;VIA LAURENTINA;da specificare;;;;ALTEZZA PALO FILOBUS N.121 DIREZ. FUORI ROMA;Veicolo in marcia contro ostacolo fisso;Rettilineo;Una carreggiata a senso unico di marcia;Asciutto;Asfaltata;Verticale ed orizzontale;Sereno;Scarso;Sufficiente;Sufficiente;0;0;0;1;12.4851;41.8139;-1;1;Autovettura privata;In marcia / fermata / arresto;Conducente;M;Illeso;0;;Non accertato;Inesploso
4388896;6;23/05/2019 12:30:00;Strada Urbana;VIA AUGUSTO DULCERI;all'intersezione con;VIA FRONTINO;VIA FRONTINO;;;Scontro frontale/laterale SX fra veicoli in marcia;Incrocio;Una carreggiata a doppio senso;Asciutto;Asfaltata;Verticale;Sereno;Normale;Buona;Ore Diurne;2;0;0;1;12.5389;41.884;-1;1;Autovettura privata;In marcia / fermata / arresto;Conducente;F;Illeso;0;;Non accertato;Esploso
4388896;6;23/05/2019 12:30:00;Strada Urbana;VIA AUGUSTO DULCERI;all'intersezione con;VIA FRONTINO;VIA FRONTINO;;;Scontro frontale/laterale SX fra veicoli in marcia;Incrocio;Una carreggiata a doppio senso;Asciutto;Asfaltata;Verticale;Sereno;Normale;Buona;Ore Diurne;2;0;0;1;12.5389;41.884;-1;2;Autovettura di polizia;In marcia / fermata / arresto;Conducente;M;Rimandato;0;NON DECEDUTO;Non accertato;Esploso
4388896;6;23/05/2019 12:30:00;Strada Urbana;VIA AUGUSTO DULCERI;all'intersezione con;VIA FRONTINO;VIA FRONTINO;;;Scontro frontale/laterale SX fra veicoli in marcia;Incrocio;Una carreggiata a doppio senso;Asciutto;Asfaltata;Verticale;Sereno;Normale;Buona;Ore Diurne;2;0;0;1;12.5389;41.884;-1;2;Autovettura di polizia;In marcia / fermata / arresto;Passeggero;M;Rimandato;0;NON DECEDUTO;Non accertato;Esploso
4388904;12;22/05/2019 16:10:00;Provinciale;VIA LAURENTINA;in prossimità;;della chilometrica;10.35;;Scontro laterale fra veicoli in marcia;Rotatoria;Una carreggiata a senso unico di marcia;Asciutto;Asfaltata;Verticale ed orizzontale;Sereno;Normale;Buona;Ore Diurne;0;0;0;2;12.4852;41.8101;-1;1;Autovettura privata;In marcia / fermata / arresto;Conducente;F;Illeso;0;;Utilizzato;Inesploso
4388904;12;22/05/2019 16:10:00;Provinciale;VIA LAURENTINA;in prossimità;;della chilometrica;10.35;;Scontro laterale fra veicoli in marcia;Rotatoria;Una carreggiata a senso unico di marcia;Asciutto;Asfaltata;Verticale ed orizzontale;Sereno;Normale;Buona;Ore Diurne;0;0;0;2;12.4852;41.8101;-1;2;Autovettura privata;In marcia / fermata / arresto;Conducente;M;Illeso;0;;Utilizzato;Inesploso
4388911;12;22/05/2019 18:45:00;Strada Urbana;VIALE DON PASQUINO BORGHI;in prossimità;;del palo luce n.;39;;Veicolo in marcia contro ostacolo accidentale;Rettilineo;Due carreggiate;Asciutto;Asfaltata;Verticale ed orizzontale;Sereno;Normale;Buona;Ore Diurne;0;0;0;1;12.4453;41.8096;-1;1;Autovettura privata;In marcia / fermata / arresto;Conducente;M;Illeso;0;;Non accertato;Inesploso
4388974;2;22/05/2019 15:30:00;Strada Urbana;VIA ETTORE PETROLINI;in prossimità;;del civico n.;11;;Tamponamento;Rettilineo;Una carreggiata a doppio senso;Asciutto;Asfaltata;Verticale ed orizzontale;Sereno;Normale;Buona;Ore Diurne;1;0;0;0;12.4929;41.9307;0;1;Ciclomotore;In marcia / fermata / arresto;Conducente;F;Rimandato;0;NON DECEDUTO;;
4389028;9;23/05/2019 08:20:00;Strada Urbana;VIALE FURIO CAMILLO;in prossimità;;del civico n.;18/20;;Investimento di pedone;Rettilineo;Due carreggiate;Asciutto;Asfaltata;Verticale ed orizzontale;Sereno;Normale;Buona;Ore Diurne;2;0;0;0;12.5235;41.8749;-1;;;;Pedone;F;Rimandato;0;NON DECEDUTO;;
4389028;9;23/05/2019 08:20:00;Strada Urbana;VIALE FURIO CAMILLO;in prossimità;;del civico n.;18/20;;Investimento di pedone;Rettilineo;Due carreggiate;Asciutto;Asfaltata;Verticale ed orizzontale;Sereno;Normale;Buona;Ore Diurne;2;0;0;0;12.5235;41.8749;-1;1;Motociclo a solo;In marcia / fermata / arresto;Conducente;M;Rimandato;0;NON DECEDUTO;Utilizzato;
4389029;9;23/05/2019 11:20:00;Strada Urbana;VIA SATRICO;in prossimità;;del civico n.;1/A;;Investimento di pedone;Rettilineo;Una carreggiata a doppio senso;Asciutto;Asfaltata;Verticale ed orizzontale;Sereno;Normale;Buona;Ore Diurne;1;0;0;1;12.5055;41.8782;-1;;;;Pedone;F;Rimandato;0;NON DECEDUTO;;
4389029;9;23/05/2019 11:20:00;Strada Urbana;VIA SATRICO;in prossimità;;del civico n.;1/A;;Investimento di pedone;Rettilineo;Una carreggiata a doppio senso;Asciutto;Asfaltata;Verticale ed orizzontale;Sereno;Normale;Buona;Ore Diurne;1;0;0;1;12.5055;41.8782;-1;1;Motociclo a solo;In marcia / fermata / arresto;Conducente;M;Illeso;0;;Non accertato;
4389040;7;23/05/2019 13:15:00;Strada Urbana;VIA COLLATINA;in corrispondenza;;del civico n.;443;;Scontro frontale/laterale DX fra veicoli in marcia;Rettilineo;Una carreggiata a doppio senso;Asciutto;Asfaltata;Verticale ed orizzontale;Nuvoloso;Normale;Buona;Ore Diurne;0;0;0;2;12.6114;41.9048;-1;1;Autovettura privata;In marcia / fermata / arresto;Conducente;M;Illeso;0;;Non accertato;Inesploso
4389040;7;23/05/2019 13:15:00;Strada Urbana;VIA COLLATINA;in corrispondenza;;del civico n.;443;;Scontro frontale/laterale DX fra veicoli in marcia;Rettilineo;Una carreggiata a doppio senso;Asciutto;Asfaltata;Verticale ed orizzontale;Nuvoloso;Normale;Buona;Ore Diurne;0;0;0;2;12.6114;41.9048;-1;2;Autovettura privata;In marcia / fermata / arresto;Conducente;M;Illeso;0;;Non accertato;Inesploso
4389094;16;22/05/2019 12:40:00;Strada Urbana;VIA FEDERICO OZANAM;in corrispondenza;;del civico n.;72;;Investimento di pedone;Rettilineo;Una carreggiata a doppio senso;Asciutto;Asfaltata;Verticale ed orizzontale;Sereno;Normale;Buona;Ore Diurne;1;0;0;1;12.4495;41.8769;-1;;;;Pedone;F;Ricoverato;0;NON DECEDUTO;;