Protocollo;Gruppo;DataOraIncidente;Localizzazione1;STRADA1;Localizzazione2;STRADA2;Strada02;Chilometrica;DaSpecificare;NaturaIncidente;particolaritastrade;TipoStrada;FondoStradale;Pavimentazione;Segnaletica;CondizioneAtmosferica;Traffico;Visibilita;Illuminazione;NUM_FERITI;NUM_RISERVATA;NUM_MORTI;NUM_ILLESI;Longitudine;Latitudine;Confermato;Progressivo;TipoVeicolo;StatoVeicolo;TipoPersona;Sesso;Tipolesione;Deceduto;DecedutoDopo;CinturaCascoUtilizzato;Airbag;
4389658;1;22/05/2019 09:40:00;Strada Urbana;VIA GIOVANNI GIOLITTI;all'intersezione con;VIA BIXIO;VIA BIXIO;;;Scontro frontale/laterale SX fra veicoli in marcia;Intersezione stradale segnalata;Una carreggiata a senso unico di marcia;Asciutto;Asfaltata;Verticale ed orizzontale;Nuvoloso;Normale;Buona;Ore Diurne;0;0;0;2;12.507;41.8965;-1;1;Autovettura privata;In marcia / fermata / arresto;Conducente;M;Illeso;0;;Non accertato;Inesploso
4389658;1;22/05/2019 09:40:00;Strada Urbana;VIA GIOVANNI GIOLITTI;all'intersezione con;VIA BIXIO;VIA BIXIO;;;Scontro frontale/laterale SX fra veicoli in marcia;Intersezione stradale segnalata;Una carreggiata a senso unico di marcia;Asciutto;Asfaltata;Verticale ed orizzontale;Nuvoloso;Normale;Buona;Ore Diurne;0;0;0;2;12.507;41.8965;-1;2;Autovettura privata;In marcia / fermata / arresto;Conducente;M;Illeso;0;;Non accertato;Inesploso
4389677;1;23/05/2019 12:10:00;Strada Urbana;PIAZZA NAVONA;in prossimità;;del civico n.;114;;Veicolo in marcia contro veicolo fermo;Rettilineo;Una carreggiata a senso unico di marcia;Asciutto;In cubetti di porfido;Verticale ed orizzontale;Sereno;Normale;Buona;Ore Diurne;0;0;0;4;12.4733;41.8978;-1;1;Autovettura pubblica;In marcia / fermata / arresto;Conducente;M;Illeso;0;;Non accertato;Inesploso
4389677;1;23/05/2019 12:10:00;Strada Urbana;PIAZZA NAVONA;in prossimità;;del civico n.;114;;Veicolo in marcia contro veicolo fermo;Rettilineo;Una carreggiata a senso unico di marcia;Asciutto;In cubetti di porfido;Verticale ed orizzontale;Sereno;Normale;Buona;Ore Diurne;0;0;0;4;12.4733;41.8978;-1;1;Autovettura pubblica;In marcia / fermata / arresto;Passeggero;M;Illeso;0;;;
4389677;1;23/05/2019 12:10:00;Strada Urbana;PIAZZA NAVONA;in prossimità;;del civico n.;114;;Veicolo in marcia contro veicolo fermo;Rettilineo;Una carreggiata a senso unico di marcia;Asciutto;In cubetti di porfido;Verticale ed orizzontale;Sereno;Normale;Buona;Ore Diurne;0;0;0;4;12.4733;41.8978;-1;2;Autovettura privata;In marcia / fermata / arresto;Conducente;M;Illeso;0;;;Inesploso
4389677;1;23/05/2019 12:10:00;Strada Urbana;PIAZZA NAVONA;in prossimità;;del civico n.;114;;Veicolo in marcia contro veicolo fermo;Rettilineo;Una carreggiata a senso unico di marcia;Asciutto;In cubetti di porfido;Verticale ed orizzontale;Sereno;Normale;Buona;Ore Diurne;0;0;0;4;12.4733;41.8978;-1;2;Autovettura privata;In marcia / fermata / arresto;Passeggero;M;Illeso;0;;;
4389692;9;23/05/2019 15:00:00;Strada Urbana;VIA GALLIA;all'intersezione con;VIA APULIA;VIA APULIA;;;Investimento di pedone;Incrocio;Una carreggiata a doppio senso;Asciutto;Asfaltata;Verticale ed orizzontale;Sereno;Normale;Buona;Ore Diurne;3;0;0;0;12.5035;41.8811;-1;;;;Pedone;F;Rimandato;0;NON DECEDUTO;;
4389692;9;23/05/2019 15:00:00;Strada Urbana;VIA GALLIA;all'intersezione con;VIA APULIA;VIA APULIA;;;Investimento di pedone;Incrocio;Una carreggiata a doppio senso;Asciutto;Asfaltata;Verticale ed orizzontale;Sereno;Normale;Buona;Ore Diurne;3;0;0;0;12.5035;41.8811;-1;1;Motociclo con passeggero;In marcia / fermata / arresto;Conducente;M;Rimandato;0;NON DECEDUTO;Non accertato;
4389692;9;23/05/2019 15:00:00;Strada Urbana;VIA GALLIA;all'intersezione con;VIA APULIA;VIA APULIA;;;Investimento di pedone;Incrocio;Una carreggiata a doppio senso;Asciutto;Asfaltata;Verticale ed orizzontale;Sereno;Normale;Buona;Ore Diurne;3;0;0;0;12.5035;41.8811;-1;1;Motociclo con passeggero;In marcia / fermata / arresto;Passeggero;F;Rimandato;0;NON DECEDUTO;Non accertato;
4389698;17;23/05/2019 09:20:00;Strada Urbana;PIAZZA DEI QUIRITI;in corrispondenza;;del civico n.;17;;Veicolo in marcia contro veicolo fermo;Rotatoria;Una carreggiata a senso unico di marcia;Asciutto;Asfaltata;Verticale ed orizzontale;Sereno;Normale;Buona;Ore Diurne;0;0;0;2;12.4646;41.9096;-1;1;Autovettura privata;In marcia / fermata / arresto;Conducente;F;Illeso;0;;Non accertato;
4389698;17;23/05/2019 09:20:00;Strada Urbana;PIAZZA DEI QUIRITI;in corrispondenza;;del civico n.;17;;Veicolo in marcia contro veicolo fermo;Rotatoria;Una carreggiata a senso unico di marcia;Asciutto;Asfaltata;Verticale ed orizzontale;Sereno;Normale;Buona;Ore Diurne;0;0;0;2;12.4646;41.9096;-1;2;Autovettura privata;In marcia / fermata / arresto;Conducente;F;Illeso;0;;Non accertato;
4389818;13;23/05/2019 19:45:00;Strada Urbana;VIALE CARDINAL GINNASI;in corrispondenza;;del civico n.;14;;Investimento di pedone;Rettilineo;Una carreggiata a doppio senso;Asciutto;Asfaltata;Assente;Sereno;Normale;Buona;Ore Diurne;1;1;0;1;12.2818;41.7325;-1;;;;Pedone;F;Prognosi riservata;0;NON DECEDUTO;;
4389818;13;23/05/2019 19:45:00;Strada Urbana;VIALE CARDINAL GINNASI;in corrispondenza;;del civico n.;14;;Investimento di pedone;Rettilineo;Una carreggiata a doppio senso;Asciutto;Asfaltata;Assente;Sereno;Normale;Buona;Ore Diurne;1;1;0;1;12.2818;41.7325;-1;;;;Pedone;F;Rimandato;0;NON DECEDUTO;;
4389818;13;23/05/2019 19:45:00;Strada Urbana;VIALE CARDINAL GINNASI;in corrispondenza;;del civico n.;14;;Investimento di pedone;Rettilineo;Una carreggiata a doppio senso;Asciutto;Asfaltata;Assente;Sereno;Normale;Buona;Ore Diurne;1;1;0;1;12.2818;41.7325;-1;1;Autovettura privata;In marcia / fermata / arresto;Conducente;M;Illeso;0;;Non accertato;Inesploso
4390086;9;23/05/2019 19:45:00;Strada Urbana;VIA ANAGNINA;in prossimità;;del civico n.;281A;;Tamponamento;Rettilineo;Due carreggiate;Asciutto;Asfaltata;Verticale ed orizzontale;Nuvoloso;Normale;Buona;Ore Diurne;0;0;0;5;12.6107;41.8206;-1;1;Autovettura privata;In marcia / fermata / arresto;Conducente;F;Illeso;0;;Non accertato;Inesploso
4390086;9;23/05/2019 19:45:00;Strada Urbana;VIA ANAGNINA;in prossimità;;del civico n.;281A;;Tamponamento;Rettilineo;Due carreggiate;Asciutto;Asfaltata;Verticale ed orizzontale;Nuvoloso;Normale;Buona;Ore Diurne;0;0;0;5;12.6107;41.8206;-1;1;Autovettura privata;In marcia / fermata / arresto;Passeggero;F;Illeso;0;;Non accertato;Inesploso
4390086;9;23/05/2019 19:45:00;Strada Urbana;VIA ANAGNINA;in prossimità;;del civico n.;281A;;Tamponamento;Rettilineo;Due carreggiate;Asciutto;Asfaltata;Verticale ed orizzontale;Nuvoloso;Normale;Buona;Ore Diurne;0;0;0;5;12.6107;41.8206;-1;1;Autovettura privata;In marcia / fermata / arresto;Passeggero;F;Illeso;0;;Non accertato;Inesploso
4390086;9;23/05/2019 19:45:00;Strada Urbana;VIA ANAGNINA;in prossimità;;del civico n.;281A;;Tamponamento;Rettilineo;Due carreggiate;Asciutto;Asfaltata;Verticale ed orizzontale;Nuvoloso;Normale;Buona;Ore Diurne;0;0;0;5;12.6107;41.8206;-1;2;Quadriciclo leggero;In marcia / fermata / arresto;Conducente;M;Illeso;0;;Non accertato;Inesploso
4390086;9;23/05/2019 19:45:00;Strada Urbana;VIA ANAGNINA;in prossimità;;del civico n.;281A;;Tamponamento;Rettilineo;Due carreggiate;Asciutto;Asfaltata;Verticale ed orizzontale;Nuvoloso;Normale;Buona;Ore Diurne;0;0;0;5;12.6107;41.8206;-1;2;Quadriciclo leggero;In marcia / fermata / arresto;Passeggero;F;Illeso;0;;Non accertato;Inesploso
4390099;9;24/05/2019 00:15:00;Statale;VIA APPIA NUOVA;da specificare;;;;altezza G.R.A.;Scontro laterale fra veicoli in marcia;Rettilineo;Due carreggiate;Asciutto;Asfaltata;Assente;Sereno;Scarso;Sufficiente;Sufficiente;0;0;0;2;12.5734;41.8122;-1;1;Autovettura privata;In marcia / fermata / arresto;Conducente;M;Illeso;0;;Non accertato;Inesploso
4390099;9;24/05/2019 00:15:00;Statale;VIA APPIA NUOVA;da specificare;;;;altezza G.R.A.;Scontro laterale fra veicoli in marcia;Rettilineo;Due carreggiate;Asciutto;Asfaltata;Assente;Sereno;Scarso;Sufficiente;Sufficiente;0;0;0;2;12.5734;41.8122;-1;2;Autocarro inferiore 35 q.;In marcia / fermata / arresto;Conducente;M;Illeso;0;;Non accertato;Inesploso
4390123;15;23/05/2019 15:45:00;Strada Urbana;VIA ALBERESE;all'intersezione con;VIA DI S. PANTALEO CAMPANO;VIA DI S. PANTALEO CAMPANO;;;Scontro laterale fra veicoli in marcia;Incrocio;Una carreggiata a doppio senso;Asciutto;Asfaltata;Verticale ed orizzontale;Nuvoloso;Normale;Buona;Ore Diurne;0;0;0;2;12.4411;41.8484;-1;1;Autocarro inferiore 35 q.;In marcia / fermata / arresto;Conducente;M;Illeso;0;;Non accertato;Inesploso
4390123;15;23/05/2019 15:45:00;Strada Urbana;VIA ALBERESE;all'intersezione con;VIA DI S. PANTALEO CAMPANO;VIA DI S. PANTALEO CAMPANO;;;Scontro laterale fra veicoli in marcia;Incrocio;Una carreggiata a doppio senso;Asciutto;Asfaltata;Verticale ed orizzontale;Nuvoloso;Normale;Buona;Ore Diurne;0;0;0;2;12.4411;41.8484;-1;2;Autovettura privata;In marcia / fermata / arresto;Conducente;M;Illeso;0;;Non accertato;Inesploso
4390124;20;23/05/2019 11:00:00;Strada Urbana;VIA SAN GODENZO;in corrispondenza;;del civico n.;12;;Investimento di pedone;Curva senza visuale libera;Una carreggiata a senso unico di marcia;Asciutto;Asfaltata;Verticale ed orizzontale;Sereno;Scarso;Buona;Ore Diurne;1;0;0;1;;;0;;;;Pedone;F;Rimandato;0;NON DECEDUTO;;
4390124;20;23/05/2019 11:00:00;Strada Urbana;VIA SAN GODENZO;in corrispondenza;;del civico n.;12;;Investimento di pedone;Curva senza visuale libera;Una carreggiata a senso unico di marcia;Asciutto;Asfaltata;Verticale ed orizzontale;Sereno;Scarso;Buona;Ore Diurne;1;0;0;1;;;0;1;Autovettura privata;In marcia / fermata / arresto;Conducente;M;Illeso;0;;;
4390129;20;23/05/2019 13:00:00;Strada Urbana;VIA CASSIA;da specificare;;;;strada privata accesso al civico 1284;Veicolo in marcia contro veicoli in sosta;Pendenza;Una carreggiata a doppio senso;Asciutto;Asfaltata;Assente;Sereno;Scarso;Buona;Ore Diurne;0;0;0;1;12.4137;41.9828;-1;1;Autovettura privata;In marcia / fermata / arresto;Conducente;M;Illeso;0;;Non accertato;
4390129;20;23/05/2019 13:00:00;Strada Urbana;VIA CASSIA;da specificare;;;;strada privata accesso al civico 1284;Veicolo in marcia contro veicoli in sosta;Pendenza;Una carreggiata a doppio senso;Asciutto;Asfaltata;Assente;Sereno;Scarso;Buona;Ore Diurne;0;0;0;1;12.4137;41.9828;-1;2;Autovettura privata;Sosta;;;;;;;
4390129;20;23/05/2019 13:00:00;Strada Urbana;VIA CASSIA;da specificare;;;;strada privata accesso al civico 1284;Veicolo in marcia contro veicoli in sosta;Pendenza;Una carreggiata a doppio senso;Asciutto;Asfaltata;Assente;Sereno;Scarso;Buona;Ore Diurne;0;0;0;1;12.4137;41.9828;-1;3;Autovettura privata;Sosta;;;;;;;
4390141;1;23/05/2019 18:10:00;Strada Urbana;VIA DEI LATERANI;in prossimità;;del civico n.;21;;Scontro laterale fra veicoli in marcia;Rettilineo;Una carreggiata a senso unico di marcia;Asciutto;Asfaltata;Verticale ed orizzontale;Nuvoloso;Intenso;Buona;Ore Diurne;0;0;0;2;12.5031;41.8841;-1;1;Autovettura privata;In marcia / fermata / arresto;Conducente;F;Illeso;0;;Non accertato;Inesploso
4390141;1;23/05/2019 18:10:00;Strada Urbana;VIA DEI LATERANI;in prossimità;;del civico n.;21;;Scontro laterale fra veicoli in marcia;Rettilineo;Una carreggiata a senso unico di marcia;Asciutto;Asfaltata;Verticale ed orizzontale;Nuvoloso;Intenso;Buona;Ore Diurne;0;0;0;2;12.5031;41.8841;-1;2;Autovettura privata;In marcia / fermata / arresto;Conducente;M;Illeso;0;;Non accertato;Inesploso
4390147;19;23/05/2019 07:50:00;Strada Urbana;VIA CASOREZZO;in corrispondenza;;del palo luce n.;2;;Tamponamento Multiplo;Rettilineo;Una carreggiata a doppio senso;Asciutto;Asfaltata;Orizzontale;Sereno;Normale;Sufficiente;Ore Diurne;0;0;0;4;12.3829;41.9485;-1;1;Autovettura privata;In marcia / fermata / arresto;Conducente;M;Illeso;0;;Non accertato;
4390147;19;23/05/2019 07:50:00;Strada Urbana;VIA CASOREZZO;in corrispondenza;;del palo luce n.;2;;Tamponamento Multiplo;Rettilineo;Una carreggiata a doppio senso;Asciutto;Asfaltata;Orizzontale;Sereno;Normale;Sufficiente;Ore Diurne;0;0;0;4;12.3829;41.9485;-1;2;Autovettura privata;In marcia / fermata / arresto;Conducente;F;Illeso;0;;Non accertato;
4390147;19;23/05/2019 07:50:00;Strada Urbana;VIA CASOREZZO;in corrispondenza;;del palo luce n.;2;;Tamponamento Multiplo;Rettilineo;Una carreggiata a doppio senso;Asciutto;Asfaltata;Orizzontale;Sereno;Normale;Sufficiente;Ore Diurne;0;0;0;4;12.3829;41.9485;-1;2;Autovettura privata;In marcia / fermata / arresto;Passeggero;M;Illeso;0;;Non accertato;
4390147;19;23/05/2019 07:50:00;Strada Urbana;VIA CASOREZZO;in corrispondenza;;del palo luce n.;2;;Tamponamento Multiplo;Rettilineo;Una carreggiata a doppio senso;Asciutto;Asfaltata;Orizzontale;Sereno;Normale;Sufficiente;Ore Diurne;0;0;0;4;12.3829;41.9485;-1;3;Autovettura privata;In marcia / fermata / arresto;Conducente;F;Illeso;0;;Non accertato;
4390148;15;23/05/2019 14:30:00;Comunale extraurbana;VIALE ALEXANDRE GUSTAVE EIFFEL;all'intersezione con;VIALE FRANCO D'AMICO;VIALE FRANCO D'AMICO;;;Tamponamento Multiplo;Rotatoria;Una carreggiata a senso unico di marcia;Asciutto;Asfaltata;Verticale ed orizzontale;Sereno;Scarso;Buona;Ore Diurne;1;0;0;4;12.3345;41.8081;-1;1;Autovettura privata;In marcia / fermata / arresto;Conducente;M;Illeso;0;;Non accertato;Inesploso
4390148;15;23/05/2019 14:30:00;Comunale extraurbana;VIALE ALEXANDRE GUSTAVE EIFFEL;all'intersezione con;VIALE FRANCO D'AMICO;VIALE FRANCO D'AMICO;;;Tamponamento Multiplo;Rotatoria;Una carreggiata a senso unico di marcia;Asciutto;Asfaltata;Verticale ed orizzontale;Sereno;Scarso;Buona;Ore Diurne;1;0;0;4;12.3345;41.8081;-1;1;Autovettura privata;In marcia / fermata / arresto;Passeggero;F;Rimandato;0;NON DECEDUTO;Non accertato;Inesploso
4390148;15;23/05/2019 14:30:00;Comunale extraurbana;VIALE ALEXANDRE GUSTAVE EIFFEL;all'intersezione con;VIALE FRANCO D'AMICO;VIALE FRANCO D'AMICO;;;Tamponamento Multiplo;Rotatoria;Una carreggiata a senso unico di marcia;Asciutto;Asfaltata;Verticale ed orizzontale;Sereno;Scarso;Buona;Ore Diurne;1;0;0;4;12.3345;41.8081;-1;2;Autovettura privata;In marcia / fermata / arresto;Conducente;M;Illeso;0;;Non accertato;Inesploso
4390148;15;23/05/2019 14:30:00;Comunale extraurbana;VIALE ALEXANDRE GUSTAVE EIFFEL;all'intersezione con;VIALE FRANCO D'AMICO;VIALE FRANCO D'AMICO;;;Tamponamento Multiplo;Rotatoria;Una carreggiata a senso unico di marcia;Asciutto;Asfaltata;Verticale ed orizzontale;Sereno;Scarso;Buona;Ore Diurne;1;0;0;4;12.3345;41.8081;-1;2;Autovettura privata;In marcia / fermata / arresto;Passeggero;F;Illeso;0;;Non accertato;Inesploso
4390148;15;23/05/2019 14:30:00;Comunale extraurbana;VIALE ALEXANDRE GUSTAVE EIFFEL;all'intersezione con;VIALE FRANCO D'AMICO;VIALE FRANCO D'AMICO;;;Tamponamento Multiplo;Rotatoria;Una carreggiata a senso unico di marcia;Asciutto;Asfaltata;Verticale ed orizzontale;Sereno;Scarso;Buona;Ore Diurne;1;0;0;4;12.3345;41.8081;-1;3;Autovettura privata;In marcia / fermata / arresto;Conducente;M;Illeso;0;;Non accertato;Inesploso
4390150;19;23/05/2019 09:40:00;Strada Urbana;VIA DI TORREVECCHIA;in prossimità;;del civico n.;423;;Tamponamento;Rettilineo;Una carreggiata a doppio senso;Asciutto;Asfaltata;Verticale;Sereno;Intenso;Buona;Ore Diurne;0;0;0;2;12.4148;41.9256;-1;1;Autovettura privata;In marcia / fermata / arresto;Conducente;M;Illeso;0;;Non accertato;Inesploso
4390150;19;23/05/2019 09:40:00;Strada Urbana;VIA DI TORREVECCHIA;in prossimità;;del civico n.;423;;Tamponamento;Rettilineo;Una carreggiata a doppio senso;Asciutto;Asfaltata;Verticale;Sereno;Intenso;Buona;Ore Diurne;0;0;0;2;12.4148;41.9256;-1;2;Autovettura privata;In marcia / fermata / arresto;Conducente;F;Illeso;0;;Non accertato;Inesploso
4390154;19;23/05/2019 10:00:00;Strada Urbana;VIA TRIONFALE;da specificare;;;;prossimità civ. 11655;Scontro frontale fra veicoli in marcia;Curva senza visuale libera;Una carreggiata a doppio senso;Asciutto;Asfaltata;Orizzontale;Sereno;Normale;Buona;Ore Diurne;1;0;0;2;12.4107;41.9604;-1;1;Motociclo a solo;In marcia / fermata / arresto;Conducente;M;Rimandato;0;NON DECEDUTO;Non accertato;
4390154;19;23/05/2019 10:00:00;Strada Urbana;VIA TRIONFALE;da specificare;;;;prossimità civ. 11655;Scontro frontale fra veicoli in marcia;Curva senza visuale libera;Una carreggiata a doppio senso;Asciutto;Asfaltata;Orizzontale;Sereno;Normale;Buona;Ore Diurne;1;0;0;2;12.4107;41.9604;-1;2;Autovettura privata;In marcia / fermata / arresto;Conducente;F;Illeso;0;;Non accertato;
4390154;19;23/05/2019 10:00:00;Strada Urbana;VIA TRIONFALE;da specificare;;;;prossimità civ. 11655;Scontro frontale fra veicoli in marcia;Curva senza visuale libera;Una carreggiata a doppio senso;Asciutto;Asfaltata;Orizzontale;Sereno;Normale;Buona;Ore Diurne;1;0;0;2;12.4107;41.9604;-1;3;Autovettura privata;In marcia / fermata / arresto;Conducente;M;Illeso;0;;Non accertato;
4390159;20;23/05/2019 09:15:00;Strada Urbana;VIA DEL FORO ITALICO;da specificare;;;;direzione Stadio a 150mt da svincolo Tor di Quinto;Tamponamento;Rettilineo;Due carreggiate;Asciutto;Asfaltata;Verticale ed orizzontale;Sereno;Intenso;Buona;Ore Diurne;0;0;0;2;12.4828;41.94;-1;1;Autovettura privata;In marcia / fermata / arresto;Conducente;M;Illeso;0;;Non accertato;Inesploso
4390159;20;23/05/2019 09:15:00;Strada Urbana;VIA DEL FORO ITALICO;da specificare;;;;direzione Stadio a 150mt da svincolo Tor di Quinto;Tamponamento;Rettilineo;Due carreggiate;Asciutto;Asfaltata;Verticale ed orizzontale;Sereno;Intenso;Buona;Ore Diurne;0;0;0;2;12.4828;41.94;-1;2;Autovettura privata;In marcia / fermata / arresto;Conducente;M;Illeso;0;;Non accertato;Inesploso
4390160;20;23/05/2019 21:35:00;Strada Urbana;VIA DI TORREVECCHIA;in prossimità;;del civico n.;7;;Tamponamento;Rettilineo;Una carreggiata a doppio senso;Asciutto;Asfaltata;Verticale ed orizzontale;Sereno;Normale;Sufficiente;Sufficiente;0;0;0;3;12.4231;41.9364;-1;1;Autovettura privata;In marcia / fermata / arresto;Conducente;M;Illeso;0;;;
4390160;20;23/05/2019 21:35:00;Strada Urbana;VIA DI TORREVECCHIA;in prossimità;;del civico n.;7;;Tamponamento;Rettilineo;Una carreggiata a doppio senso;Asciutto;Asfaltata;Verticale ed orizzontale;Sereno;Normale;Sufficiente;Sufficiente;0;0;0;3;12.4231;41.9364;-1;1;Autovettura privata;In marcia / fermata / arresto;Passeggero;F;Illeso;0;;;
4390160;20;23/05/2019 21:35:00;Strada Urbana;VIA DI TORREVECCHIA;in prossimità;;del civico n.;7;;Tamponamento;Rettilineo;Una carreggiata a doppio senso;Asciutto;Asfaltata;Verticale ed orizzontale;Sereno;Normale;Sufficiente;Sufficiente;0;0;0;3;12.4231;41.9364;-1;2;Autovettura privata;In marcia / fermata / arresto;Conducente;M;Illeso;0;;;
4390161;6;23/05/2019 17:15:00;Strada Urbana;VIA PRENESTINA;in corrispondenza;;del civico n.;410;;Tamponamento;Rettilineo;Più di due carreggiate;Asciutto;Asfaltata;Verticale ed orizzontale;Sereno;Normale;Buona;Ore Diurne;0;0;0;2;12.5635;41.8948;-1;1;Autovettura privata;In marcia / fermata / arresto;Conducente;F;Illeso;0;;Non accertato;Inesploso
4390161;6;23/05/2019 17:15:00;Strada Urbana;VIA PRENESTINA;in corrispondenza;;del civico n.;410;;Tamponamento;Rettilineo;Più di due carreggiate;Asciutto;Asfaltata;Verticale ed orizzontale;Sereno;Normale;Buona;Ore Diurne;0;0;0;2;12.5635;41.8948;-1;2;Autocarro inferiore 35 q.;In marcia / fermata / arresto;Conducente;M;Illeso;0;;Non accertato;Inesploso
4390162;15;23/05/2019 16:30:00;Strada Urbana;VIA DELLA MAGLIANA;da specificare;;;;prox Viadotto Magliana direzione P.zza Meucci;Scontro laterale fra veicoli in marcia;Rettilineo;Una carreggiata a senso unico di marcia;Asciutto;Asfaltata;Verticale ed orizzontale;Sereno;Intenso;Buona;Ore Diurne;0;0;0;2;12.4196;41.8317;-1;1;Autocarro inferiore 35 q.;In marcia / fermata / arresto;Conducente;M;Illeso;0;;Non accertato;Inesploso
4390162;15;23/05/2019 16:30:00;Strada Urbana;VIA DELLA MAGLIANA;da specificare;;;;prox Viadotto Magliana direzione P.zza Meucci;Scontro laterale fra veicoli in marcia;Rettilineo;Una carreggiata a senso unico di marcia;Asciutto;Asfaltata;Verticale ed orizzontale;Sereno;Intenso;Buona;Ore Diurne;0;0;0;2;12.4196;41.8317;-1;2;Autocarro inferiore 35 q.;In marcia / fermata / arresto;Conducente;M;Illeso;0;;Non accertato;Inesploso
4390165;13;23/05/2019 19:40:00;Strada Urbana;VIA DI CASTEL FUSANO;in corrispondenza;;del civico n.;54;;Veicolo in marcia contro ostacolo accidentale;Rettilineo;Una carreggiata a doppio senso;Asciutto;Asfaltata;Verticale ed orizzontale;Sereno;Normale;Buona;Ore Diurne;0;0;0;1;12.3087;41.7524;-1;1;Autovettura privata;In marcia / fermata / arresto;Conducente;F;Illeso;0;;Non accertato;Inesploso
4390171;13;23/05/2019 23:30:00;Strada Urbana;VIA GIUSEPPE MICALI;all'intersezione con;VIA GIUSEPPE DECHELETTE;VIA GIUSEPPE DECHELETTE;;;Scontro frontale/laterale SX fra veicoli in marcia;Incrocio;Una carreggiata a doppio senso;Asciutto;Asfaltata;Assente;Nuvoloso;Scarso;Sufficiente;Sufficiente;1;0;0;3;12.3227;41.7582;-1;1;Autovettura privata;In marcia / fermata / arresto;Conducente;F;Illeso;0;;Non accertato;Esploso
4390171;13;23/05/2019 23:30:00;Strada Urbana;VIA GIUSEPPE MICALI;all'intersezione con;VIA GIUSEPPE DECHELETTE;VIA GIUSEPPE DECHELETTE;;;Scontro frontale/laterale SX fra veicoli in marcia;Incrocio;Una carreggiata a doppio senso;Asciutto;Asfaltata;Assente;Nuvoloso;Scarso;Sufficiente;Sufficiente;1;0;0;3;12.3227;41.7582;-1;1;Autovettura privata;In marcia / fermata / arresto;Passeggero;M;Rimandato;0;NON DECEDUTO;Non accertato;Esploso
4390171;13;23/05/2019 23:30:00;Strada Urbana;VIA GIUSEPPE MICALI;all'intersezione con;VIA GIUSEPPE DECHELETTE;VIA GIUSEPPE DECHELETTE;;;Scontro frontale/laterale SX fra veicoli in marcia;Incrocio;Una carreggiata a doppio senso;Asciutto;Asfaltata;Assente;Nuvoloso;Scarso;Sufficiente;Sufficiente;1;0;0;3;12.3227;41.7582;-1;2;Autovettura privata;In marcia / fermata / arresto;Conducente;M;Illeso;0;;Non accertato;Esploso
4390171;13;23/05/2019 23:30:00;Strada Urbana;VIA GIUSEPPE MICALI;all'intersezione con;VIA GIUSEPPE DECHELETTE;VIA GIUSEPPE DECHELETTE;;;Scontro frontale/laterale SX fra veicoli in marcia;Incrocio;Una carreggiata a doppio senso;Asciutto;Asfaltata;Assente;Nuvoloso;Scarso;Sufficiente;Sufficiente;1;0;0;3;12.3227;41.7582;-1;2;Autovettura privata;In marcia / fermata / arresto;Passeggero;M;Illeso;0;;Non accertato;Esploso
4390177;19;23/05/2019 17:55:00;Strada Urbana;VIA DI S. MARIA DI GALERIA;in prossimità;;del civico n.;379;;Veicolo in marcia contro ostacolo accidentale;Rettilineo;Una carreggiata a doppio senso;Asciutto;Con buche;Assente;Sereno;Scarso;Buona;Ore Diurne;0;0;0;1;12.3152;42.0363;-1;1;Autovettura privata;In marcia / fermata / arresto;Conducente;M;Illeso;0;;;
4390178;7;23/05/2019 11:40:00;Strada Urbana;VIA DELLE ACACIE;in corrispondenza;;del civico n.;66;;Veicolo in marcia contro veicoli in sosta;Rettilineo;Una carreggiata a doppio senso;Asciutto;Asfaltata;Verticale ed orizzontale;Sereno;Normale;Buona;Ore Diurne;0;0;0;0;12.5659;41.8876;-1;1;Autovettura privata;Allontanatosi;;;;;;;
4390178;7;23/05/2019 11:40:00;Strada Urbana;VIA DELLE ACACIE;in corrispondenza;;del civico n.;66;;Veicolo in marcia contro veicoli in sosta;Rettilineo;Una carreggiata a doppio senso;Asciutto;Asfaltata;Verticale ed orizzontale;Sereno;Normale;Buona;Ore Diurne;0;0;0;0;12.5659;41.8876;-1;2;Autovettura privata;Sosta;;;;;;;
4390178;7;23/05/2019 11:40:00;Strada Urbana;VIA DELLE ACACIE;in corrispondenza;;del civico n.;66;;Veicolo in marcia contro veicoli in sosta;Rettilineo;Una carreggiata a doppio senso;Asciutto;Asfaltata;Verticale ed orizzontale;Sereno;Normale;Buona;Ore Diurne;0;0;0;0;12.5659;41.8876;-1;3;Autocarro inferiore 35 q.;Sosta;;;;;;;
4390186;19;23/05/2019 19:00:00;Strada Urbana;VIALE DELLE MEDAGLIE D'ORO;all'intersezione semaforizzata con;VIA MARZIALE;VIA MARZIALE;;;Tamponamento;Incrocio;Una carreggiata a doppio senso;Asciutto;Asfaltata;Verticale ed orizzontale;Sereno;Normale;Buona;Ore Diurne;0;0;0;2;12.4436;41.9119;-1;1;Autovettura privata;In marcia / fermata / arresto;Conducente;F;Illeso;0;;;
4390186;19;23/05/2019 19:00:00;Strada Urbana;VIALE DELLE MEDAGLIE D'ORO;all'intersezione semaforizzata con;VIA MARZIALE;VIA MARZIALE;;;Tamponamento;Incrocio;Una carreggiata a doppio senso;Asciutto;Asfaltata;Verticale ed orizzontale;Sereno;Normale;Buona;Ore Diurne;0;0;0;2;12.4436;41.9119;-1;2;Ciclomotore;In marcia / fermata / arresto;Conducente;M;Illeso;0;;;