Protocollo;Gruppo;DataOraIncidente;Localizzazione1;STRADA1;Localizzazione2;STRADA2;Strada02;Chilometrica;DaSpecificare;NaturaIncidente;particolaritastrade;TipoStrada;FondoStradale;Pavimentazione;Segnaletica;CondizioneAtmosferica;Traffico;Visibilita;Illuminazione;NUM_FERITI;NUM_RISERVATA;NUM_MORTI;NUM_ILLESI;Longitudine;Latitudine;Confermato;Progressivo;TipoVeicolo;StatoVeicolo;TipoPersona;Sesso;Tipolesione;Deceduto;DecedutoDopo;CinturaCascoUtilizzato;Airbag;
4390544;8;23/05/2019 19:20:00;Provinciale;VIA ZAGAROLESE;da specificare;;;;in prossimità del km 6.100;Scontro laterale fra veicoli in marcia;Curva senza visuale libera;Una carreggiata a doppio senso;Bagnato (umidità in atto);Asfaltata;Verticale ed orizzontale;Sereno;Normale;Sufficiente;Ore Diurne;0;0;0;2;12.7622;41.9099;-1;1;Autovettura privata;In marcia / fermata / arresto;Conducente;M;Illeso;0;;Non accertato;Inesploso
4390544;8;23/05/2019 19:20:00;Provinciale;VIA ZAGAROLESE;da specificare;;;;in prossimità del km 6.100;Scontro laterale fra veicoli in marcia;Curva senza visuale libera;Una carreggiata a doppio senso;Bagnato (umidità in atto);Asfaltata;Verticale ed orizzontale;Sereno;Normale;Sufficiente;Ore Diurne;0;0;0;2;12.7622;41.9099;-1;2;Autovettura privata;In marcia / fermata / arresto;Conducente;M;Illeso;0;;;
4390553;8;23/05/2019 09:40:00;Strada Urbana;VIALE OXFORD;da specificare;;;;AREA PARCHEGGIO PRIVATO PTV;Scontro laterale fra veicoli in marcia;Rettilineo;Una carreggiata a doppio senso;Asciutto;Asfaltata;Verticale ed orizzontale;Sereno;Scarso;Buona;Ore Diurne;0;0;0;3;12.6276;41.8611;-1;1;Autovettura privata;In marcia / fermata / arresto;Conducente;M;Illeso;0;;Non accertato;Inesploso
4390553;8;23/05/2019 09:40:00;Strada Urbana;VIALE OXFORD;da specificare;;;;AREA PARCHEGGIO PRIVATO PTV;Scontro laterale fra veicoli in marcia;Rettilineo;Una carreggiata a doppio senso;Asciutto;Asfaltata;Verticale ed orizzontale;Sereno;Scarso;Buona;Ore Diurne;0;0;0;3;12.6276;41.8611;-1;2;Autovettura privata;In marcia / fermata / arresto;Conducente;F;Illeso;0;;Non accertato;Inesploso
4390553;8;23/05/2019 09:40:00;Strada Urbana;VIALE OXFORD;da specificare;;;;AREA PARCHEGGIO PRIVATO PTV;Scontro laterale fra veicoli in marcia;Rettilineo;Una carreggiata a doppio senso;Asciutto;Asfaltata;Verticale ed orizzontale;Sereno;Scarso;Buona;Ore Diurne;0;0;0;3;12.6276;41.8611;-1;2;Autovettura privata;In marcia / fermata / arresto;Passeggero;F;Illeso;0;;Non accertato;Inesploso
4390612;18;23/05/2019 19:20:00;Strada Urbana;VIA DI BOCCEA;in prossimità;;del civico n.;198;;Scontro laterale fra veicoli in marcia;Rettilineo;Una carreggiata a doppio senso;Asciutto;Asfaltata;Verticale ed orizzontale;Sereno;Intenso;Buona;Ore Diurne;1;0;0;3;12.4224;41.9032;-1;1;Autovettura privata;In marcia / fermata / arresto;Conducente;F;Illeso;0;;;
4390612;18;23/05/2019 19:20:00;Strada Urbana;VIA DI BOCCEA;in prossimità;;del civico n.;198;;Scontro laterale fra veicoli in marcia;Rettilineo;Una carreggiata a doppio senso;Asciutto;Asfaltata;Verticale ed orizzontale;Sereno;Intenso;Buona;Ore Diurne;1;0;0;3;12.4224;41.9032;-1;2;Motociclo a solo;In marcia / fermata / arresto;Conducente;F;Rifiuta cure immediate;0;NON DECEDUTO;;
4390612;18;23/05/2019 19:20:00;Strada Urbana;VIA DI BOCCEA;in prossimità;;del civico n.;198;;Scontro laterale fra veicoli in marcia;Rettilineo;Una carreggiata a doppio senso;Asciutto;Asfaltata;Verticale ed orizzontale;Sereno;Intenso;Buona;Ore Diurne;1;0;0;3;12.4224;41.9032;-1;3;Autovettura privata;In marcia / fermata / arresto;Conducente;M;Illeso;0;;;
4390612;18;23/05/2019 19:20:00;Strada Urbana;VIA DI BOCCEA;in prossimità;;del civico n.;198;;Scontro laterale fra veicoli in marcia;Rettilineo;Una carreggiata a doppio senso;Asciutto;Asfaltata;Verticale ed orizzontale;Sereno;Intenso;Buona;Ore Diurne;1;0;0;3;12.4224;41.9032;-1;3;Autovettura privata;In marcia / fermata / arresto;Passeggero;F;Illeso;0;;;
4390636;2;23/05/2019 14:15:00;Strada Urbana;PIAZZALE DEL PARCO DELLA RIMEMBRANZA;da specificare;;;;fronte Via Denza;Scontro frontale/laterale DX fra veicoli in marcia;Rettilineo;Una carreggiata a doppio senso;Asciutto;Asfaltata;Verticale ed orizzontale;Sereno;Normale;Buona;Ore Diurne;0;0;0;2;12.4828;41.9289;-1;1;Autovettura privata;In marcia / fermata / arresto;Conducente;F;Illeso;0;;Non accertato;Inesploso
4390636;2;23/05/2019 14:15:00;Strada Urbana;PIAZZALE DEL PARCO DELLA RIMEMBRANZA;da specificare;;;;fronte Via Denza;Scontro frontale/laterale DX fra veicoli in marcia;Rettilineo;Una carreggiata a doppio senso;Asciutto;Asfaltata;Verticale ed orizzontale;Sereno;Normale;Buona;Ore Diurne;0;0;0;2;12.4828;41.9289;-1;2;Motociclo a solo;In marcia / fermata / arresto;Conducente;M;Illeso;0;;Non accertato;
4390659;1;24/05/2019 11:00:00;Strada Urbana;PIAZZA DI S. MARIA MAGGIORE;all'intersezione con;VIA GIOBERTI;VIA GIOBERTI;;;Scontro laterale fra veicoli in marcia;Intersezione stradale segnalata;Una carreggiata a senso unico di marcia;Asciutto;Asfaltata;Assente;Sereno;Intenso;Buona;Ore Diurne;0;0;0;2;12.4994;41.8976;-1;1;Autovettura privata;In marcia / fermata / arresto;Conducente;M;Illeso;0;;;
4390659;1;24/05/2019 11:00:00;Strada Urbana;PIAZZA DI S. MARIA MAGGIORE;all'intersezione con;VIA GIOBERTI;VIA GIOBERTI;;;Scontro laterale fra veicoli in marcia;Intersezione stradale segnalata;Una carreggiata a senso unico di marcia;Asciutto;Asfaltata;Assente;Sereno;Intenso;Buona;Ore Diurne;0;0;0;2;12.4994;41.8976;-1;2;Autobus turistico;In marcia / fermata / arresto;Conducente;M;Illeso;0;;;
4390710;12;24/05/2019 12:10:00;Strada Urbana;VIA CARMELO MAESTRINI;all'intersezione con;VIA PONTINA  (CARREGGIATA COMPLANARE);VIA PONTINA  (CARREGGIATA COMPLANARE);;;Scontro frontale/laterale SX fra veicoli in marcia;Incrocio;Due carreggiate;Asciutto;Asfaltata;Verticale ed orizzontale;Sereno;Normale;Buona;Ore Diurne;0;0;0;2;12.4521;41.7941;-1;1;Autovettura privata;In marcia / fermata / arresto;Conducente;M;Illeso;0;;Non accertato;Inesploso
4390710;12;24/05/2019 12:10:00;Strada Urbana;VIA CARMELO MAESTRINI;all'intersezione con;VIA PONTINA  (CARREGGIATA COMPLANARE);VIA PONTINA  (CARREGGIATA COMPLANARE);;;Scontro frontale/laterale SX fra veicoli in marcia;Incrocio;Due carreggiate;Asciutto;Asfaltata;Verticale ed orizzontale;Sereno;Normale;Buona;Ore Diurne;0;0;0;2;12.4521;41.7941;-1;2;Autovettura privata;In marcia / fermata / arresto;Conducente;M;Illeso;0;;Non accertato;Inesploso
4390723;13;24/05/2019 22:20:00;Strada Urbana;VIA DI PONTE LADRONE;in prossimità;;del civico n.;2B;;Veicolo in marcia contro ostacolo fisso;Rettilineo;Una carreggiata a doppio senso;Asciutto;Asfaltata;Assente;Sereno;Normale;Insufficiente;Insufficiente;0;0;0;1;12.2749;41.7334;-1;1;Autovettura privata;In marcia / fermata / arresto;Conducente;M;Illeso;0;;Non accertato;Inesploso
4390726;1;23/05/2019 14:40:00;Strada Urbana;VIA DELLA NAVICELLA;da specificare;;;;I cancello a dx dopo chiesa dir. Porta Metronia;Veicolo in marcia contro ostacolo fisso;Rettilineo;Una carreggiata a doppio senso;Asciutto;Asfaltata;Verticale ed orizzontale;Sereno;Normale;Buona;Sufficiente;0;0;0;1;12.4963;41.8839;-1;1;Autobus turistico;In marcia / fermata / arresto;Conducente;M;Illeso;0;;;
4390737;5;24/05/2019 10:00:00;Strada Urbana;VIA TIBURTINA;in corrispondenza;;del civico n.;598;;Investimento di pedone;Rettilineo;Due carreggiate;Asciutto;Asfaltata;Orizzontale;Sereno;Normale;Buona;Ore Diurne;1;0;0;1;12.5444;41.9086;-1;;;;Pedone;M;Rimandato;0;NON DECEDUTO;;
4390737;5;24/05/2019 10:00:00;Strada Urbana;VIA TIBURTINA;in corrispondenza;;del civico n.;598;;Investimento di pedone;Rettilineo;Due carreggiate;Asciutto;Asfaltata;Orizzontale;Sereno;Normale;Buona;Ore Diurne;1;0;0;1;12.5444;41.9086;-1;1;Autovettura privata;In marcia / fermata / arresto;Conducente;M;Illeso;0;;Non accertato;Inesploso
4390900;10;24/05/2019 13:00:00;Strada Urbana;VIALE SPARTACO;in corrispondenza;;del civico n.;22;;Tamponamento;Rettilineo;Una carreggiata a doppio senso;Asciutto;Asfaltata;Verticale ed orizzontale;Sereno;Normale;Buona;Ore Diurne;0;0;0;2;12.5551;41.8581;-1;1;Autovettura privata;In marcia / fermata / arresto;Conducente;F;Illeso;0;;Non accertato;Inesploso
4390900;10;24/05/2019 13:00:00;Strada Urbana;VIALE SPARTACO;in corrispondenza;;del civico n.;22;;Tamponamento;Rettilineo;Una carreggiata a doppio senso;Asciutto;Asfaltata;Verticale ed orizzontale;Sereno;Normale;Buona;Ore Diurne;0;0;0;2;12.5551;41.8581;-1;2;Autovettura privata;In marcia / fermata / arresto;Conducente;F;Illeso;0;;Non accertato;Inesploso
4390917;15;24/05/2019 07:20:00;Strada Urbana;LUNGOTEVERE VITTORIO GASSMAN;all'intersezione con;VIA ANTONIO PACINOTTI;VIA ANTONIO PACINOTTI;;;Scontro laterale fra veicoli in marcia;Rotatoria;Una carreggiata a senso unico di marcia;Asciutto;Asfaltata;Verticale ed orizzontale;Sereno;Intenso;Buona;Ore Diurne;0;0;0;3;12.4725;41.8692;-1;1;Autovettura privata;In marcia / fermata / arresto;Conducente;F;Illeso;0;;Non accertato;Inesploso
4390917;15;24/05/2019 07:20:00;Strada Urbana;LUNGOTEVERE VITTORIO GASSMAN;all'intersezione con;VIA ANTONIO PACINOTTI;VIA ANTONIO PACINOTTI;;;Scontro laterale fra veicoli in marcia;Rotatoria;Una carreggiata a senso unico di marcia;Asciutto;Asfaltata;Verticale ed orizzontale;Sereno;Intenso;Buona;Ore Diurne;0;0;0;3;12.4725;41.8692;-1;2;Altro;In marcia / fermata / arresto;Conducente;M;Illeso;0;;Non accertato;Inesploso
4390917;15;24/05/2019 07:20:00;Strada Urbana;LUNGOTEVERE VITTORIO GASSMAN;all'intersezione con;VIA ANTONIO PACINOTTI;VIA ANTONIO PACINOTTI;;;Scontro laterale fra veicoli in marcia;Rotatoria;Una carreggiata a senso unico di marcia;Asciutto;Asfaltata;Verticale ed orizzontale;Sereno;Intenso;Buona;Ore Diurne;0;0;0;3;12.4725;41.8692;-1;2;Altro;In marcia / fermata / arresto;Passeggero;M;Illeso;0;;Non accertato;Inesploso
4390948;16;22/05/2019 16:45:00;Strada Urbana;VIALE DI TRASTEVERE;all'intersezione con;PIAZZA FLAVIO BIONDO;PIAZZA FLAVIO BIONDO;;;Scontro laterale fra veicoli in marcia;Incrocio;Due carreggiate;Asciutto;Asfaltata;Verticale ed orizzontale;Sereno;Normale;Buona;Ore Diurne;0;0;0;5;12.466;41.8732;-1;1;Autovettura privata;In marcia / fermata / arresto;Conducente;M;Illeso;0;;Non accertato;Inesploso
4390948;16;22/05/2019 16:45:00;Strada Urbana;VIALE DI TRASTEVERE;all'intersezione con;PIAZZA FLAVIO BIONDO;PIAZZA FLAVIO BIONDO;;;Scontro laterale fra veicoli in marcia;Incrocio;Due carreggiate;Asciutto;Asfaltata;Verticale ed orizzontale;Sereno;Normale;Buona;Ore Diurne;0;0;0;5;12.466;41.8732;-1;1;Autovettura privata;In marcia / fermata / arresto;Passeggero;F;Illeso;0;;Non accertato;Inesploso
4390948;16;22/05/2019 16:45:00;Strada Urbana;VIALE DI TRASTEVERE;all'intersezione con;PIAZZA FLAVIO BIONDO;PIAZZA FLAVIO BIONDO;;;Scontro laterale fra veicoli in marcia;Incrocio;Due carreggiate;Asciutto;Asfaltata;Verticale ed orizzontale;Sereno;Normale;Buona;Ore Diurne;0;0;0;5;12.466;41.8732;-1;1;Autovettura privata;In marcia / fermata / arresto;Passeggero;M;Illeso;0;;Non accertato;Inesploso
4390948;16;22/05/2019 16:45:00;Strada Urbana;VIALE DI TRASTEVERE;all'intersezione con;PIAZZA FLAVIO BIONDO;PIAZZA FLAVIO BIONDO;;;Scontro laterale fra veicoli in marcia;Incrocio;Due carreggiate;Asciutto;Asfaltata;Verticale ed orizzontale;Sereno;Normale;Buona;Ore Diurne;0;0;0;5;12.466;41.8732;-1;2;Autovettura privata;In marcia / fermata / arresto;Conducente;M;Illeso;0;;Non accertato;Inesploso
4390956;15;24/05/2019 11:55:00;Strada Urbana;VIA DEL MONTE DELLE CAPRE;in corrispondenza;;del civico n.;22 H;;Scontro frontale fra veicoli in marcia;Rettilineo;Una carreggiata a doppio senso;Asciutto;Asfaltata;Verticale;Sereno;Normale;Buona;Ore Diurne;0;0;0;2;12.4333;41.8449;-1;1;Autovettura privata;In marcia / fermata / arresto;Conducente;F;Illeso;0;;Non accertato;Inesploso
4390956;15;24/05/2019 11:55:00;Strada Urbana;VIA DEL MONTE DELLE CAPRE;in corrispondenza;;del civico n.;22 H;;Scontro frontale fra veicoli in marcia;Rettilineo;Una carreggiata a doppio senso;Asciutto;Asfaltata;Verticale;Sereno;Normale;Buona;Ore Diurne;0;0;0;2;12.4333;41.8449;-1;1;Autovettura privata;In marcia / fermata / arresto;Passeggero;F;Illeso;0;;Non accertato;Inesploso
4390956;15;24/05/2019 11:55:00;Strada Urbana;VIA DEL MONTE DELLE CAPRE;in corrispondenza;;del civico n.;22 H;;Scontro frontale fra veicoli in marcia;Rettilineo;Una carreggiata a doppio senso;Asciutto;Asfaltata;Verticale;Sereno;Normale;Buona;Ore Diurne;0;0;0;2;12.4333;41.8449;-1;2;Autovettura privata;Allontanatosi;;;;;;;
4390960;16;23/05/2019 08:00:00;Strada Urbana;VIA DI BRAVETTA;in corrispondenza;;del civico n.;395/A;;Infortunio per sola frenata improvvisa;Rettilineo;Una carreggiata a doppio senso;Asciutto;Asfaltata;Orizzontale;Sereno;Intenso;Buona;Ore Diurne;1;0;0;0;12.4255;41.8757;-1;1;Motociclo a solo;In marcia / fermata / arresto;Conducente;M;Ricoverato;0;NON DECEDUTO;Non accertato;
4390967;16;23/05/2019 08:10:00;Strada Urbana;VIA DI VAL TELLINA;da specificare;;;;in prossimità del fronte civico 45;Veicolo in marcia contro ostacolo accidentale;Rettilineo;Una carreggiata a doppio senso;Viscido da liquidi oleosi;Asfaltata;Verticale ed orizzontale;Sereno;Normale;Buona;Ore Diurne;1;0;0;1;12.4478;41.8676;-1;1;Motociclo con passeggero;In marcia / fermata / arresto;Conducente;M;Illeso;0;;Non accertato;
4390967;16;23/05/2019 08:10:00;Strada Urbana;VIA DI VAL TELLINA;da specificare;;;;in prossimità del fronte civico 45;Veicolo in marcia contro ostacolo accidentale;Rettilineo;Una carreggiata a doppio senso;Viscido da liquidi oleosi;Asfaltata;Verticale ed orizzontale;Sereno;Normale;Buona;Ore Diurne;1;0;0;1;12.4478;41.8676;-1;1;Motociclo con passeggero;In marcia / fermata / arresto;Passeggero;F;Rimandato;0;NON DECEDUTO;Non accertato;
4390975;16;23/05/2019 10:00:00;Strada Urbana;VIA DI DONNA OLIMPIA;in corrispondenza;;del civico n.;195;;Tamponamento;Rettilineo;Una carreggiata a doppio senso;Asciutto;Asfaltata;Verticale ed orizzontale;Sereno;Normale;Buona;Ore Diurne;0;0;0;2;12.4551;41.875;-1;1;Autovettura privata;In marcia / fermata / arresto;Conducente;F;Illeso;0;;;
4390975;16;23/05/2019 10:00:00;Strada Urbana;VIA DI DONNA OLIMPIA;in corrispondenza;;del civico n.;195;;Tamponamento;Rettilineo;Una carreggiata a doppio senso;Asciutto;Asfaltata;Verticale ed orizzontale;Sereno;Normale;Buona;Ore Diurne;0;0;0;2;12.4551;41.875;-1;2;Motociclo a solo;In marcia / fermata / arresto;Conducente;F;Illeso;0;;;
4390995;16;23/05/2019 13:10:00;Strada Urbana;VIA AURELIA ANTICA;all'intersezione con;VIA DI S. PANCRAZIO;VIA DI S. PANCRAZIO;;;Tamponamento;Incrocio;Una carreggiata a doppio senso;Asciutto;Asfaltata;Verticale ed orizzontale;Sereno;Normale;Buona;Ore Diurne;1;0;0;1;12.4583;41.8869;-1;1;Autovettura privata;In marcia / fermata / arresto;Conducente;M;Illeso;0;;Non accertato;Inesploso
4390995;16;23/05/2019 13:10:00;Strada Urbana;VIA AURELIA ANTICA;all'intersezione con;VIA DI S. PANCRAZIO;VIA DI S. PANCRAZIO;;;Tamponamento;Incrocio;Una carreggiata a doppio senso;Asciutto;Asfaltata;Verticale ed orizzontale;Sereno;Normale;Buona;Ore Diurne;1;0;0;1;12.4583;41.8869;-1;2;Motociclo a solo;In marcia / fermata / arresto;Conducente;M;Rimandato;0;NON DECEDUTO;Non accertato;
4391035;10;24/05/2019 14:50:00;Strada Urbana;VIA TUSCOLANA;in prossimità;;del civico n.;1822;;Tamponamento Multiplo;Rettilineo;Più di due carreggiate;Asciutto;Asfaltata;Verticale ed orizzontale;Sereno;Normale;Buona;Ore Diurne;1;0;0;8;12.5857;41.8415;-1;;;;Pedone;M;Rimandato;0;NON DECEDUTO;;
4391035;10;24/05/2019 14:50:00;Strada Urbana;VIA TUSCOLANA;in prossimità;;del civico n.;1822;;Tamponamento Multiplo;Rettilineo;Più di due carreggiate;Asciutto;Asfaltata;Verticale ed orizzontale;Sereno;Normale;Buona;Ore Diurne;1;0;0;8;12.5857;41.8415;-1;1;Autovettura privata;In marcia / fermata / arresto;Conducente;M;Illeso;0;;Non accertato;Inesploso
4391035;10;24/05/2019 14:50:00;Strada Urbana;VIA TUSCOLANA;in prossimità;;del civico n.;1822;;Tamponamento Multiplo;Rettilineo;Più di due carreggiate;Asciutto;Asfaltata;Verticale ed orizzontale;Sereno;Normale;Buona;Ore Diurne;1;0;0;8;12.5857;41.8415;-1;1;Autovettura privata;In marcia / fermata / arresto;Passeggero;F;Illeso;0;;Non accertato;Inesploso
4391035;10;24/05/2019 14:50:00;Strada Urbana;VIA TUSCOLANA;in prossimità;;del civico n.;1822;;Tamponamento Multiplo;Rettilineo;Più di due carreggiate;Asciutto;Asfaltata;Verticale ed orizzontale;Sereno;Normale;Buona;Ore Diurne;1;0;0;8;12.5857;41.8415;-1;2;Autovettura privata;In marcia / fermata / arresto;Conducente;M;Illeso;0;;Non accertato;Inesploso
4391035;10;24/05/2019 14:50:00;Strada Urbana;VIA TUSCOLANA;in prossimità;;del civico n.;1822;;Tamponamento Multiplo;Rettilineo;Più di due carreggiate;Asciutto;Asfaltata;Verticale ed orizzontale;Sereno;Normale;Buona;Ore Diurne;1;0;0;8;12.5857;41.8415;-1;2;Autovettura privata;In marcia / fermata / arresto;Passeggero;F;Illeso;0;;Non accertato;Inesploso
4391035;10;24/05/2019 14:50:00;Strada Urbana;VIA TUSCOLANA;in prossimità;;del civico n.;1822;;Tamponamento Multiplo;Rettilineo;Più di due carreggiate;Asciutto;Asfaltata;Verticale ed orizzontale;Sereno;Normale;Buona;Ore Diurne;1;0;0;8;12.5857;41.8415;-1;2;Autovettura privata;In marcia / fermata / arresto;Passeggero;F;Illeso;0;;Non accertato;Inesploso
4391035;10;24/05/2019 14:50:00;Strada Urbana;VIA TUSCOLANA;in prossimità;;del civico n.;1822;;Tamponamento Multiplo;Rettilineo;Più di due carreggiate;Asciutto;Asfaltata;Verticale ed orizzontale;Sereno;Normale;Buona;Ore Diurne;1;0;0;8;12.5857;41.8415;-1;2;Autovettura privata;In marcia / fermata / arresto;Passeggero;M;Illeso;0;;Non accertato;Inesploso
4391035;10;24/05/2019 14:50:00;Strada Urbana;VIA TUSCOLANA;in prossimità;;del civico n.;1822;;Tamponamento Multiplo;Rettilineo;Più di due carreggiate;Asciutto;Asfaltata;Verticale ed orizzontale;Sereno;Normale;Buona;Ore Diurne;1;0;0;8;12.5857;41.8415;-1;2;Autovettura privata;In marcia / fermata / arresto;Passeggero;F;Illeso;0;;Non accertato;Inesploso
4391035;10;24/05/2019 14:50:00;Strada Urbana;VIA TUSCOLANA;in prossimità;;del civico n.;1822;;Tamponamento Multiplo;Rettilineo;Più di due carreggiate;Asciutto;Asfaltata;Verticale ed orizzontale;Sereno;Normale;Buona;Ore Diurne;1;0;0;8;12.5857;41.8415;-1;3;Autocarro inferiore 35 q.;In marcia / fermata / arresto;Conducente;M;Illeso;0;;Non accertato;Inesploso
4391045;2;24/05/2019 07:45:00;Strada Urbana;SOTTOVIA IGNAZIO GUIDI;da specificare;;;;dir Ple flaminio alt Piazza Fiume;Tamponamento Multiplo;Rettilineo;Due carreggiate;Asciutto;Asfaltata;Orizzontale;Sereno;Intenso;Buona;Ore Diurne;0;0;0;5;12.5014;41.9096;-1;1;Autovettura privata;In marcia / fermata / arresto;Conducente;M;Illeso;0;;Non accertato;Inesploso
4391045;2;24/05/2019 07:45:00;Strada Urbana;SOTTOVIA IGNAZIO GUIDI;da specificare;;;;dir Ple flaminio alt Piazza Fiume;Tamponamento Multiplo;Rettilineo;Due carreggiate;Asciutto;Asfaltata;Orizzontale;Sereno;Intenso;Buona;Ore Diurne;0;0;0;5;12.5014;41.9096;-1;2;Autovettura pubblica;In marcia / fermata / arresto;Conducente;M;Illeso;0;;Non accertato;Inesploso
4391045;2;24/05/2019 07:45:00;Strada Urbana;SOTTOVIA IGNAZIO GUIDI;da specificare;;;;dir Ple flaminio alt Piazza Fiume;Tamponamento Multiplo;Rettilineo;Due carreggiate;Asciutto;Asfaltata;Orizzontale;Sereno;Intenso;Buona;Ore Diurne;0;0;0;5;12.5014;41.9096;-1;2;Autovettura pubblica;In marcia / fermata / arresto;Passeggero;F;Illeso;0;;Non accertato;Inesploso
4391045;2;24/05/2019 07:45:00;Strada Urbana;SOTTOVIA IGNAZIO GUIDI;da specificare;;;;dir Ple flaminio alt Piazza Fiume;Tamponamento Multiplo;Rettilineo;Due carreggiate;Asciutto;Asfaltata;Orizzontale;Sereno;Intenso;Buona;Ore Diurne;0;0;0;5;12.5014;41.9096;-1;3;Autovettura privata;In marcia / fermata / arresto;Conducente;M;Illeso;0;;Non accertato;Inesploso
4391045;2;24/05/2019 07:45:00;Strada Urbana;SOTTOVIA IGNAZIO GUIDI;da specificare;;;;dir Ple flaminio alt Piazza Fiume;Tamponamento Multiplo;Rettilineo;Due carreggiate;Asciutto;Asfaltata;Orizzontale;Sereno;Intenso;Buona;Ore Diurne;0;0;0;5;12.5014;41.9096;-1;4;Autovettura privata;In marcia / fermata / arresto;Conducente;M;Illeso;0;;Non accertato;Inesploso
4391073;6;24/05/2019 11:50:00;Provinciale entro l'abitato;VIA PRENESTINA;in prossimità;;del civico n.;123;;Scontro laterale fra veicoli in marcia;Rettilineo;Più di due carreggiate;Asciutto;Asfaltata;Orizzontale;Sereno;Normale;Buona;Ore Diurne;1;0;0;1;12.5335;41.8923;-1;1;Motociclo a solo;In marcia / fermata / arresto;Conducente;M;Rimandato;0;NON DECEDUTO;;
4391073;6;24/05/2019 11:50:00;Provinciale entro l'abitato;VIA PRENESTINA;in prossimità;;del civico n.;123;;Scontro laterale fra veicoli in marcia;Rettilineo;Più di due carreggiate;Asciutto;Asfaltata;Orizzontale;Sereno;Normale;Buona;Ore Diurne;1;0;0;1;12.5335;41.8923;-1;2;Autovettura privata;In marcia / fermata / arresto;Conducente;M;Illeso;0;;;
4391112;16;23/05/2019 19:30:00;Strada Urbana;VIALE DEI COLLI PORTUENSI;da specificare;;;;prossimità PIAZZALE MORELLI;Scontro laterale fra veicoli in marcia;Rettilineo;Due carreggiate;Asciutto;Asfaltata;Verticale ed orizzontale;Sereno;Intenso;Buona;Ore Diurne;1;0;0;1;12.4441;41.8666;-1;1;Autovettura privata;In marcia / fermata / arresto;Conducente;M;Illeso;0;;Non accertato;Inesploso
4391112;16;23/05/2019 19:30:00;Strada Urbana;VIALE DEI COLLI PORTUENSI;da specificare;;;;prossimità PIAZZALE MORELLI;Scontro laterale fra veicoli in marcia;Rettilineo;Due carreggiate;Asciutto;Asfaltata;Verticale ed orizzontale;Sereno;Intenso;Buona;Ore Diurne;1;0;0;1;12.4441;41.8666;-1;2;Motociclo a solo;In marcia / fermata / arresto;Conducente;M;Rimandato;0;NON DECEDUTO;Non accertato;
4391116;20;24/05/2019 10:17:00;Regionale entro l'abitato;VIA FLAMINIA;in corrispondenza;;del civico n.;629;;Scontro laterale fra veicoli in marcia;Rettilineo;Una carreggiata a doppio senso;Asciutto;Asfaltata;Assente;Sereno;Normale;Buona;Ore Diurne;0;0;0;2;12.4725;41.9451;-1;1;Quadriciclo leggero;In marcia / fermata / arresto;Conducente;M;Illeso;0;;;
4391116;20;24/05/2019 10:17:00;Regionale entro l'abitato;VIA FLAMINIA;in corrispondenza;;del civico n.;629;;Scontro laterale fra veicoli in marcia;Rettilineo;Una carreggiata a doppio senso;Asciutto;Asfaltata;Assente;Sereno;Normale;Buona;Ore Diurne;0;0;0;2;12.4725;41.9451;-1;1;Quadriciclo leggero;In marcia / fermata / arresto;Passeggero;M;Illeso;0;;;
4391116;20;24/05/2019 10:17:00;Regionale entro l'abitato;VIA FLAMINIA;in corrispondenza;;del civico n.;629;;Scontro laterale fra veicoli in marcia;Rettilineo;Una carreggiata a doppio senso;Asciutto;Asfaltata;Assente;Sereno;Normale;Buona;Ore Diurne;0;0;0;2;12.4725;41.9451;-1;2;Motociclo a solo;In marcia / fermata / arresto;;;;;;;
4391119;13;24/05/2019 14:40:00;Strada Urbana;VIA ARISTIDE CARABELLI;all'intersezione con;PIAZZA ENRICO BARONI;PIAZZA ENRICO BARONI;;;Scontro frontale/laterale DX fra veicoli in marcia;Intersezione stradale segnalata;Una carreggiata a doppio senso;Asciutto;Asfaltata;Verticale;Sereno;Normale;Buona;Ore Diurne;0;0;0;2;12.2685;41.7387;-1;1;Autovettura privata;In marcia / fermata / arresto;Conducente;M;Illeso;0;;Non accertato;Inesploso
4391119;13;24/05/2019 14:40:00;Strada Urbana;VIA ARISTIDE CARABELLI;all'intersezione con;PIAZZA ENRICO BARONI;PIAZZA ENRICO BARONI;;;Scontro frontale/laterale DX fra veicoli in marcia;Intersezione stradale segnalata;Una carreggiata a doppio senso;Asciutto;Asfaltata;Verticale;Sereno;Normale;Buona;Ore Diurne;0;0;0;2;12.2685;41.7387;-1;2;Autovettura privata;In marcia / fermata / arresto;Conducente;F;Illeso;0;;Non accertato;Inesploso
4391152;17;24/05/2019 07:35:00;Strada Urbana;VIA DUILIO;in prossimità;;del civico n.;13;;Infortunio per sola frenata improvvisa;Rettilineo;Una carreggiata a senso unico di marcia;Asciutto;Asfaltata;Verticale ed orizzontale;Sereno;Normale;Buona;Ore Diurne;1;0;0;1;12.4638;41.9104;-1;1;Autovettura privata;In marcia / fermata / arresto;Conducente;F;Illeso;0;;;
4391152;17;24/05/2019 07:35:00;Strada Urbana;VIA DUILIO;in prossimità;;del civico n.;13;;Infortunio per sola frenata improvvisa;Rettilineo;Una carreggiata a senso unico di marcia;Asciutto;Asfaltata;Verticale ed orizzontale;Sereno;Normale;Buona;Ore Diurne;1;0;0;1;12.4638;41.9104;-1;2;Motociclo a solo;In marcia / fermata / arresto;Conducente;M;Rimandato;0;NON DECEDUTO;;