Protocollo;Gruppo;DataOraIncidente;Localizzazione1;STRADA1;Localizzazione2;STRADA2;Strada02;Chilometrica;DaSpecificare;NaturaIncidente;particolaritastrade;TipoStrada;FondoStradale;Pavimentazione;Segnaletica;CondizioneAtmosferica;Traffico;Visibilita;Illuminazione;NUM_FERITI;NUM_RISERVATA;NUM_MORTI;NUM_ILLESI;Longitudine;Latitudine;Confermato;Progressivo;TipoVeicolo;StatoVeicolo;TipoPersona;Sesso;Tipolesione;Deceduto;DecedutoDopo;CinturaCascoUtilizzato;Airbag;
4391965;17;24/05/2019 15:00:00;Strada Urbana;PIAZZA ADRIANA;in corrispondenza;;del civico n.;22;;Tamponamento;Rettilineo;Una carreggiata a senso unico di marcia;Asciutto;Asfaltata;Verticale ed orizzontale;Sereno;Intenso;Buona;Ore Diurne;1;0;0;5;12.4642;41.9035;-1;1;Autovettura privata;In marcia / fermata / arresto;Passeggero;F;Illeso;0;;;
4391965;17;24/05/2019 15:00:00;Strada Urbana;PIAZZA ADRIANA;in corrispondenza;;del civico n.;22;;Tamponamento;Rettilineo;Una carreggiata a senso unico di marcia;Asciutto;Asfaltata;Verticale ed orizzontale;Sereno;Intenso;Buona;Ore Diurne;1;0;0;5;12.4642;41.9035;-1;1;Autovettura privata;In marcia / fermata / arresto;Passeggero;M;Illeso;0;;;
4391965;17;24/05/2019 15:00:00;Strada Urbana;PIAZZA ADRIANA;in corrispondenza;;del civico n.;22;;Tamponamento;Rettilineo;Una carreggiata a senso unico di marcia;Asciutto;Asfaltata;Verticale ed orizzontale;Sereno;Intenso;Buona;Ore Diurne;1;0;0;5;12.4642;41.9035;-1;1;Autovettura privata;In marcia / fermata / arresto;Passeggero;F;Illeso;0;;;
4391965;17;24/05/2019 15:00:00;Strada Urbana;PIAZZA ADRIANA;in corrispondenza;;del civico n.;22;;Tamponamento;Rettilineo;Una carreggiata a senso unico di marcia;Asciutto;Asfaltata;Verticale ed orizzontale;Sereno;Intenso;Buona;Ore Diurne;1;0;0;5;12.4642;41.9035;-1;2;Autovettura privata;In marcia / fermata / arresto;Conducente;F;Rimandato;0;NON DECEDUTO;;
4391965;17;24/05/2019 15:00:00;Strada Urbana;PIAZZA ADRIANA;in corrispondenza;;del civico n.;22;;Tamponamento;Rettilineo;Una carreggiata a senso unico di marcia;Asciutto;Asfaltata;Verticale ed orizzontale;Sereno;Intenso;Buona;Ore Diurne;1;0;0;5;12.4642;41.9035;-1;2;Autovettura privata;In marcia / fermata / arresto;Passeggero;M;Illeso;0;;Non accertato;
4391995;7;24/05/2019 09:20:00;Strada Urbana;VIA DI TOR TRE TESTE;all'intersezione con;VIA WALTER TOBAGI;VIA WALTER TOBAGI;;;Scontro laterale fra veicoli in marcia;Incrocio;Una carreggiata a doppio senso;Asciutto;Asfaltata;Verticale ed orizzontale;Sereno;Normale;Buona;Ore Diurne;0;0;0;3;12.5933;41.8837;-1;1;Autovettura privata;In marcia / fermata / arresto;Conducente;M;Illeso;0;;;
4391995;7;24/05/2019 09:20:00;Strada Urbana;VIA DI TOR TRE TESTE;all'intersezione con;VIA WALTER TOBAGI;VIA WALTER TOBAGI;;;Scontro laterale fra veicoli in marcia;Incrocio;Una carreggiata a doppio senso;Asciutto;Asfaltata;Verticale ed orizzontale;Sereno;Normale;Buona;Ore Diurne;0;0;0;3;12.5933;41.8837;-1;2;Autovettura privata;In marcia / fermata / arresto;Conducente;M;Illeso;0;;;
4391995;7;24/05/2019 09:20:00;Strada Urbana;VIA DI TOR TRE TESTE;all'intersezione con;VIA WALTER TOBAGI;VIA WALTER TOBAGI;;;Scontro laterale fra veicoli in marcia;Incrocio;Una carreggiata a doppio senso;Asciutto;Asfaltata;Verticale ed orizzontale;Sereno;Normale;Buona;Ore Diurne;0;0;0;3;12.5933;41.8837;-1;2;Autovettura privata;In marcia / fermata / arresto;Passeggero;F;Illeso;0;;;
4392011;10;25/05/2019 08:50:00;Strada Urbana;VIA PASQUALE DEL GIUDICE;all'intersezione con;VIALE MARCO FULVIO NOBILIORE;VIALE MARCO FULVIO NOBILIORE;;;Veicolo in marcia contro veicolo in sosta;Intersezione stradale segnalata;Una carreggiata a senso unico di marcia;Asciutto;Asfaltata;Verticale ed orizzontale;Sereno;Scarso;Buona;Ore Diurne;0;0;0;1;12.5668;41.8616;-1;1;Autocarro superiore 35 q.;In marcia / fermata / arresto;Conducente;M;Illeso;0;;Non accertato;
4392011;10;25/05/2019 08:50:00;Strada Urbana;VIA PASQUALE DEL GIUDICE;all'intersezione con;VIALE MARCO FULVIO NOBILIORE;VIALE MARCO FULVIO NOBILIORE;;;Veicolo in marcia contro veicolo in sosta;Intersezione stradale segnalata;Una carreggiata a senso unico di marcia;Asciutto;Asfaltata;Verticale ed orizzontale;Sereno;Scarso;Buona;Ore Diurne;0;0;0;1;12.5668;41.8616;-1;2;Autovettura privata;Sosta;;;;;;;
4392206;17;25/05/2019 02:20:00;Strada Urbana;VIA DELLA CAMILLUCCIA;in corrispondenza;;del civico n.;FR. 67;;Scontro frontale/laterale SX fra veicoli in marcia;Rettilineo;Una carreggiata a senso unico di marcia;Asciutto;Asfaltata;Verticale ed orizzontale;Sereno;Scarso;Sufficiente;Sufficiente;0;0;0;3;12.4488;41.9429;-1;1;Autovettura privata;In marcia / fermata / arresto;Conducente;M;Illeso;0;;;
4392206;17;25/05/2019 02:20:00;Strada Urbana;VIA DELLA CAMILLUCCIA;in corrispondenza;;del civico n.;FR. 67;;Scontro frontale/laterale SX fra veicoli in marcia;Rettilineo;Una carreggiata a senso unico di marcia;Asciutto;Asfaltata;Verticale ed orizzontale;Sereno;Scarso;Sufficiente;Sufficiente;0;0;0;3;12.4488;41.9429;-1;1;Autovettura privata;In marcia / fermata / arresto;Passeggero;F;Illeso;0;;;
4392206;17;25/05/2019 02:20:00;Strada Urbana;VIA DELLA CAMILLUCCIA;in corrispondenza;;del civico n.;FR. 67;;Scontro frontale/laterale SX fra veicoli in marcia;Rettilineo;Una carreggiata a senso unico di marcia;Asciutto;Asfaltata;Verticale ed orizzontale;Sereno;Scarso;Sufficiente;Sufficiente;0;0;0;3;12.4488;41.9429;-1;2;Motociclo a solo;In marcia / fermata / arresto;Conducente;M;Illeso;0;;;
4392206;17;25/05/2019 02:20:00;Strada Urbana;VIA DELLA CAMILLUCCIA;in corrispondenza;;del civico n.;FR. 67;;Scontro frontale/laterale SX fra veicoli in marcia;Rettilineo;Una carreggiata a senso unico di marcia;Asciutto;Asfaltata;Verticale ed orizzontale;Sereno;Scarso;Sufficiente;Sufficiente;0;0;0;3;12.4488;41.9429;-1;3;Autovettura privata;Sosta;;;;;;;
4392206;17;25/05/2019 02:20:00;Strada Urbana;VIA DELLA CAMILLUCCIA;in corrispondenza;;del civico n.;FR. 67;;Scontro frontale/laterale SX fra veicoli in marcia;Rettilineo;Una carreggiata a senso unico di marcia;Asciutto;Asfaltata;Verticale ed orizzontale;Sereno;Scarso;Sufficiente;Sufficiente;0;0;0;3;12.4488;41.9429;-1;4;Autovettura privata;Sosta;;;;;;;
4392352;1;23/05/2019 11:05:00;Strada Urbana;VIA DEI CROCIFERI;in prossimità;;del civico n.;3;;Veicolo in marcia contro veicolo in sosta;Curva a visuale libera;Una carreggiata a senso unico di marcia;Asciutto;In cubetti di porfido;Assente;Sereno;Normale;Buona;Ore Diurne;0;0;0;2;12.4828;41.901;-1;1;Veicolo speciale;Sosta;;;;;;;
4392352;1;23/05/2019 11:05:00;Strada Urbana;VIA DEI CROCIFERI;in prossimità;;del civico n.;3;;Veicolo in marcia contro veicolo in sosta;Curva a visuale libera;Una carreggiata a senso unico di marcia;Asciutto;In cubetti di porfido;Assente;Sereno;Normale;Buona;Ore Diurne;0;0;0;2;12.4828;41.901;-1;2;Autocarro inferiore 35 q.;In marcia / fermata / arresto;Conducente;M;Illeso;0;;Non accertato;Inesploso
4392352;1;23/05/2019 11:05:00;Strada Urbana;VIA DEI CROCIFERI;in prossimità;;del civico n.;3;;Veicolo in marcia contro veicolo in sosta;Curva a visuale libera;Una carreggiata a senso unico di marcia;Asciutto;In cubetti di porfido;Assente;Sereno;Normale;Buona;Ore Diurne;0;0;0;2;12.4828;41.901;-1;2;Autocarro inferiore 35 q.;In marcia / fermata / arresto;Passeggero;M;Illeso;0;;Non accertato;
4392387;1;24/05/2019 08:40:00;Strada Urbana;VIA DELLE TERME DI TITO;all'intersezione con;VIA DEL MONTE OPPIO;VIA DEL MONTE OPPIO;;;Veicolo in marcia contro veicolo in sosta;Incrocio;Una carreggiata a senso unico di marcia;Asciutto;Asfaltata;Verticale ed orizzontale;Sereno;Scarso;Buona;Ore Diurne;0;0;0;1;12.4932;41.8918;-1;1;Autovettura privata;Sosta;;;;;;;
4392387;1;24/05/2019 08:40:00;Strada Urbana;VIA DELLE TERME DI TITO;all'intersezione con;VIA DEL MONTE OPPIO;VIA DEL MONTE OPPIO;;;Veicolo in marcia contro veicolo in sosta;Incrocio;Una carreggiata a senso unico di marcia;Asciutto;Asfaltata;Verticale ed orizzontale;Sereno;Scarso;Buona;Ore Diurne;0;0;0;1;12.4932;41.8918;-1;2;Autovettura privata;In marcia / fermata / arresto;Conducente;F;Illeso;0;;Non accertato;Inesploso
4392413;1;24/05/2019 19:20:00;Strada Urbana;PIAZZA DI PORTA S. GIOVANNI;in prossimità;;del palo luce n.;71;;Investimento di pedone;Rettilineo;Una carreggiata a doppio senso;Asciutto;Asfaltata;Verticale ed orizzontale;Sereno;Normale;Buona;Ore Diurne;1;0;0;1;9.644;45.397;-1;;;;Pedone;F;Rimandato;0;NON DECEDUTO;;
4392413;1;24/05/2019 19:20:00;Strada Urbana;PIAZZA DI PORTA S. GIOVANNI;in prossimità;;del palo luce n.;71;;Investimento di pedone;Rettilineo;Una carreggiata a doppio senso;Asciutto;Asfaltata;Verticale ed orizzontale;Sereno;Normale;Buona;Ore Diurne;1;0;0;1;9.644;45.397;-1;1;Ciclomotore;In marcia / fermata / arresto;Conducente;F;Illeso;0;;Non accertato;
4392480;1;24/05/2019 21:10:00;Strada Urbana;LUNGOTEVERE GIANICOLENSE;da specificare;;;;in prossimità PONTE MAZZINI;Investimento di pedone;Rettilineo;Una carreggiata a senso unico di marcia;Asciutto;Asfaltata;Verticale ed orizzontale;Sereno;Normale;Sufficiente;Sufficiente;1;0;0;1;12.4639;41.8975;-1;;;;Pedone;M;Rimandato;0;NON DECEDUTO;;
4392480;1;24/05/2019 21:10:00;Strada Urbana;LUNGOTEVERE GIANICOLENSE;da specificare;;;;in prossimità PONTE MAZZINI;Investimento di pedone;Rettilineo;Una carreggiata a senso unico di marcia;Asciutto;Asfaltata;Verticale ed orizzontale;Sereno;Normale;Sufficiente;Sufficiente;1;0;0;1;12.4639;41.8975;-1;1;Autovettura privata;In marcia / fermata / arresto;Conducente;M;Illeso;0;;Non accertato;Inesploso
4392487;1;25/05/2019 11:38:00;Strada Urbana;VIA DEL TEATRO DI MARCELLO;in prossimità;;del civico n.;2A;;Scontro laterale fra veicoli in marcia;Curva senza visuale libera;Una carreggiata a doppio senso;Asciutto;In cubetti di porfido;Verticale ed orizzontale;Nuvoloso;Normale;Buona;Ore Diurne;0;0;0;2;12.4816;41.8936;-1;1;Autobus urbano;In marcia / fermata / arresto;Conducente;M;Illeso;0;;Non accertato;Inesploso
4392487;1;25/05/2019 11:38:00;Strada Urbana;VIA DEL TEATRO DI MARCELLO;in prossimità;;del civico n.;2A;;Scontro laterale fra veicoli in marcia;Curva senza visuale libera;Una carreggiata a doppio senso;Asciutto;In cubetti di porfido;Verticale ed orizzontale;Nuvoloso;Normale;Buona;Ore Diurne;0;0;0;2;12.4816;41.8936;-1;2;Autovettura privata;In marcia / fermata / arresto;Conducente;M;Illeso;0;;Non accertato;Inesploso
4392499;1;25/05/2019 01:40:00;Strada Urbana;VIA TORINO;all'intersezione con;VIA DEL VIMINALE;VIA DEL VIMINALE;;;Scontro frontale/laterale DX fra veicoli in marcia;Incrocio;Una carreggiata a senso unico di marcia;Asciutto;Asfaltata;Verticale ed orizzontale;Sereno;Scarso;Buona;Sufficiente;0;0;0;3;;;0;1;Autovettura pubblica;In marcia / fermata / arresto;Conducente;F;Illeso;0;;Non accertato;Inesploso
4392499;1;25/05/2019 01:40:00;Strada Urbana;VIA TORINO;all'intersezione con;VIA DEL VIMINALE;VIA DEL VIMINALE;;;Scontro frontale/laterale DX fra veicoli in marcia;Incrocio;Una carreggiata a senso unico di marcia;Asciutto;Asfaltata;Verticale ed orizzontale;Sereno;Scarso;Buona;Sufficiente;0;0;0;3;;;0;2;Quadriciclo;In marcia / fermata / arresto;Conducente;M;Illeso;0;;Non accertato;Inesploso
4392499;1;25/05/2019 01:40:00;Strada Urbana;VIA TORINO;all'intersezione con;VIA DEL VIMINALE;VIA DEL VIMINALE;;;Scontro frontale/laterale DX fra veicoli in marcia;Incrocio;Una carreggiata a senso unico di marcia;Asciutto;Asfaltata;Verticale ed orizzontale;Sereno;Scarso;Buona;Sufficiente;0;0;0;3;;;0;2;Quadriciclo;In marcia / fermata / arresto;Passeggero;F;Illeso;0;;Non accertato;Inesploso
4392595;1;24/05/2019 19:15:00;Strada Urbana;PIAZZA VITTORIO EMANUELE II;in prossimità;;del civico n.;94;;Scontro laterale fra veicoli in marcia;Rettilineo;Una carreggiata a doppio senso;Asciutto;Asfaltata;Verticale ed orizzontale;Sereno;Normale;Buona;Ore Diurne;0;0;0;2;12.5027;41.8947;-1;1;Autovettura privata;In marcia / fermata / arresto;Conducente;F;Illeso;0;;Non accertato;Inesploso
4392595;1;24/05/2019 19:15:00;Strada Urbana;PIAZZA VITTORIO EMANUELE II;in prossimità;;del civico n.;94;;Scontro laterale fra veicoli in marcia;Rettilineo;Una carreggiata a doppio senso;Asciutto;Asfaltata;Verticale ed orizzontale;Sereno;Normale;Buona;Ore Diurne;0;0;0;2;12.5027;41.8947;-1;2;Autocarro inferiore 35 q.;In marcia / fermata / arresto;Conducente;M;Illeso;0;;Non accertato;Inesploso
4392608;1;24/05/2019 11:45:00;Strada Urbana;VIA GIOBERTI;all'intersezione con;VIA GIOVANNI GIOLITTI;VIA GIOVANNI GIOLITTI;;;Scontro laterale fra veicoli in marcia;Incrocio;Una carreggiata a senso unico di marcia;Asciutto;Asfaltata;Assente;Sereno;Intenso;Buona;Ore Diurne;0;0;0;3;12.5005;41.8988;-1;1;Autovettura di polizia;In marcia / fermata / arresto;Conducente;M;Illeso;0;;Non accertato;Inesploso
4392608;1;24/05/2019 11:45:00;Strada Urbana;VIA GIOBERTI;all'intersezione con;VIA GIOVANNI GIOLITTI;VIA GIOVANNI GIOLITTI;;;Scontro laterale fra veicoli in marcia;Incrocio;Una carreggiata a senso unico di marcia;Asciutto;Asfaltata;Assente;Sereno;Intenso;Buona;Ore Diurne;0;0;0;3;12.5005;41.8988;-1;1;Autovettura di polizia;In marcia / fermata / arresto;Passeggero;F;Illeso;0;;Non accertato;Inesploso
4392608;1;24/05/2019 11:45:00;Strada Urbana;VIA GIOBERTI;all'intersezione con;VIA GIOVANNI GIOLITTI;VIA GIOVANNI GIOLITTI;;;Scontro laterale fra veicoli in marcia;Incrocio;Una carreggiata a senso unico di marcia;Asciutto;Asfaltata;Assente;Sereno;Intenso;Buona;Ore Diurne;0;0;0;3;12.5005;41.8988;-1;2;Autovettura privata;In marcia / fermata / arresto;Conducente;M;Illeso;0;;Non accertato;Inesploso
4392623;1;24/05/2019 13:00:00;Strada Urbana;LUNGOTEVERE DEI PIERLEONI;in prossimità;;del civico n.;1;;Scontro frontale/laterale SX fra veicoli in marcia;Rettilineo;Una carreggiata a senso unico di marcia;Asciutto;Asfaltata;Verticale ed orizzontale;Sereno;Normale;Buona;Ore Diurne;1;0;0;2;12.4787;41.8914;-1;1;Autovettura privata;In marcia / fermata / arresto;Conducente;M;Illeso;0;;Non accertato;Inesploso
4392623;1;24/05/2019 13:00:00;Strada Urbana;LUNGOTEVERE DEI PIERLEONI;in prossimità;;del civico n.;1;;Scontro frontale/laterale SX fra veicoli in marcia;Rettilineo;Una carreggiata a senso unico di marcia;Asciutto;Asfaltata;Verticale ed orizzontale;Sereno;Normale;Buona;Ore Diurne;1;0;0;2;12.4787;41.8914;-1;1;Autovettura privata;In marcia / fermata / arresto;Passeggero;M;Rifiuta cure immediate;0;NON DECEDUTO;;
4392623;1;24/05/2019 13:00:00;Strada Urbana;LUNGOTEVERE DEI PIERLEONI;in prossimità;;del civico n.;1;;Scontro frontale/laterale SX fra veicoli in marcia;Rettilineo;Una carreggiata a senso unico di marcia;Asciutto;Asfaltata;Verticale ed orizzontale;Sereno;Normale;Buona;Ore Diurne;1;0;0;2;12.4787;41.8914;-1;2;Autobus urbano;In marcia / fermata / arresto;Conducente;M;Illeso;0;;Non accertato;
4392684;15;24/05/2019 20:40:00;Strada Urbana;VIALE GUGLIELMO MARCONI;da specificare;;;;ALTEZZA CIV.195/VIA L.MAGRINI;Veicolo in marcia contro ostacolo fisso;Rettilineo;Due carreggiate;Asciutto;Asfaltata;Verticale ed orizzontale;Sereno;Scarso;Buona;Sufficiente;0;0;0;0;12.4713;41.8573;-1;1;Autovettura privata;In marcia / fermata / arresto;;;;;;;
4392686;1;24/05/2019 09:30:00;Strada Urbana;VIA DEL CASTRO PRETORIO;in prossimità;;del civico n.;30;;Scontro frontale/laterale SX fra veicoli in marcia;Rettilineo;Una carreggiata a doppio senso;Asciutto;Asfaltata;Verticale ed orizzontale;Sereno;Normale;Buona;Ore Diurne;1;0;0;1;12.5062;41.9021;-1;1;Autovettura privata;In marcia / fermata / arresto;Conducente;M;Illeso;0;;Non accertato;Inesploso
4392686;1;24/05/2019 09:30:00;Strada Urbana;VIA DEL CASTRO PRETORIO;in prossimità;;del civico n.;30;;Scontro frontale/laterale SX fra veicoli in marcia;Rettilineo;Una carreggiata a doppio senso;Asciutto;Asfaltata;Verticale ed orizzontale;Sereno;Normale;Buona;Ore Diurne;1;0;0;1;12.5062;41.9021;-1;2;Motociclo a solo;In marcia / fermata / arresto;Conducente;M;Rimandato;0;NON DECEDUTO;Non accertato;
4392704;15;24/05/2019 17:45:00;Strada Urbana;VIA DELLA MAGLIANA;in corrispondenza;;del civico n.;349;;Veicolo in marcia contro ostacolo accidentale;Curva a visuale libera;Una carreggiata a senso unico di marcia;Asciutto;Asfaltata;Assente;Sereno;Scarso;Buona;Ore Diurne;0;0;0;1;12.4528;41.8385;-1;1;Autovettura privata;In marcia / fermata / arresto;Conducente;M;Illeso;0;;Non accertato;Inesploso
4392705;1;24/05/2019 08:15:00;Strada Urbana;VIA MARMORATA;in prossimità;;del civico n.;157;;Veicolo in marcia contro ostacolo accidentale;Rettilineo;Una carreggiata a doppio senso;Asciutto;Asfaltata;Verticale ed orizzontale;Sereno;Normale;Buona;Ore Diurne;0;0;0;1;12.4779;41.8804;-1;1;Autovettura privata;In marcia / fermata / arresto;Conducente;M;Illeso;0;;Non accertato;Inesploso
4392709;20;25/05/2019 02:00:00;Statale entro l'abitato;VIA CASSIA;in prossimità;;del civico n.;964;;Ribaltamento senza urto contro ostacolo fisso;Rettilineo;Una carreggiata a doppio senso;Asciutto;Asfaltata;Verticale ed orizzontale;Sereno;Scarso;Sufficiente;Sufficiente;0;0;0;1;12.4318;41.9731;-1;1;Autovettura privata;In marcia / fermata / arresto;Conducente;F;Illeso;0;;Non accertato;Inesploso
4392718;1;25/05/2019 17:32:00;Strada Urbana;LUNGOTEVERE TOR DI NONA;in corrispondenza;;del civico n.;53;;Investimento di pedone;Rettilineo;Una carreggiata a senso unico di marcia;Asciutto;Asfaltata;Verticale ed orizzontale;Sereno;Intenso;Buona;Ore Diurne;0;0;0;5;12.4691;41.9014;-1;;;;Pedone;M;Illeso;0;;;
4392718;1;25/05/2019 17:32:00;Strada Urbana;LUNGOTEVERE TOR DI NONA;in corrispondenza;;del civico n.;53;;Investimento di pedone;Rettilineo;Una carreggiata a senso unico di marcia;Asciutto;Asfaltata;Verticale ed orizzontale;Sereno;Intenso;Buona;Ore Diurne;0;0;0;5;12.4691;41.9014;-1;;;;Pedone;F;Illeso;0;;;
4392718;1;25/05/2019 17:32:00;Strada Urbana;LUNGOTEVERE TOR DI NONA;in corrispondenza;;del civico n.;53;;Investimento di pedone;Rettilineo;Una carreggiata a senso unico di marcia;Asciutto;Asfaltata;Verticale ed orizzontale;Sereno;Intenso;Buona;Ore Diurne;0;0;0;5;12.4691;41.9014;-1;1;Motociclo a solo;In marcia / fermata / arresto;Conducente;M;Illeso;0;;Non accertato;
4392718;1;25/05/2019 17:32:00;Strada Urbana;LUNGOTEVERE TOR DI NONA;in corrispondenza;;del civico n.;53;;Investimento di pedone;Rettilineo;Una carreggiata a senso unico di marcia;Asciutto;Asfaltata;Verticale ed orizzontale;Sereno;Intenso;Buona;Ore Diurne;0;0;0;5;12.4691;41.9014;-1;2;Autovettura privata;In marcia / fermata / arresto;Conducente;M;Illeso;0;;Non accertato;Inesploso
4392718;1;25/05/2019 17:32:00;Strada Urbana;LUNGOTEVERE TOR DI NONA;in corrispondenza;;del civico n.;53;;Investimento di pedone;Rettilineo;Una carreggiata a senso unico di marcia;Asciutto;Asfaltata;Verticale ed orizzontale;Sereno;Intenso;Buona;Ore Diurne;0;0;0;5;12.4691;41.9014;-1;2;Autovettura privata;In marcia / fermata / arresto;Passeggero;F;Illeso;0;;Non accertato;
4392782;1;25/05/2019 10:30:00;Strada Urbana;PIAZZA GIAN LORENZO BERNINI;in prossimità;;del civico n.;11;;Veicolo in marcia contro veicolo in sosta;Rettilineo;Una carreggiata a senso unico di marcia;Asciutto;Asfaltata;Verticale ed orizzontale;Nuvoloso;Scarso;Buona;Ore Diurne;0;0;0;0;12.4859;41.8779;-1;1;Autovettura privata;Sosta;;;;;;;
4392782;1;25/05/2019 10:30:00;Strada Urbana;PIAZZA GIAN LORENZO BERNINI;in prossimità;;del civico n.;11;;Veicolo in marcia contro veicolo in sosta;Rettilineo;Una carreggiata a senso unico di marcia;Asciutto;Asfaltata;Verticale ed orizzontale;Nuvoloso;Scarso;Buona;Ore Diurne;0;0;0;0;12.4859;41.8779;-1;2;Autocarro inferiore 35 q.;Allontanatosi;;;;;;;
4393127;2;25/05/2019 01:10:00;Strada Urbana;CORSO DI FRANCIA;da specificare;;;;alt. rampa di immissione da Ple Ankara;Veicolo in marcia contro ostacolo accidentale;Rettilineo;Due carreggiate;Asciutto;Asfaltata;Verticale ed orizzontale;Sereno;Scarso;Buona;Sufficiente;0;0;0;2;12.4717;41.9367;-1;1;Autovettura privata;In marcia / fermata / arresto;Conducente;M;Illeso;0;;;
4393127;2;25/05/2019 01:10:00;Strada Urbana;CORSO DI FRANCIA;da specificare;;;;alt. rampa di immissione da Ple Ankara;Veicolo in marcia contro ostacolo accidentale;Rettilineo;Due carreggiate;Asciutto;Asfaltata;Verticale ed orizzontale;Sereno;Scarso;Buona;Sufficiente;0;0;0;2;12.4717;41.9367;-1;1;Autovettura privata;In marcia / fermata / arresto;Passeggero;F;Illeso;0;;;
4393128;2;24/05/2019 20:00:00;Strada Urbana;VIA DEI GIORDANI;all'intersezione con;VIA DI TRASONE;VIA DI TRASONE;;;Scontro frontale/laterale SX fra veicoli in marcia;Incrocio;Due carreggiate;Asciutto;Asfaltata;Verticale ed orizzontale;Sereno;Scarso;Buona;Ore Diurne;1;0;0;1;12.5105;41.9286;-1;1;Autovettura privata;In marcia / fermata / arresto;Conducente;F;Rimandato;0;NON DECEDUTO;Non accertato;Inesploso
4393128;2;24/05/2019 20:00:00;Strada Urbana;VIA DEI GIORDANI;all'intersezione con;VIA DI TRASONE;VIA DI TRASONE;;;Scontro frontale/laterale SX fra veicoli in marcia;Incrocio;Due carreggiate;Asciutto;Asfaltata;Verticale ed orizzontale;Sereno;Scarso;Buona;Ore Diurne;1;0;0;1;12.5105;41.9286;-1;2;Autovettura privata;In marcia / fermata / arresto;Conducente;M;Illeso;0;;Non accertato;Inesploso
4393129;2;24/05/2019 17:45:00;Strada Urbana;VIALE LIEGI;in prossimità;;del civico n.;46/C;;Tamponamento;Rettilineo;Una carreggiata a doppio senso;Asciutto;Asfaltata;Verticale ed orizzontale;Sereno;Normale;Buona;Ore Diurne;0;0;0;2;12.4957;41.9215;-1;1;Autovettura privata;In marcia / fermata / arresto;Conducente;M;Illeso;0;;;
4393129;2;24/05/2019 17:45:00;Strada Urbana;VIALE LIEGI;in prossimità;;del civico n.;46/C;;Tamponamento;Rettilineo;Una carreggiata a doppio senso;Asciutto;Asfaltata;Verticale ed orizzontale;Sereno;Normale;Buona;Ore Diurne;0;0;0;2;12.4957;41.9215;-1;2;Autovettura privata;In marcia / fermata / arresto;Conducente;M;Illeso;0;;;
4393130;2;24/05/2019 14:00:00;Strada Urbana;PIAZZA SANTIAGO DEL CILE;in prossimità;;del civico n.;17;;Veicolo in marcia contro ostacolo fisso;Rotatoria;Una carreggiata a senso unico di marcia;Asciutto;Asfaltata;Verticale ed orizzontale;Sereno;Normale;Buona;Ore Diurne;0;0;0;1;12.4872;41.9261;-1;1;Autovettura pubblica;In marcia / fermata / arresto;Conducente;M;Illeso;0;;Non accertato;Inesploso
4393131;13;25/05/2019 09:00:00;Comunale extraurbana;VIA DEL LIDO DI CASTELPORZIANO;all'intersezione semaforizzata con;VIA MAREBBE;VIA MAREBBE;;;Tamponamento Multiplo;Intersezione semaforizzata;Una carreggiata a doppio senso;Asciutto;Asfaltata;Orizzontale;Nuvoloso;Scarso;Buona;Ore Diurne;2;0;0;3;12.3539;41.7154;-1;1;Autovettura privata;In marcia / fermata / arresto;Conducente;M;Illeso;0;;Non accertato;Inesploso
4393131;13;25/05/2019 09:00:00;Comunale extraurbana;VIA DEL LIDO DI CASTELPORZIANO;all'intersezione semaforizzata con;VIA MAREBBE;VIA MAREBBE;;;Tamponamento Multiplo;Intersezione semaforizzata;Una carreggiata a doppio senso;Asciutto;Asfaltata;Orizzontale;Nuvoloso;Scarso;Buona;Ore Diurne;2;0;0;3;12.3539;41.7154;-1;1;Autovettura privata;In marcia / fermata / arresto;Passeggero;F;Rimandato;0;NON DECEDUTO;Non accertato;Inesploso
4393131;13;25/05/2019 09:00:00;Comunale extraurbana;VIA DEL LIDO DI CASTELPORZIANO;all'intersezione semaforizzata con;VIA MAREBBE;VIA MAREBBE;;;Tamponamento Multiplo;Intersezione semaforizzata;Una carreggiata a doppio senso;Asciutto;Asfaltata;Orizzontale;Nuvoloso;Scarso;Buona;Ore Diurne;2;0;0;3;12.3539;41.7154;-1;2;Autovettura privata;In marcia / fermata / arresto;Conducente;F;Illeso;0;;Non accertato;Inesploso
4393131;13;25/05/2019 09:00:00;Comunale extraurbana;VIA DEL LIDO DI CASTELPORZIANO;all'intersezione semaforizzata con;VIA MAREBBE;VIA MAREBBE;;;Tamponamento Multiplo;Intersezione semaforizzata;Una carreggiata a doppio senso;Asciutto;Asfaltata;Orizzontale;Nuvoloso;Scarso;Buona;Ore Diurne;2;0;0;3;12.3539;41.7154;-1;2;Autovettura privata;In marcia / fermata / arresto;Passeggero;F;Illeso;0;;Non accertato;Inesploso
4393131;13;25/05/2019 09:00:00;Comunale extraurbana;VIA DEL LIDO DI CASTELPORZIANO;all'intersezione semaforizzata con;VIA MAREBBE;VIA MAREBBE;;;Tamponamento Multiplo;Intersezione semaforizzata;Una carreggiata a doppio senso;Asciutto;Asfaltata;Orizzontale;Nuvoloso;Scarso;Buona;Ore Diurne;2;0;0;3;12.3539;41.7154;-1;3;Autovettura privata;In marcia / fermata / arresto;Conducente;F;Rimandato;0;NON DECEDUTO;Non accertato;