Protocollo;Gruppo;DataOraIncidente;Localizzazione1;STRADA1;Localizzazione2;STRADA2;Strada02;Chilometrica;DaSpecificare;NaturaIncidente;particolaritastrade;TipoStrada;FondoStradale;Pavimentazione;Segnaletica;CondizioneAtmosferica;Traffico;Visibilita;Illuminazione;NUM_FERITI;NUM_RISERVATA;NUM_MORTI;NUM_ILLESI;Longitudine;Latitudine;Confermato;Progressivo;TipoVeicolo;StatoVeicolo;TipoPersona;Sesso;Tipolesione;Deceduto;DecedutoDopo;CinturaCascoUtilizzato;Airbag;
4393159;20;25/05/2019 14:30:00;Provinciale;VIA TIBERINA;da specificare;;;;prossimità Via Soriano del Cimino;Investimento di pedone;Rettilineo;Una carreggiata a doppio senso;Asciutto;Asfaltata;Verticale ed orizzontale;Sereno;Normale;Buona;Ore Diurne;1;0;0;1;12.501;42.0072;-1;;;;Pedone;M;Rimandato;0;NON DECEDUTO;;
4393159;20;25/05/2019 14:30:00;Provinciale;VIA TIBERINA;da specificare;;;;prossimità Via Soriano del Cimino;Investimento di pedone;Rettilineo;Una carreggiata a doppio senso;Asciutto;Asfaltata;Verticale ed orizzontale;Sereno;Normale;Buona;Ore Diurne;1;0;0;1;12.501;42.0072;-1;1;Autovettura privata;In marcia / fermata / arresto;Conducente;M;Illeso;0;;Non accertato;Inesploso
4393198;20;26/05/2019 05:00:00;Strada Urbana;VIA TRIONFALE;in prossimità;;del civico n.;8644;;Scontro laterale fra veicoli in marcia;Rettilineo;Due carreggiate;Bagnato (pioggia);Asfaltata;Verticale ed orizzontale;Pioggia in atto;Scarso;Sufficiente;Sufficiente;1;0;0;3;12.4242;41.9398;-1;1;Autovettura privata;In marcia / fermata / arresto;Conducente;M;Illeso;0;;Non accertato;Esploso
4393198;20;26/05/2019 05:00:00;Strada Urbana;VIA TRIONFALE;in prossimità;;del civico n.;8644;;Scontro laterale fra veicoli in marcia;Rettilineo;Due carreggiate;Bagnato (pioggia);Asfaltata;Verticale ed orizzontale;Pioggia in atto;Scarso;Sufficiente;Sufficiente;1;0;0;3;12.4242;41.9398;-1;2;Autovettura privata;In marcia / fermata / arresto;Conducente;F;Rimandato;0;NON DECEDUTO;Non accertato;Inesploso
4393198;20;26/05/2019 05:00:00;Strada Urbana;VIA TRIONFALE;in prossimità;;del civico n.;8644;;Scontro laterale fra veicoli in marcia;Rettilineo;Due carreggiate;Bagnato (pioggia);Asfaltata;Verticale ed orizzontale;Pioggia in atto;Scarso;Sufficiente;Sufficiente;1;0;0;3;12.4242;41.9398;-1;2;Autovettura privata;In marcia / fermata / arresto;Passeggero;F;Illeso;0;;Non accertato;
4393198;20;26/05/2019 05:00:00;Strada Urbana;VIA TRIONFALE;in prossimità;;del civico n.;8644;;Scontro laterale fra veicoli in marcia;Rettilineo;Due carreggiate;Bagnato (pioggia);Asfaltata;Verticale ed orizzontale;Pioggia in atto;Scarso;Sufficiente;Sufficiente;1;0;0;3;12.4242;41.9398;-1;2;Autovettura privata;In marcia / fermata / arresto;Passeggero;F;Illeso;0;;Non accertato;Inesploso
4393216;2;25/05/2019 17:45:00;Strada Urbana;VIALE DEL MURO TORTO;da specificare;;;;alt. palo ACEA 17 direz. P.LE BRASILE;Scontro laterale fra veicoli in marcia;Rettilineo;Una carreggiata a senso unico di marcia;Asciutto;Asfaltata;Verticale ed orizzontale;Sereno;Normale;Buona;Ore Diurne;1;0;0;2;12.4811;41.9125;-1;1;Autovettura privata;In marcia / fermata / arresto;Conducente;M;Illeso;0;;;
4393216;2;25/05/2019 17:45:00;Strada Urbana;VIALE DEL MURO TORTO;da specificare;;;;alt. palo ACEA 17 direz. P.LE BRASILE;Scontro laterale fra veicoli in marcia;Rettilineo;Una carreggiata a senso unico di marcia;Asciutto;Asfaltata;Verticale ed orizzontale;Sereno;Normale;Buona;Ore Diurne;1;0;0;2;12.4811;41.9125;-1;1;Autovettura privata;In marcia / fermata / arresto;Passeggero;F;Illeso;0;;;
4393216;2;25/05/2019 17:45:00;Strada Urbana;VIALE DEL MURO TORTO;da specificare;;;;alt. palo ACEA 17 direz. P.LE BRASILE;Scontro laterale fra veicoli in marcia;Rettilineo;Una carreggiata a senso unico di marcia;Asciutto;Asfaltata;Verticale ed orizzontale;Sereno;Normale;Buona;Ore Diurne;1;0;0;2;12.4811;41.9125;-1;2;Motociclo a solo;In marcia / fermata / arresto;Conducente;M;Rimandato;0;NON DECEDUTO;;
4393218;2;25/05/2019 07:15:00;Strada Urbana;VIA TRIPOLITANIA;all'intersezione con;VIA OGADEN;VIA OGADEN;;;Veicolo in marcia contro veicoli in sosta;Intersezione stradale segnalata;Una carreggiata a senso unico di marcia;Asciutto;Asfaltata;Verticale ed orizzontale;Sereno;Scarso;Buona;Ore Diurne;0;0;0;1;12.5225;41.9309;-1;1;Autovettura privata;In marcia / fermata / arresto;Conducente;M;Illeso;0;;;
4393218;2;25/05/2019 07:15:00;Strada Urbana;VIA TRIPOLITANIA;all'intersezione con;VIA OGADEN;VIA OGADEN;;;Veicolo in marcia contro veicoli in sosta;Intersezione stradale segnalata;Una carreggiata a senso unico di marcia;Asciutto;Asfaltata;Verticale ed orizzontale;Sereno;Scarso;Buona;Ore Diurne;0;0;0;1;12.5225;41.9309;-1;2;Autocarro inferiore 35 q.;Sosta;;;;;;;
4393218;2;25/05/2019 07:15:00;Strada Urbana;VIA TRIPOLITANIA;all'intersezione con;VIA OGADEN;VIA OGADEN;;;Veicolo in marcia contro veicoli in sosta;Intersezione stradale segnalata;Una carreggiata a senso unico di marcia;Asciutto;Asfaltata;Verticale ed orizzontale;Sereno;Scarso;Buona;Ore Diurne;0;0;0;1;12.5225;41.9309;-1;3;Autovettura privata;Sosta;;;;;;;
4393218;2;25/05/2019 07:15:00;Strada Urbana;VIA TRIPOLITANIA;all'intersezione con;VIA OGADEN;VIA OGADEN;;;Veicolo in marcia contro veicoli in sosta;Intersezione stradale segnalata;Una carreggiata a senso unico di marcia;Asciutto;Asfaltata;Verticale ed orizzontale;Sereno;Scarso;Buona;Ore Diurne;0;0;0;1;12.5225;41.9309;-1;4;Motociclo a solo;Sosta;;;;;;;
4393218;2;25/05/2019 07:15:00;Strada Urbana;VIA TRIPOLITANIA;all'intersezione con;VIA OGADEN;VIA OGADEN;;;Veicolo in marcia contro veicoli in sosta;Intersezione stradale segnalata;Una carreggiata a senso unico di marcia;Asciutto;Asfaltata;Verticale ed orizzontale;Sereno;Scarso;Buona;Ore Diurne;0;0;0;1;12.5225;41.9309;-1;5;Autovettura privata;Sosta;;;;;;;
4393218;2;25/05/2019 07:15:00;Strada Urbana;VIA TRIPOLITANIA;all'intersezione con;VIA OGADEN;VIA OGADEN;;;Veicolo in marcia contro veicoli in sosta;Intersezione stradale segnalata;Una carreggiata a senso unico di marcia;Asciutto;Asfaltata;Verticale ed orizzontale;Sereno;Scarso;Buona;Ore Diurne;0;0;0;1;12.5225;41.9309;-1;6;Motociclo a solo;Sosta;;;;;;;
4393218;2;25/05/2019 07:15:00;Strada Urbana;VIA TRIPOLITANIA;all'intersezione con;VIA OGADEN;VIA OGADEN;;;Veicolo in marcia contro veicoli in sosta;Intersezione stradale segnalata;Una carreggiata a senso unico di marcia;Asciutto;Asfaltata;Verticale ed orizzontale;Sereno;Scarso;Buona;Ore Diurne;0;0;0;1;12.5225;41.9309;-1;7;Autovettura privata;Sosta;;;;;;;
4393218;2;25/05/2019 07:15:00;Strada Urbana;VIA TRIPOLITANIA;all'intersezione con;VIA OGADEN;VIA OGADEN;;;Veicolo in marcia contro veicoli in sosta;Intersezione stradale segnalata;Una carreggiata a senso unico di marcia;Asciutto;Asfaltata;Verticale ed orizzontale;Sereno;Scarso;Buona;Ore Diurne;0;0;0;1;12.5225;41.9309;-1;8;Autovettura privata;Sosta;;;;;;;
4393218;2;25/05/2019 07:15:00;Strada Urbana;VIA TRIPOLITANIA;all'intersezione con;VIA OGADEN;VIA OGADEN;;;Veicolo in marcia contro veicoli in sosta;Intersezione stradale segnalata;Una carreggiata a senso unico di marcia;Asciutto;Asfaltata;Verticale ed orizzontale;Sereno;Scarso;Buona;Ore Diurne;0;0;0;1;12.5225;41.9309;-1;9;Motociclo a solo;Sosta;;;;;;;
4393218;2;25/05/2019 07:15:00;Strada Urbana;VIA TRIPOLITANIA;all'intersezione con;VIA OGADEN;VIA OGADEN;;;Veicolo in marcia contro veicoli in sosta;Intersezione stradale segnalata;Una carreggiata a senso unico di marcia;Asciutto;Asfaltata;Verticale ed orizzontale;Sereno;Scarso;Buona;Ore Diurne;0;0;0;1;12.5225;41.9309;-1;10;Motociclo a solo;Sosta;;;;;;;
4393218;2;25/05/2019 07:15:00;Strada Urbana;VIA TRIPOLITANIA;all'intersezione con;VIA OGADEN;VIA OGADEN;;;Veicolo in marcia contro veicoli in sosta;Intersezione stradale segnalata;Una carreggiata a senso unico di marcia;Asciutto;Asfaltata;Verticale ed orizzontale;Sereno;Scarso;Buona;Ore Diurne;0;0;0;1;12.5225;41.9309;-1;11;Motociclo a solo;Sosta;;;;;;;
4393218;2;25/05/2019 07:15:00;Strada Urbana;VIA TRIPOLITANIA;all'intersezione con;VIA OGADEN;VIA OGADEN;;;Veicolo in marcia contro veicoli in sosta;Intersezione stradale segnalata;Una carreggiata a senso unico di marcia;Asciutto;Asfaltata;Verticale ed orizzontale;Sereno;Scarso;Buona;Ore Diurne;0;0;0;1;12.5225;41.9309;-1;12;Autovettura privata;Sosta;;;;;;;
4393224;2;26/05/2019 00:05:00;Strada Urbana;VIA PANAMA;in prossimità;;del civico n.;74;;Veicolo in marcia contro veicoli in sosta;Rettilineo;Due carreggiate;Bagnato (pioggia);Asfaltata;Verticale ed orizzontale;Pioggia in atto;Scarso;Sufficiente;Sufficiente;0;1;0;0;12.4971;41.9251;-1;1;Quadriciclo leggero;In marcia / fermata / arresto;Conducente;M;Prognosi riservata;0;NON DECEDUTO;Non accertato;Inesistente
4393224;2;26/05/2019 00:05:00;Strada Urbana;VIA PANAMA;in prossimità;;del civico n.;74;;Veicolo in marcia contro veicoli in sosta;Rettilineo;Due carreggiate;Bagnato (pioggia);Asfaltata;Verticale ed orizzontale;Pioggia in atto;Scarso;Sufficiente;Sufficiente;0;1;0;0;12.4971;41.9251;-1;2;Autovettura privata;Sosta;;;;;;;
4393224;2;26/05/2019 00:05:00;Strada Urbana;VIA PANAMA;in prossimità;;del civico n.;74;;Veicolo in marcia contro veicoli in sosta;Rettilineo;Due carreggiate;Bagnato (pioggia);Asfaltata;Verticale ed orizzontale;Pioggia in atto;Scarso;Sufficiente;Sufficiente;0;1;0;0;12.4971;41.9251;-1;3;Motociclo a solo;Sosta;;;;;;;
4393225;13;25/05/2019 10:40:00;Strada Urbana;VIA ANGELO OLIVIERI;in corrispondenza;;del civico n.;51A;;Tamponamento;Rettilineo;Una carreggiata a senso unico di marcia;Asciutto;Asfaltata;Verticale ed orizzontale;Sereno;Normale;Buona;Ore Diurne;0;0;0;5;12.2897;41.734;-1;1;Autovettura privata;In marcia / fermata / arresto;Conducente;M;Illeso;0;;Non accertato;Inesploso
4393225;13;25/05/2019 10:40:00;Strada Urbana;VIA ANGELO OLIVIERI;in corrispondenza;;del civico n.;51A;;Tamponamento;Rettilineo;Una carreggiata a senso unico di marcia;Asciutto;Asfaltata;Verticale ed orizzontale;Sereno;Normale;Buona;Ore Diurne;0;0;0;5;12.2897;41.734;-1;1;Autovettura privata;In marcia / fermata / arresto;Passeggero;F;Illeso;0;;Non accertato;Inesploso
4393225;13;25/05/2019 10:40:00;Strada Urbana;VIA ANGELO OLIVIERI;in corrispondenza;;del civico n.;51A;;Tamponamento;Rettilineo;Una carreggiata a senso unico di marcia;Asciutto;Asfaltata;Verticale ed orizzontale;Sereno;Normale;Buona;Ore Diurne;0;0;0;5;12.2897;41.734;-1;2;Autovettura privata;In marcia / fermata / arresto;Conducente;M;Illeso;0;;Non accertato;Inesploso
4393225;13;25/05/2019 10:40:00;Strada Urbana;VIA ANGELO OLIVIERI;in corrispondenza;;del civico n.;51A;;Tamponamento;Rettilineo;Una carreggiata a senso unico di marcia;Asciutto;Asfaltata;Verticale ed orizzontale;Sereno;Normale;Buona;Ore Diurne;0;0;0;5;12.2897;41.734;-1;2;Autovettura privata;In marcia / fermata / arresto;Passeggero;F;Illeso;0;;Non accertato;Inesploso
4393225;13;25/05/2019 10:40:00;Strada Urbana;VIA ANGELO OLIVIERI;in corrispondenza;;del civico n.;51A;;Tamponamento;Rettilineo;Una carreggiata a senso unico di marcia;Asciutto;Asfaltata;Verticale ed orizzontale;Sereno;Normale;Buona;Ore Diurne;0;0;0;5;12.2897;41.734;-1;2;Autovettura privata;In marcia / fermata / arresto;Passeggero;F;Illeso;0;;Non accertato;Inesploso
4393225;13;25/05/2019 10:40:00;Strada Urbana;VIA ANGELO OLIVIERI;in corrispondenza;;del civico n.;51A;;Tamponamento;Rettilineo;Una carreggiata a senso unico di marcia;Asciutto;Asfaltata;Verticale ed orizzontale;Sereno;Normale;Buona;Ore Diurne;0;0;0;5;12.2897;41.734;-1;3;Autovettura privata;Sosta;;;;;;;
4393225;13;25/05/2019 10:40:00;Strada Urbana;VIA ANGELO OLIVIERI;in corrispondenza;;del civico n.;51A;;Tamponamento;Rettilineo;Una carreggiata a senso unico di marcia;Asciutto;Asfaltata;Verticale ed orizzontale;Sereno;Normale;Buona;Ore Diurne;0;0;0;5;12.2897;41.734;-1;4;Autovettura privata;Sosta;;;;;;;
4393235;10;24/05/2019 19:20:00;Strada Urbana;VIA TUSCOLANA;in corrispondenza;;del civico n.;697;;Scontro laterale fra veicoli in marcia;Rettilineo;Due carreggiate;Asciutto;Asfaltata;Verticale ed orizzontale;Sereno;Intenso;Buona;Ore Diurne;1;0;0;1;12.554;41.8615;-1;1;Autovettura privata;In marcia / fermata / arresto;Conducente;M;Illeso;0;;Non accertato;Inesploso
4393235;10;24/05/2019 19:20:00;Strada Urbana;VIA TUSCOLANA;in corrispondenza;;del civico n.;697;;Scontro laterale fra veicoli in marcia;Rettilineo;Due carreggiate;Asciutto;Asfaltata;Verticale ed orizzontale;Sereno;Intenso;Buona;Ore Diurne;1;0;0;1;12.554;41.8615;-1;2;Motociclo a solo;In marcia / fermata / arresto;Conducente;M;Rimandato;0;NON DECEDUTO;Non accertato;
4393238;20;26/05/2019 02:00:00;Strada Urbana;VIA FLAMINIA NUOVA;da specificare;;;;prossimità Via Tuscia;Veicolo in marcia contro ostacolo fisso;Rettilineo;Una carreggiata a doppio senso;Bagnato (pioggia);Asfaltata;Verticale ed orizzontale;Pioggia in atto;Scarso;Sufficiente;Sufficiente;0;0;0;1;12.4711;41.9497;-1;1;Autovettura privata;In marcia / fermata / arresto;Conducente;M;Illeso;0;;Non accertato;Inesploso
4393254;10;25/05/2019 00:50:00;Strada Urbana;VIA TUSCOLANA;in corrispondenza;;del civico n.;1016;;Scontro laterale fra veicoli in marcia;Rettilineo;Due carreggiate;Asciutto;Asfaltata;Verticale ed orizzontale;Sereno;Normale;Buona;Sufficiente;0;0;0;5;12.5549;41.8607;-1;1;Autovettura privata;In marcia / fermata / arresto;Conducente;M;Illeso;0;;Non accertato;Inesploso
4393254;10;25/05/2019 00:50:00;Strada Urbana;VIA TUSCOLANA;in corrispondenza;;del civico n.;1016;;Scontro laterale fra veicoli in marcia;Rettilineo;Due carreggiate;Asciutto;Asfaltata;Verticale ed orizzontale;Sereno;Normale;Buona;Sufficiente;0;0;0;5;12.5549;41.8607;-1;1;Autovettura privata;In marcia / fermata / arresto;Passeggero;F;Illeso;0;;Non accertato;Inesploso
4393254;10;25/05/2019 00:50:00;Strada Urbana;VIA TUSCOLANA;in corrispondenza;;del civico n.;1016;;Scontro laterale fra veicoli in marcia;Rettilineo;Due carreggiate;Asciutto;Asfaltata;Verticale ed orizzontale;Sereno;Normale;Buona;Sufficiente;0;0;0;5;12.5549;41.8607;-1;1;Autovettura privata;In marcia / fermata / arresto;Passeggero;M;Illeso;0;;Non accertato;Inesploso
4393254;10;25/05/2019 00:50:00;Strada Urbana;VIA TUSCOLANA;in corrispondenza;;del civico n.;1016;;Scontro laterale fra veicoli in marcia;Rettilineo;Due carreggiate;Asciutto;Asfaltata;Verticale ed orizzontale;Sereno;Normale;Buona;Sufficiente;0;0;0;5;12.5549;41.8607;-1;1;Autovettura privata;In marcia / fermata / arresto;Passeggero;M;Illeso;0;;Non accertato;Inesploso
4393254;10;25/05/2019 00:50:00;Strada Urbana;VIA TUSCOLANA;in corrispondenza;;del civico n.;1016;;Scontro laterale fra veicoli in marcia;Rettilineo;Due carreggiate;Asciutto;Asfaltata;Verticale ed orizzontale;Sereno;Normale;Buona;Sufficiente;0;0;0;5;12.5549;41.8607;-1;2;Autovettura privata;In marcia / fermata / arresto;Conducente;F;Illeso;0;;Non accertato;Inesploso
4393254;10;25/05/2019 00:50:00;Strada Urbana;VIA TUSCOLANA;in corrispondenza;;del civico n.;1016;;Scontro laterale fra veicoli in marcia;Rettilineo;Due carreggiate;Asciutto;Asfaltata;Verticale ed orizzontale;Sereno;Normale;Buona;Sufficiente;0;0;0;5;12.5549;41.8607;-1;3;Autovettura privata;Sosta;;;;;;;
4393263;10;25/05/2019 14:00:00;Strada Urbana;VIALE BRUNO PELIZZI;in prossimità;;del civico n.;161;;Veicolo in marcia contro veicolo in sosta;Rettilineo;Una carreggiata a senso unico di marcia;Asciutto;Asfaltata;Orizzontale;Nuvoloso;Scarso;Buona;Ore Diurne;0;0;0;0;12.5775;41.86;-1;1;Autovettura privata;Sosta;;;;;;;
4393263;10;25/05/2019 14:00:00;Strada Urbana;VIALE BRUNO PELIZZI;in prossimità;;del civico n.;161;;Veicolo in marcia contro veicolo in sosta;Rettilineo;Una carreggiata a senso unico di marcia;Asciutto;Asfaltata;Orizzontale;Nuvoloso;Scarso;Buona;Ore Diurne;0;0;0;0;12.5775;41.86;-1;2;Autovettura privata;In marcia / fermata / arresto;;;;;;;
4393268;10;25/05/2019 15:25:00;Strada Urbana;VIALE MARCO FULVIO NOBILIORE;all'intersezione con;VIA GIUSEPPE SALVIOLI;VIA GIUSEPPE SALVIOLI;;;Scontro frontale/laterale DX fra veicoli in marcia;Incrocio;Due carreggiate;Asciutto;Asfaltata;Verticale ed orizzontale;Nuvoloso;Normale;Buona;Ore Diurne;0;0;0;2;12.5662;41.8607;-1;1;Autovettura privata;In marcia / fermata / arresto;Conducente;M;Illeso;0;;Non accertato;Inesploso
4393268;10;25/05/2019 15:25:00;Strada Urbana;VIALE MARCO FULVIO NOBILIORE;all'intersezione con;VIA GIUSEPPE SALVIOLI;VIA GIUSEPPE SALVIOLI;;;Scontro frontale/laterale DX fra veicoli in marcia;Incrocio;Due carreggiate;Asciutto;Asfaltata;Verticale ed orizzontale;Nuvoloso;Normale;Buona;Ore Diurne;0;0;0;2;12.5662;41.8607;-1;2;Autocarro inferiore 35 q.;In marcia / fermata / arresto;Conducente;M;Illeso;0;;Non accertato;Inesploso
4393272;10;25/05/2019 17:50:00;Strada Urbana;VIA TUSCOLANA;da specificare;;;;cavalcavia alt. O. del Curato;Scontro laterale fra veicoli in marcia;Rettilineo;Due carreggiate;Asciutto;Asfaltata;Verticale ed orizzontale;Nuvoloso;Normale;Buona;Ore Diurne;0;0;0;3;12.5848;41.8423;-1;1;Autovettura privata;In marcia / fermata / arresto;Conducente;M;Illeso;0;;Non accertato;Inesploso
4393272;10;25/05/2019 17:50:00;Strada Urbana;VIA TUSCOLANA;da specificare;;;;cavalcavia alt. O. del Curato;Scontro laterale fra veicoli in marcia;Rettilineo;Due carreggiate;Asciutto;Asfaltata;Verticale ed orizzontale;Nuvoloso;Normale;Buona;Ore Diurne;0;0;0;3;12.5848;41.8423;-1;1;Autovettura privata;In marcia / fermata / arresto;Passeggero;M;Illeso;0;;Non accertato;Inesploso
4393272;10;25/05/2019 17:50:00;Strada Urbana;VIA TUSCOLANA;da specificare;;;;cavalcavia alt. O. del Curato;Scontro laterale fra veicoli in marcia;Rettilineo;Due carreggiate;Asciutto;Asfaltata;Verticale ed orizzontale;Nuvoloso;Normale;Buona;Ore Diurne;0;0;0;3;12.5848;41.8423;-1;2;Autocarro inferiore 35 q.;In marcia / fermata / arresto;Conducente;M;Illeso;0;;Non accertato;Inesploso
4393276;13;25/05/2019 14:40:00;Provinciale;VIA LITORANEA;da specificare;;;;altezza 8° cancello;Veicolo in marcia contro veicolo in sosta;Rettilineo;Una carreggiata a doppio senso;Asciutto;Asfaltata;Verticale ed orizzontale;Nuvoloso;Normale;Buona;Ore Diurne;0;0;0;1;12.3735;41.6876;-1;1;Autovettura privata;Sosta;;;;;;;
4393276;13;25/05/2019 14:40:00;Provinciale;VIA LITORANEA;da specificare;;;;altezza 8° cancello;Veicolo in marcia contro veicolo in sosta;Rettilineo;Una carreggiata a doppio senso;Asciutto;Asfaltata;Verticale ed orizzontale;Nuvoloso;Normale;Buona;Ore Diurne;0;0;0;1;12.3735;41.6876;-1;2;Autovettura privata;In marcia / fermata / arresto;Conducente;M;Illeso;0;;Non accertato;Esploso
4393278;10;26/05/2019 00:05:00;Strada Urbana;VIA MUZIO SCEVOLA;all'intersezione con;VIALE FURIO CAMILLO;VIALE FURIO CAMILLO;;;Scontro frontale/laterale SX fra veicoli in marcia;Incrocio;Una carreggiata a senso unico di marcia;Bagnato (pioggia);Asfaltata;Verticale ed orizzontale;Pioggia in atto;Scarso;Sufficiente;Sufficiente;0;0;0;3;12.5252;41.8761;-1;1;Autovettura privata;In marcia / fermata / arresto;Conducente;M;Illeso;0;;Non accertato;Inesploso
4393278;10;26/05/2019 00:05:00;Strada Urbana;VIA MUZIO SCEVOLA;all'intersezione con;VIALE FURIO CAMILLO;VIALE FURIO CAMILLO;;;Scontro frontale/laterale SX fra veicoli in marcia;Incrocio;Una carreggiata a senso unico di marcia;Bagnato (pioggia);Asfaltata;Verticale ed orizzontale;Pioggia in atto;Scarso;Sufficiente;Sufficiente;0;0;0;3;12.5252;41.8761;-1;2;Autovettura privata;In marcia / fermata / arresto;Conducente;M;Illeso;0;;Non accertato;Inesploso
4393278;10;26/05/2019 00:05:00;Strada Urbana;VIA MUZIO SCEVOLA;all'intersezione con;VIALE FURIO CAMILLO;VIALE FURIO CAMILLO;;;Scontro frontale/laterale SX fra veicoli in marcia;Incrocio;Una carreggiata a senso unico di marcia;Bagnato (pioggia);Asfaltata;Verticale ed orizzontale;Pioggia in atto;Scarso;Sufficiente;Sufficiente;0;0;0;3;12.5252;41.8761;-1;2;Autovettura privata;In marcia / fermata / arresto;Passeggero;F;Illeso;0;;Non accertato;Inesploso
4393294;10;26/05/2019 03:00:00;Strada Urbana;PIAZZA DEI RE DI ROMA;in prossimità;;del civico n.;80;;Veicolo in marcia contro ostacolo fisso;Rotatoria;Una carreggiata a senso unico di marcia;Bagnato (pioggia);Asfaltata;Verticale ed orizzontale;Pioggia in atto;Scarso;Sufficiente;Sufficiente;1;0;0;0;12.5148;41.8815;-1;1;Autovettura privata;In marcia / fermata / arresto;Conducente;M;Ricoverato;0;NON DECEDUTO;Non accertato;Inesploso
4393330;13;25/05/2019 18:30:00;Strada Urbana;LUNGOMARE LUTAZIO CATULO;da specificare;;;;altezza Piazzale Dell'Aquilone;Tamponamento;Rettilineo;Due carreggiate;Asciutto;Asfaltata;Verticale ed orizzontale;Nuvoloso;Normale;Buona;Ore Diurne;0;0;0;3;12.3131;41.7157;-1;1;Autovettura privata;In marcia / fermata / arresto;Conducente;M;Illeso;0;;Non accertato;Inesploso
4393330;13;25/05/2019 18:30:00;Strada Urbana;LUNGOMARE LUTAZIO CATULO;da specificare;;;;altezza Piazzale Dell'Aquilone;Tamponamento;Rettilineo;Due carreggiate;Asciutto;Asfaltata;Verticale ed orizzontale;Nuvoloso;Normale;Buona;Ore Diurne;0;0;0;3;12.3131;41.7157;-1;1;Autovettura privata;In marcia / fermata / arresto;Passeggero;M;Illeso;0;;Non accertato;Inesploso
4393330;13;25/05/2019 18:30:00;Strada Urbana;LUNGOMARE LUTAZIO CATULO;da specificare;;;;altezza Piazzale Dell'Aquilone;Tamponamento;Rettilineo;Due carreggiate;Asciutto;Asfaltata;Verticale ed orizzontale;Nuvoloso;Normale;Buona;Ore Diurne;0;0;0;3;12.3131;41.7157;-1;2;Autovettura privata;In marcia / fermata / arresto;Conducente;M;Illeso;0;;Non accertato;Inesploso
4393364;13;26/05/2019 03:15:00;Strada Urbana;VIA CAPO SPARTIVENTO;all'intersezione con;VIA ALESSANDRO PIOLA CASELLI;VIA ALESSANDRO PIOLA CASELLI;;;Scontro frontale/laterale DX fra veicoli in marcia;Incrocio;Una carreggiata a doppio senso;Bagnato (umidità in atto);Asfaltata;Verticale ed orizzontale;Nuvoloso;Scarso;Buona;Sufficiente;1;0;0;2;12.2856;41.7368;-1;1;Autovettura privata;In marcia / fermata / arresto;Conducente;F;Illeso;0;;Non accertato;Inesistente
4393364;13;26/05/2019 03:15:00;Strada Urbana;VIA CAPO SPARTIVENTO;all'intersezione con;VIA ALESSANDRO PIOLA CASELLI;VIA ALESSANDRO PIOLA CASELLI;;;Scontro frontale/laterale DX fra veicoli in marcia;Incrocio;Una carreggiata a doppio senso;Bagnato (umidità in atto);Asfaltata;Verticale ed orizzontale;Nuvoloso;Scarso;Buona;Sufficiente;1;0;0;2;12.2856;41.7368;-1;2;Autovettura privata;In marcia / fermata / arresto;Conducente;M;Illeso;0;;Non accertato;Inesploso
4393364;13;26/05/2019 03:15:00;Strada Urbana;VIA CAPO SPARTIVENTO;all'intersezione con;VIA ALESSANDRO PIOLA CASELLI;VIA ALESSANDRO PIOLA CASELLI;;;Scontro frontale/laterale DX fra veicoli in marcia;Incrocio;Una carreggiata a doppio senso;Bagnato (umidità in atto);Asfaltata;Verticale ed orizzontale;Nuvoloso;Scarso;Buona;Sufficiente;1;0;0;2;12.2856;41.7368;-1;2;Autovettura privata;In marcia / fermata / arresto;Passeggero;F;Rimandato;0;NON DECEDUTO;Non accertato;Inesploso
4393364;13;26/05/2019 03:15:00;Strada Urbana;VIA CAPO SPARTIVENTO;all'intersezione con;VIA ALESSANDRO PIOLA CASELLI;VIA ALESSANDRO PIOLA CASELLI;;;Scontro frontale/laterale DX fra veicoli in marcia;Incrocio;Una carreggiata a doppio senso;Bagnato (umidità in atto);Asfaltata;Verticale ed orizzontale;Nuvoloso;Scarso;Buona;Sufficiente;1;0;0;2;12.2856;41.7368;-1;3;Autovettura privata;Sosta;;;;;;;
4393434;10;26/05/2019 10:10:00;Provinciale;VIA ANAGNINA;in prossimità;;del palo luce n.;132;;Tamponamento;Curva a visuale libera;Due carreggiate;Bagnato (umidità in atto);Asfaltata;Verticale ed orizzontale;Nuvoloso;Normale;Buona;Ore Diurne;0;0;0;2;12.5983;41.8293;-1;1;Autovettura privata;In marcia / fermata / arresto;Conducente;M;Illeso;0;;Non accertato;Inesploso
4393434;10;26/05/2019 10:10:00;Provinciale;VIA ANAGNINA;in prossimità;;del palo luce n.;132;;Tamponamento;Curva a visuale libera;Due carreggiate;Bagnato (umidità in atto);Asfaltata;Verticale ed orizzontale;Nuvoloso;Normale;Buona;Ore Diurne;0;0;0;2;12.5983;41.8293;-1;2;Autovettura privata;In marcia / fermata / arresto;Conducente;M;Illeso;0;;Non accertato;Inesploso
4393480;2;26/05/2019 08:15:00;Strada Urbana;VIA SALARIA;da specificare;;;;prossimità Via Panama;Tamponamento;Rettilineo;Una carreggiata a senso unico di marcia;Bagnato (pioggia);Asfaltata;Verticale ed orizzontale;Pioggia in atto;Scarso;Buona;Ore Diurne;1;0;0;2;12.5025;41.9231;-1;1;Autovettura privata;In marcia / fermata / arresto;Conducente;M;Illeso;0;;Non accertato;Inesploso