Protocollo;Gruppo;DataOraIncidente;Localizzazione1;STRADA1;Localizzazione2;STRADA2;Strada02;Chilometrica;DaSpecificare;NaturaIncidente;particolaritastrade;TipoStrada;FondoStradale;Pavimentazione;Segnaletica;CondizioneAtmosferica;Traffico;Visibilita;Illuminazione;NUM_FERITI;NUM_RISERVATA;NUM_MORTI;NUM_ILLESI;Longitudine;Latitudine;Confermato;Progressivo;TipoVeicolo;StatoVeicolo;TipoPersona;Sesso;Tipolesione;Deceduto;DecedutoDopo;CinturaCascoUtilizzato;Airbag;
4394734;9;27/05/2019 08:20:00;Strada Urbana;VIA APPIA NUOVA;da specificare;;;;prossimità del civico 688;Tamponamento;Rettilineo;Una carreggiata a senso unico di marcia;Bagnato (pioggia);Asfaltata;Verticale ed orizzontale;Pioggia in atto;Normale;Buona;Ore Diurne;1;0;0;1;12.5599;41.8262;-1;2;Autovettura privata;In marcia / fermata / arresto;Conducente;M;Rimandato;0;NON DECEDUTO;Utilizzato;Inesploso
4394754;20;27/05/2019 10:40:00;Strada Urbana;VIALE DI TOR DI QUINTO;in corrispondenza;;del civico n.;155;;Veicolo in marcia contro ostacolo fisso;Curva senza visuale libera;Due carreggiate;Bagnato (pioggia);Asfaltata;Verticale ed orizzontale;Pioggia in atto;Normale;Buona;Ore Diurne;0;0;0;1;12.4846;41.9494;-1;1;Autovettura privata;In marcia / fermata / arresto;Conducente;F;Illeso;0;;Non accertato;Esploso
4394777;12;26/05/2019 03:40:00;Statale;VIA PONTINA;da specificare;;;;km. 14,00 dir. Latina;Tamponamento;Curva a visuale libera;Più di due carreggiate;Bagnato (umidità in atto);Asfaltata;Verticale ed orizzontale;Nuvoloso;Normale;Insufficiente;Inesistente;5;0;0;0;12.4522;41.7941;-1;1;Autovettura privata;In marcia / fermata / arresto;Conducente;M;Rimandato;0;NON DECEDUTO;Non accertato;Inesploso
4394777;12;26/05/2019 03:40:00;Statale;VIA PONTINA;da specificare;;;;km. 14,00 dir. Latina;Tamponamento;Curva a visuale libera;Più di due carreggiate;Bagnato (umidità in atto);Asfaltata;Verticale ed orizzontale;Nuvoloso;Normale;Insufficiente;Inesistente;5;0;0;0;12.4522;41.7941;-1;1;Autovettura privata;In marcia / fermata / arresto;Passeggero;F;Rimandato;0;NON DECEDUTO;Non accertato;Inesploso
4394777;12;26/05/2019 03:40:00;Statale;VIA PONTINA;da specificare;;;;km. 14,00 dir. Latina;Tamponamento;Curva a visuale libera;Più di due carreggiate;Bagnato (umidità in atto);Asfaltata;Verticale ed orizzontale;Nuvoloso;Normale;Insufficiente;Inesistente;5;0;0;0;12.4522;41.7941;-1;2;Autovettura privata;In marcia / fermata / arresto;Conducente;M;Rimandato;0;NON DECEDUTO;Non accertato;Esploso
4394777;12;26/05/2019 03:40:00;Statale;VIA PONTINA;da specificare;;;;km. 14,00 dir. Latina;Tamponamento;Curva a visuale libera;Più di due carreggiate;Bagnato (umidità in atto);Asfaltata;Verticale ed orizzontale;Nuvoloso;Normale;Insufficiente;Inesistente;5;0;0;0;12.4522;41.7941;-1;2;Autovettura privata;In marcia / fermata / arresto;Passeggero;F;Rimandato;0;NON DECEDUTO;Non accertato;Esploso
4394777;12;26/05/2019 03:40:00;Statale;VIA PONTINA;da specificare;;;;km. 14,00 dir. Latina;Tamponamento;Curva a visuale libera;Più di due carreggiate;Bagnato (umidità in atto);Asfaltata;Verticale ed orizzontale;Nuvoloso;Normale;Insufficiente;Inesistente;5;0;0;0;12.4522;41.7941;-1;2;Autovettura privata;In marcia / fermata / arresto;Passeggero;M;Rimandato;0;NON DECEDUTO;Non accertato;Esploso
4394778;7;26/05/2019 15:00:00;Strada Urbana;VIALE GIORGIO DE CHIRICO;all'intersezione con;VIA PRENESTINA;VIA PRENESTINA;;;Veicolo in marcia contro ostacolo fisso;Intersezione stradale segnalata;Una carreggiata a senso unico di marcia;Bagnato (pioggia);Asfaltata;Verticale ed orizzontale;Pioggia in atto;Normale;Buona;Ore Diurne;0;0;0;1;12.5904;41.8942;-1;1;Autovettura privata;In marcia / fermata / arresto;Conducente;M;Illeso;0;;;
4394792;16;26/05/2019 11:05:00;Strada Urbana;VIA DI VAL TELLINA;in prossimità;;del civico n.;122;;Veicolo in marcia contro veicoli in sosta;Rettilineo;Una carreggiata a doppio senso;Bagnato (umidità in atto);Asfaltata;Verticale ed orizzontale;Pioggia in atto;Normale;Buona;Ore Diurne;0;0;0;1;12.4466;41.8695;-1;1;Autovettura privata;In marcia / fermata / arresto;Conducente;M;Illeso;0;;;
4394792;16;26/05/2019 11:05:00;Strada Urbana;VIA DI VAL TELLINA;in prossimità;;del civico n.;122;;Veicolo in marcia contro veicoli in sosta;Rettilineo;Una carreggiata a doppio senso;Bagnato (umidità in atto);Asfaltata;Verticale ed orizzontale;Pioggia in atto;Normale;Buona;Ore Diurne;0;0;0;1;12.4466;41.8695;-1;2;Motociclo a solo;Sosta;;;;;;;
4394792;16;26/05/2019 11:05:00;Strada Urbana;VIA DI VAL TELLINA;in prossimità;;del civico n.;122;;Veicolo in marcia contro veicoli in sosta;Rettilineo;Una carreggiata a doppio senso;Bagnato (umidità in atto);Asfaltata;Verticale ed orizzontale;Pioggia in atto;Normale;Buona;Ore Diurne;0;0;0;1;12.4466;41.8695;-1;3;Motociclo a solo;Sosta;;;;;;;
4394792;16;26/05/2019 11:05:00;Strada Urbana;VIA DI VAL TELLINA;in prossimità;;del civico n.;122;;Veicolo in marcia contro veicoli in sosta;Rettilineo;Una carreggiata a doppio senso;Bagnato (umidità in atto);Asfaltata;Verticale ed orizzontale;Pioggia in atto;Normale;Buona;Ore Diurne;0;0;0;1;12.4466;41.8695;-1;4;Motociclo a solo;Sosta;;;;;;;
4394797;1;27/05/2019 08:30:00;Strada Urbana;PONTE TESTACCIO;all'intersezione con;LARGO GIOVANNI BATTISTA MARZI;LARGO GIOVANNI BATTISTA MARZI;;;Infortunio per sola frenata improvvisa;Incrocio;Una carreggiata a doppio senso;Bagnato (pioggia);In cubetti di porfido;Verticale ed orizzontale;Pioggia in atto;Normale;Buona;Ore Diurne;1;0;0;0;12.4704;41.8754;-1;1;Motociclo a solo;In marcia / fermata / arresto;Conducente;F;Rimandato;0;NON DECEDUTO;Non accertato;
4394800;12;26/05/2019 22:30:00;Provinciale;VIA DI PRATICA;da specificare;;;;ALT. KM 1.300;Veicolo in marcia contro ostacolo fisso;Curva a visuale libera;Una carreggiata a doppio senso;Bagnato (pioggia);Asfaltata;Verticale ed orizzontale;Pioggia in atto;Scarso;Insufficiente;Insufficiente;1;0;0;1;12.4523;41.6807;-1;1;Autovettura privata;In marcia / fermata / arresto;Conducente;F;Illeso;0;;Non accertato;
4394800;12;26/05/2019 22:30:00;Provinciale;VIA DI PRATICA;da specificare;;;;ALT. KM 1.300;Veicolo in marcia contro ostacolo fisso;Curva a visuale libera;Una carreggiata a doppio senso;Bagnato (pioggia);Asfaltata;Verticale ed orizzontale;Pioggia in atto;Scarso;Insufficiente;Insufficiente;1;0;0;1;12.4523;41.6807;-1;1;Autovettura privata;In marcia / fermata / arresto;Passeggero;F;Rimandato;0;NON DECEDUTO;Non accertato;
4394806;18;25/05/2019 14:00:00;Strada Urbana;VIA DI BOCCEA;all'intersezione con;VIA VINOVO;VIA VINOVO;;;Veicolo in marcia contro ostacolo fisso;Intersezione stradale segnalata;Una carreggiata a doppio senso;Asciutto;Asfaltata;Verticale;Nuvoloso;Normale;Buona;Ore Diurne;0;0;0;1;12.3847;41.9149;-1;1;Autocarro inferiore 35 q.;In marcia / fermata / arresto;Conducente;M;Illeso;0;;;
4394821;4;26/05/2019 13:30:00;Strada Urbana;VIA UGO OJETTI;da specificare;;;;prossimità fronte Via Jacopone da Todi;Scontro laterale fra veicoli in marcia;Rettilineo;Due carreggiate;Bagnato (pioggia);Asfaltata;Verticale ed orizzontale;Pioggia in atto;Normale;Buona;Ore Diurne;0;0;0;6;12.5546;41.947;-1;1;Autovettura privata;In marcia / fermata / arresto;Conducente;M;Illeso;0;;;
4394821;4;26/05/2019 13:30:00;Strada Urbana;VIA UGO OJETTI;da specificare;;;;prossimità fronte Via Jacopone da Todi;Scontro laterale fra veicoli in marcia;Rettilineo;Due carreggiate;Bagnato (pioggia);Asfaltata;Verticale ed orizzontale;Pioggia in atto;Normale;Buona;Ore Diurne;0;0;0;6;12.5546;41.947;-1;1;Autovettura privata;In marcia / fermata / arresto;Passeggero;F;Illeso;0;;;
4394821;4;26/05/2019 13:30:00;Strada Urbana;VIA UGO OJETTI;da specificare;;;;prossimità fronte Via Jacopone da Todi;Scontro laterale fra veicoli in marcia;Rettilineo;Due carreggiate;Bagnato (pioggia);Asfaltata;Verticale ed orizzontale;Pioggia in atto;Normale;Buona;Ore Diurne;0;0;0;6;12.5546;41.947;-1;1;Autovettura privata;In marcia / fermata / arresto;Passeggero;M;Illeso;0;;;
4394821;4;26/05/2019 13:30:00;Strada Urbana;VIA UGO OJETTI;da specificare;;;;prossimità fronte Via Jacopone da Todi;Scontro laterale fra veicoli in marcia;Rettilineo;Due carreggiate;Bagnato (pioggia);Asfaltata;Verticale ed orizzontale;Pioggia in atto;Normale;Buona;Ore Diurne;0;0;0;6;12.5546;41.947;-1;2;Autovettura privata;In marcia / fermata / arresto;Conducente;M;Illeso;0;;;
4394821;4;26/05/2019 13:30:00;Strada Urbana;VIA UGO OJETTI;da specificare;;;;prossimità fronte Via Jacopone da Todi;Scontro laterale fra veicoli in marcia;Rettilineo;Due carreggiate;Bagnato (pioggia);Asfaltata;Verticale ed orizzontale;Pioggia in atto;Normale;Buona;Ore Diurne;0;0;0;6;12.5546;41.947;-1;2;Autovettura privata;In marcia / fermata / arresto;Passeggero;F;Illeso;0;;;
4394821;4;26/05/2019 13:30:00;Strada Urbana;VIA UGO OJETTI;da specificare;;;;prossimità fronte Via Jacopone da Todi;Scontro laterale fra veicoli in marcia;Rettilineo;Due carreggiate;Bagnato (pioggia);Asfaltata;Verticale ed orizzontale;Pioggia in atto;Normale;Buona;Ore Diurne;0;0;0;6;12.5546;41.947;-1;2;Autovettura privata;In marcia / fermata / arresto;Passeggero;F;Illeso;0;;;
4394834;17;26/05/2019 01:03:00;Strada Urbana;VIALE VATICANO;in corrispondenza;;del civico n.;86;;Veicolo in marcia contro ostacolo fisso;Curva senza visuale libera;Una carreggiata a doppio senso;Bagnato (pioggia);Asfaltata;Orizzontale;Pioggia in atto;Scarso;Buona;Sufficiente;2;0;0;0;12.4507;41.9066;-1;1;Autovettura di polizia;In marcia / fermata / arresto;Conducente;M;Rimandato;0;NON DECEDUTO;;
4394834;17;26/05/2019 01:03:00;Strada Urbana;VIALE VATICANO;in corrispondenza;;del civico n.;86;;Veicolo in marcia contro ostacolo fisso;Curva senza visuale libera;Una carreggiata a doppio senso;Bagnato (pioggia);Asfaltata;Orizzontale;Pioggia in atto;Scarso;Buona;Sufficiente;2;0;0;0;12.4507;41.9066;-1;1;Autovettura di polizia;In marcia / fermata / arresto;Passeggero;M;Rimandato;0;NON DECEDUTO;;
4394852;4;26/05/2019 19:30:00;Strada Urbana;VIA EMILIO PRAGA;in prossimità;;del civico n.;51;;Veicolo in marcia contro veicolo in sosta;Rettilineo;Una carreggiata a senso unico di marcia;Bagnato (pioggia);Asfaltata;Verticale ed orizzontale;Pioggia in atto;Scarso;Sufficiente;Sufficiente;0;0;0;1;12.5559;41.946;-1;1;Autovettura privata;Sosta;;;;;;;
4394852;4;26/05/2019 19:30:00;Strada Urbana;VIA EMILIO PRAGA;in prossimità;;del civico n.;51;;Veicolo in marcia contro veicolo in sosta;Rettilineo;Una carreggiata a senso unico di marcia;Bagnato (pioggia);Asfaltata;Verticale ed orizzontale;Pioggia in atto;Scarso;Sufficiente;Sufficiente;0;0;0;1;12.5559;41.946;-1;2;Autovettura privata;In marcia / fermata / arresto;Conducente;M;Illeso;0;;;
4394866;2;26/05/2019 10:00:00;Strada Urbana;VIA RUGGERO FAURO;in prossimità;;del civico n.;54;;Veicolo in marcia contro veicolo in sosta;Rettilineo;Una carreggiata a senso unico di marcia;Bagnato (pioggia);Asfaltata;Verticale ed orizzontale;Pioggia in atto;Scarso;Buona;Ore Diurne;0;0;0;3;12.4882;41.9274;-1;1;Autovettura privata;Sosta;Passeggero;F;Illeso;0;;;
4394866;2;26/05/2019 10:00:00;Strada Urbana;VIA RUGGERO FAURO;in prossimità;;del civico n.;54;;Veicolo in marcia contro veicolo in sosta;Rettilineo;Una carreggiata a senso unico di marcia;Bagnato (pioggia);Asfaltata;Verticale ed orizzontale;Pioggia in atto;Scarso;Buona;Ore Diurne;0;0;0;3;12.4882;41.9274;-1;2;Autovettura privata;In marcia / fermata / arresto;Conducente;M;Illeso;0;;;
4394866;2;26/05/2019 10:00:00;Strada Urbana;VIA RUGGERO FAURO;in prossimità;;del civico n.;54;;Veicolo in marcia contro veicolo in sosta;Rettilineo;Una carreggiata a senso unico di marcia;Bagnato (pioggia);Asfaltata;Verticale ed orizzontale;Pioggia in atto;Scarso;Buona;Ore Diurne;0;0;0;3;12.4882;41.9274;-1;2;Autovettura privata;In marcia / fermata / arresto;Passeggero;F;Illeso;0;;;
4394870;1;26/05/2019 22:25:00;Strada Urbana;LUNGOTEVERE DEGLI ANGUILLARA;all'intersezione con;PIAZZA DELLA GENSOLA;PIAZZA DELLA GENSOLA;;;Tamponamento;Intersezione stradale segnalata;Una carreggiata a senso unico di marcia;Bagnato (pioggia);Asfaltata;Verticale ed orizzontale;Pioggia in atto;Normale;Sufficiente;Sufficiente;2;0;0;1;12.4766;41.8897;-1;1;Autovettura privata;In marcia / fermata / arresto;Conducente;M;Illeso;0;;;
4394870;1;26/05/2019 22:25:00;Strada Urbana;LUNGOTEVERE DEGLI ANGUILLARA;all'intersezione con;PIAZZA DELLA GENSOLA;PIAZZA DELLA GENSOLA;;;Tamponamento;Intersezione stradale segnalata;Una carreggiata a senso unico di marcia;Bagnato (pioggia);Asfaltata;Verticale ed orizzontale;Pioggia in atto;Normale;Sufficiente;Sufficiente;2;0;0;1;12.4766;41.8897;-1;2;Motociclo con passeggero;In marcia / fermata / arresto;Conducente;M;Rimandato;0;NON DECEDUTO;;
4394870;1;26/05/2019 22:25:00;Strada Urbana;LUNGOTEVERE DEGLI ANGUILLARA;all'intersezione con;PIAZZA DELLA GENSOLA;PIAZZA DELLA GENSOLA;;;Tamponamento;Intersezione stradale segnalata;Una carreggiata a senso unico di marcia;Bagnato (pioggia);Asfaltata;Verticale ed orizzontale;Pioggia in atto;Normale;Sufficiente;Sufficiente;2;0;0;1;12.4766;41.8897;-1;2;Motociclo con passeggero;In marcia / fermata / arresto;Passeggero;M;Rimandato;0;NON DECEDUTO;;
4394877;10;27/05/2019 11:50:00;Strada Urbana;VIA ANTONINO ANILE;in prossimità;;del palo luce n.;24;;Scontro laterale fra veicoli in marcia;Rettilineo;Una carreggiata a senso unico di marcia;Bagnato (pioggia);Asfaltata;Verticale ed orizzontale;Nuvoloso;Normale;Buona;Ore Diurne;0;0;0;4;12.6258;41.828;-1;1;Autovettura privata;In marcia / fermata / arresto;Conducente;M;Illeso;0;;Non accertato;Inesploso
4394877;10;27/05/2019 11:50:00;Strada Urbana;VIA ANTONINO ANILE;in prossimità;;del palo luce n.;24;;Scontro laterale fra veicoli in marcia;Rettilineo;Una carreggiata a senso unico di marcia;Bagnato (pioggia);Asfaltata;Verticale ed orizzontale;Nuvoloso;Normale;Buona;Ore Diurne;0;0;0;4;12.6258;41.828;-1;2;Autovettura privata;In marcia / fermata / arresto;Conducente;F;Illeso;0;;Non accertato;Inesploso
4394877;10;27/05/2019 11:50:00;Strada Urbana;VIA ANTONINO ANILE;in prossimità;;del palo luce n.;24;;Scontro laterale fra veicoli in marcia;Rettilineo;Una carreggiata a senso unico di marcia;Bagnato (pioggia);Asfaltata;Verticale ed orizzontale;Nuvoloso;Normale;Buona;Ore Diurne;0;0;0;4;12.6258;41.828;-1;2;Autovettura privata;In marcia / fermata / arresto;Passeggero;F;Illeso;0;;Non accertato;Inesploso
4394877;10;27/05/2019 11:50:00;Strada Urbana;VIA ANTONINO ANILE;in prossimità;;del palo luce n.;24;;Scontro laterale fra veicoli in marcia;Rettilineo;Una carreggiata a senso unico di marcia;Bagnato (pioggia);Asfaltata;Verticale ed orizzontale;Nuvoloso;Normale;Buona;Ore Diurne;0;0;0;4;12.6258;41.828;-1;2;Autovettura privata;In marcia / fermata / arresto;Passeggero;F;Illeso;0;;Non accertato;Inesploso
4394897;3;26/05/2019 00:15:00;Strada Urbana;VIALE DELLO SCALO S. LORENZO;in prossimità;;del civico n.;4;;Tamponamento;Rettilineo;Più di due carreggiate;Asciutto;Asfaltata;Verticale;Nuvoloso;Intenso;Sufficiente;Sufficiente;0;0;0;5;12.516;41.8929;-1;1;Autovettura privata;In marcia / fermata / arresto;Conducente;M;Illeso;0;;;
4394897;3;26/05/2019 00:15:00;Strada Urbana;VIALE DELLO SCALO S. LORENZO;in prossimità;;del civico n.;4;;Tamponamento;Rettilineo;Più di due carreggiate;Asciutto;Asfaltata;Verticale;Nuvoloso;Intenso;Sufficiente;Sufficiente;0;0;0;5;12.516;41.8929;-1;1;Autovettura privata;In marcia / fermata / arresto;Passeggero;M;Illeso;0;;;
4394897;3;26/05/2019 00:15:00;Strada Urbana;VIALE DELLO SCALO S. LORENZO;in prossimità;;del civico n.;4;;Tamponamento;Rettilineo;Più di due carreggiate;Asciutto;Asfaltata;Verticale;Nuvoloso;Intenso;Sufficiente;Sufficiente;0;0;0;5;12.516;41.8929;-1;2;Autovettura privata;In marcia / fermata / arresto;Conducente;M;Illeso;0;;;
4394897;3;26/05/2019 00:15:00;Strada Urbana;VIALE DELLO SCALO S. LORENZO;in prossimità;;del civico n.;4;;Tamponamento;Rettilineo;Più di due carreggiate;Asciutto;Asfaltata;Verticale;Nuvoloso;Intenso;Sufficiente;Sufficiente;0;0;0;5;12.516;41.8929;-1;2;Autovettura privata;In marcia / fermata / arresto;Passeggero;M;Illeso;0;;;
4394897;3;26/05/2019 00:15:00;Strada Urbana;VIALE DELLO SCALO S. LORENZO;in prossimità;;del civico n.;4;;Tamponamento;Rettilineo;Più di due carreggiate;Asciutto;Asfaltata;Verticale;Nuvoloso;Intenso;Sufficiente;Sufficiente;0;0;0;5;12.516;41.8929;-1;2;Autovettura privata;In marcia / fermata / arresto;Passeggero;F;Illeso;0;;;
4394928;3;27/05/2019 00:30:00;Strada Urbana;VIALE JONIO;in corrispondenza;;del civico n.;344;;Scontro frontale/laterale SX fra veicoli in marcia;Rettilineo;Una carreggiata a senso unico di marcia;Bagnato (pioggia);Asfaltata;Verticale ed orizzontale;Pioggia in atto;Scarso;Sufficiente;Sufficiente;2;0;0;0;12.5288;41.946;-1;1;Autovettura privata;In marcia / fermata / arresto;Conducente;M;Rimandato;0;NON DECEDUTO;Non accertato;Esploso
4394928;3;27/05/2019 00:30:00;Strada Urbana;VIALE JONIO;in corrispondenza;;del civico n.;344;;Scontro frontale/laterale SX fra veicoli in marcia;Rettilineo;Una carreggiata a senso unico di marcia;Bagnato (pioggia);Asfaltata;Verticale ed orizzontale;Pioggia in atto;Scarso;Sufficiente;Sufficiente;2;0;0;0;12.5288;41.946;-1;2;Autovettura privata;In marcia / fermata / arresto;Conducente;M;Rimandato;0;NON DECEDUTO;Non accertato;Esploso
4394934;18;25/05/2019 06:50:00;Strada Urbana;VIA DI TORREVECCHIA;in corrispondenza;;del civico n.;819;;Scontro frontale/laterale SX fra veicoli in marcia;Rettilineo;Una carreggiata a doppio senso;Asciutto;Asfaltata;Verticale ed orizzontale;Sereno;Scarso;Buona;Ore Diurne;0;0;0;2;12.4091;41.9182;-1;1;Autovettura privata;In marcia / fermata / arresto;Conducente;F;Illeso;0;;;
4394934;18;25/05/2019 06:50:00;Strada Urbana;VIA DI TORREVECCHIA;in corrispondenza;;del civico n.;819;;Scontro frontale/laterale SX fra veicoli in marcia;Rettilineo;Una carreggiata a doppio senso;Asciutto;Asfaltata;Verticale ed orizzontale;Sereno;Scarso;Buona;Ore Diurne;0;0;0;2;12.4091;41.9182;-1;2;Autocarro inferiore 35 q.;In marcia / fermata / arresto;Conducente;M;Illeso;0;;;
4394938;18;25/05/2019 12:00:00;Strada Urbana;VIA DELLA PINETA SACCHETTI;in prossimità;;del civico n.;37b;;Veicolo in marcia contro ostacolo accidentale;Rettilineo;Una carreggiata a doppio senso;Asciutto;Asfaltata;Verticale ed orizzontale;Sereno;Normale;Buona;Ore Diurne;0;0;0;2;12.425;41.9077;-1;1;Autovettura privata;In marcia / fermata / arresto;Conducente;F;Illeso;0;;;
4394938;18;25/05/2019 12:00:00;Strada Urbana;VIA DELLA PINETA SACCHETTI;in prossimità;;del civico n.;37b;;Veicolo in marcia contro ostacolo accidentale;Rettilineo;Una carreggiata a doppio senso;Asciutto;Asfaltata;Verticale ed orizzontale;Sereno;Normale;Buona;Ore Diurne;0;0;0;2;12.425;41.9077;-1;1;Autovettura privata;In marcia / fermata / arresto;Passeggero;M;Illeso;0;;;
4394941;3;26/05/2019 20:50:00;Strada Urbana;VIA CREMONA;all'intersezione semaforizzata con;VIA CATANIA;VIA CATANIA;;;Investimento di pedone;Incrocio;Una carreggiata a senso unico di marcia;Bagnato (pioggia);Asfaltata;Verticale ed orizzontale;Nuvoloso;Normale;Sufficiente;Sufficiente;1;0;0;1;12.5197;41.9115;-1;;;;Pedone;M;Rimandato;0;NON DECEDUTO;;
4394941;3;26/05/2019 20:50:00;Strada Urbana;VIA CREMONA;all'intersezione semaforizzata con;VIA CATANIA;VIA CATANIA;;;Investimento di pedone;Incrocio;Una carreggiata a senso unico di marcia;Bagnato (pioggia);Asfaltata;Verticale ed orizzontale;Nuvoloso;Normale;Sufficiente;Sufficiente;1;0;0;1;12.5197;41.9115;-1;1;Autovettura privata;In marcia / fermata / arresto;Conducente;M;Illeso;0;;Non accertato;Inesploso
4394943;18;25/05/2019 14:00:00;Strada Urbana;VIA RIVARONE;all'intersezione con;VIA BRA;VIA BRA;;;Scontro frontale fra veicoli in marcia;Incrocio;Una carreggiata a doppio senso;Asciutto;Asfaltata;Assente;Nuvoloso;Scarso;Buona;Ore Diurne;1;0;0;1;12.4137;41.9009;-1;1;Motociclo a solo;In marcia / fermata / arresto;Conducente;M;Rifiuta cure immediate;0;NON DECEDUTO;;
4394943;18;25/05/2019 14:00:00;Strada Urbana;VIA RIVARONE;all'intersezione con;VIA BRA;VIA BRA;;;Scontro frontale fra veicoli in marcia;Incrocio;Una carreggiata a doppio senso;Asciutto;Asfaltata;Assente;Nuvoloso;Scarso;Buona;Ore Diurne;1;0;0;1;12.4137;41.9009;-1;2;Autovettura privata;In marcia / fermata / arresto;Conducente;F;Illeso;0;;;
4394944;18;25/05/2019 17:05:00;Strada Urbana;VIA DOMENICO TARDINI;in corrispondenza;;del civico n.;3a;;Veicolo in marcia contro veicoli in sosta;Rettilineo;Una carreggiata a senso unico di marcia;Asciutto;Asfaltata;Verticale ed orizzontale;Nuvoloso;Scarso;Buona;Ore Diurne;0;0;0;2;12.4266;41.9018;-1;1;Quadriciclo;In marcia / fermata / arresto;Conducente;F;Illeso;0;;;
4394944;18;25/05/2019 17:05:00;Strada Urbana;VIA DOMENICO TARDINI;in corrispondenza;;del civico n.;3a;;Veicolo in marcia contro veicoli in sosta;Rettilineo;Una carreggiata a senso unico di marcia;Asciutto;Asfaltata;Verticale ed orizzontale;Nuvoloso;Scarso;Buona;Ore Diurne;0;0;0;2;12.4266;41.9018;-1;1;Quadriciclo;In marcia / fermata / arresto;Passeggero;F;Illeso;0;;Non accertato;Inesploso
4394944;18;25/05/2019 17:05:00;Strada Urbana;VIA DOMENICO TARDINI;in corrispondenza;;del civico n.;3a;;Veicolo in marcia contro veicoli in sosta;Rettilineo;Una carreggiata a senso unico di marcia;Asciutto;Asfaltata;Verticale ed orizzontale;Nuvoloso;Scarso;Buona;Ore Diurne;0;0;0;2;12.4266;41.9018;-1;2;Autovettura privata;Sosta;;;;;;;
4394950;18;25/05/2019 17:30:00;Strada Urbana;VIA GREGORIO XI;in prossimità;;del civico n.;107;;Veicolo in marcia contro veicolo in sosta;Curva a visuale libera;Una carreggiata a doppio senso;Asciutto;Asfaltata;Verticale ed orizzontale;Sereno;Normale;Buona;Ore Diurne;2;0;0;1;12.4207;41.9007;-1;1;Motociclo con passeggero;In marcia / fermata / arresto;Conducente;F;Rimandato;0;NON DECEDUTO;;
4394950;18;25/05/2019 17:30:00;Strada Urbana;VIA GREGORIO XI;in prossimità;;del civico n.;107;;Veicolo in marcia contro veicolo in sosta;Curva a visuale libera;Una carreggiata a doppio senso;Asciutto;Asfaltata;Verticale ed orizzontale;Sereno;Normale;Buona;Ore Diurne;2;0;0;1;12.4207;41.9007;-1;1;Motociclo con passeggero;In marcia / fermata / arresto;Passeggero;M;Rimandato;0;NON DECEDUTO;Non accertato;
4394950;18;25/05/2019 17:30:00;Strada Urbana;VIA GREGORIO XI;in prossimità;;del civico n.;107;;Veicolo in marcia contro veicolo in sosta;Curva a visuale libera;Una carreggiata a doppio senso;Asciutto;Asfaltata;Verticale ed orizzontale;Sereno;Normale;Buona;Ore Diurne;2;0;0;1;12.4207;41.9007;-1;2;Autovettura privata;In marcia / fermata / arresto;Conducente;M;Illeso;0;;;
4394950;18;25/05/2019 17:30:00;Strada Urbana;VIA GREGORIO XI;in prossimità;;del civico n.;107;;Veicolo in marcia contro veicolo in sosta;Curva a visuale libera;Una carreggiata a doppio senso;Asciutto;Asfaltata;Verticale ed orizzontale;Sereno;Normale;Buona;Ore Diurne;2;0;0;1;12.4207;41.9007;-1;3;Autovettura privata;Sosta;;;;;;;
4394952;20;27/05/2019 12:20:00;Strada Urbana;VIALE DI TOR DI QUINTO;in prossimità;;del civico n.;181;;Fuoriuscita dalla sede stradale;Curva senza visuale libera;Due carreggiate;Bagnato (pioggia);Asfaltata;Verticale ed orizzontale;Pioggia in atto;Normale;Buona;Ore Diurne;0;0;0;2;12.4845;41.951;-1;1;Autovettura privata;In marcia / fermata / arresto;Conducente;M;Illeso;0;;Non accertato;Inesploso
4394952;20;27/05/2019 12:20:00;Strada Urbana;VIALE DI TOR DI QUINTO;in prossimità;;del civico n.;181;;Fuoriuscita dalla sede stradale;Curva senza visuale libera;Due carreggiate;Bagnato (pioggia);Asfaltata;Verticale ed orizzontale;Pioggia in atto;Normale;Buona;Ore Diurne;0;0;0;2;12.4845;41.951;-1;1;Autovettura privata;In marcia / fermata / arresto;Passeggero;F;Illeso;0;;Non accertato;Inesploso
4394953;3;26/05/2019 14:30:00;Strada Urbana;tang. Est;da specificare;;;;dir.ne Salaria sopraelevata Scalo di S.Lorenzo;Veicolo in marcia contro ostacolo fisso;Rettilineo;Una carreggiata a senso unico di marcia;Bagnato (pioggia);Asfaltata;Orizzontale;Pioggia in atto;Normale;Sufficiente;Ore Diurne;2;0;0;0;12.5282;41.9181;-1;1;Autovettura privata;In marcia / fermata / arresto;Conducente;M;Rimandato;0;NON DECEDUTO;Non accertato;Inesploso