Protocollo;Gruppo;DataOraIncidente;Localizzazione1;STRADA1;Localizzazione2;STRADA2;Strada02;Chilometrica;DaSpecificare;NaturaIncidente;particolaritastrade;TipoStrada;FondoStradale;Pavimentazione;Segnaletica;CondizioneAtmosferica;Traffico;Visibilita;Illuminazione;NUM_FERITI;NUM_RISERVATA;NUM_MORTI;NUM_ILLESI;Longitudine;Latitudine;Confermato;Progressivo;TipoVeicolo;StatoVeicolo;TipoPersona;Sesso;Tipolesione;Deceduto;DecedutoDopo;CinturaCascoUtilizzato;Airbag;
4396370;12;25/05/2019 22:45:00;Strada Urbana;VIALE CRISTOFORO COLOMBO;da specificare;;;;Alt. Viale Umanesimo dir. Roma centro;Tamponamento;Rettilineo;Due carreggiate;Bagnato (umidità in atto);Asfaltata;Verticale ed orizzontale;Nuvoloso;Normale;Buona;Sufficiente;0;0;0;1;12.4675;41.8238;-1;2;Autovettura privata;In marcia / fermata / arresto;;;;;;;
4396388;12;25/05/2019 10:30:00;Strada Urbana;VIA DELLE COSTELLAZIONI;in corrispondenza;;del civico n.;308;;Veicolo in marcia contro veicolo fermo;Rettilineo;Una carreggiata a doppio senso;Asciutto;Asfaltata;Verticale ed orizzontale;Sereno;Normale;Buona;Ore Diurne;0;0;0;3;12.4486;41.8156;-1;1;Autovettura privata;In marcia / fermata / arresto;Conducente;F;Illeso;0;;Utilizzato;Inesploso
4396388;12;25/05/2019 10:30:00;Strada Urbana;VIA DELLE COSTELLAZIONI;in corrispondenza;;del civico n.;308;;Veicolo in marcia contro veicolo fermo;Rettilineo;Una carreggiata a doppio senso;Asciutto;Asfaltata;Verticale ed orizzontale;Sereno;Normale;Buona;Ore Diurne;0;0;0;3;12.4486;41.8156;-1;1;Autovettura privata;In marcia / fermata / arresto;Passeggero;F;Illeso;0;;Utilizzato;Inesploso
4396388;12;25/05/2019 10:30:00;Strada Urbana;VIA DELLE COSTELLAZIONI;in corrispondenza;;del civico n.;308;;Veicolo in marcia contro veicolo fermo;Rettilineo;Una carreggiata a doppio senso;Asciutto;Asfaltata;Verticale ed orizzontale;Sereno;Normale;Buona;Ore Diurne;0;0;0;3;12.4486;41.8156;-1;2;Autovettura privata;In marcia / fermata / arresto;Conducente;M;Illeso;0;;Utilizzato;Inesploso
4396398;7;28/05/2019 09:00:00;Strada Urbana;VIA EMILIO LONGONI;in prossimità;;del civico n.;65;;Tamponamento;Rettilineo;Una carreggiata a doppio senso;Asciutto;Asfaltata;Assente;Nuvoloso;Scarso;Buona;Ore Diurne;0;0;0;2;12.6033;41.899;-1;1;Autovettura privata;In marcia / fermata / arresto;Conducente;F;Illeso;0;;Non accertato;Inesploso
4396398;7;28/05/2019 09:00:00;Strada Urbana;VIA EMILIO LONGONI;in prossimità;;del civico n.;65;;Tamponamento;Rettilineo;Una carreggiata a doppio senso;Asciutto;Asfaltata;Assente;Nuvoloso;Scarso;Buona;Ore Diurne;0;0;0;2;12.6033;41.899;-1;2;Autovettura privata;In marcia / fermata / arresto;Conducente;F;Illeso;0;;Non accertato;Inesploso
4396402;4;27/05/2019 14:15:00;Strada Urbana;VIA MONTE MASSICO;da specificare;;;;prossimità via monte Calvo;Veicolo in marcia contro veicolo in sosta;Rettilineo;Una carreggiata a doppio senso;Bagnato (pioggia);Asfaltata;Assente;Pioggia in atto;Normale;Buona;Ore Diurne;0;0;0;1;12.532;41.9513;-1;1;Autovettura privata;In marcia / fermata / arresto;Conducente;M;Illeso;0;;Non accertato;Inesploso
4396402;4;27/05/2019 14:15:00;Strada Urbana;VIA MONTE MASSICO;da specificare;;;;prossimità via monte Calvo;Veicolo in marcia contro veicolo in sosta;Rettilineo;Una carreggiata a doppio senso;Bagnato (pioggia);Asfaltata;Assente;Pioggia in atto;Normale;Buona;Ore Diurne;0;0;0;1;12.532;41.9513;-1;2;Autovettura privata;Sosta;;;;;;;
4396407;12;26/05/2019 17:30:00;Provinciale;VIA LAURENTINA;da specificare;;;;alt. rotatoria Trigoria;Veicolo in marcia contro ostacolo accidentale;Rotatoria;Una carreggiata a senso unico di marcia;Bagnato (pioggia);Strada pavimentata dissestata;Verticale ed orizzontale;Pioggia in atto;Normale;Sufficiente;Ore Diurne;0;0;0;2;12.4811;41.7766;-1;1;Autovettura privata;In marcia / fermata / arresto;Conducente;M;Illeso;0;;;
4396407;12;26/05/2019 17:30:00;Provinciale;VIA LAURENTINA;da specificare;;;;alt. rotatoria Trigoria;Veicolo in marcia contro ostacolo accidentale;Rotatoria;Una carreggiata a senso unico di marcia;Bagnato (pioggia);Strada pavimentata dissestata;Verticale ed orizzontale;Pioggia in atto;Normale;Sufficiente;Ore Diurne;0;0;0;2;12.4811;41.7766;-1;1;Autovettura privata;In marcia / fermata / arresto;Passeggero;M;Illeso;0;;;
4396408;18;24/05/2019 10:30:00;Strada Urbana;VIA DI BOCCEA;in corrispondenza;;del civico n.;643d;;Veicolo in marcia contro ostacolo fisso;Rettilineo;Una carreggiata a doppio senso;Asciutto;Asfaltata;Verticale ed orizzontale;Sereno;Normale;Buona;Ore Diurne;0;0;0;2;12.3756;41.9211;-1;1;Autovettura privata;In marcia / fermata / arresto;Conducente;M;Illeso;0;;;
4396408;18;24/05/2019 10:30:00;Strada Urbana;VIA DI BOCCEA;in corrispondenza;;del civico n.;643d;;Veicolo in marcia contro ostacolo fisso;Rettilineo;Una carreggiata a doppio senso;Asciutto;Asfaltata;Verticale ed orizzontale;Sereno;Normale;Buona;Ore Diurne;0;0;0;2;12.3756;41.9211;-1;1;Autovettura privata;In marcia / fermata / arresto;Passeggero;F;Illeso;0;;;
4396410;1;27/05/2019 10:00:00;Strada Urbana;VIALE PRETORIANO;all'intersezione con;VIA DEL CASTRO PRETORIO;VIA DEL CASTRO PRETORIO;;;Scontro laterale fra veicoli in marcia;Incrocio;Una carreggiata a doppio senso;Bagnato (pioggia);Asfaltata;Verticale ed orizzontale;Pioggia in atto;Intenso;Buona;Ore Diurne;2;0;0;1;12.5082;41.9005;-1;1;Ciclomotore;In marcia / fermata / arresto;Conducente;M;Rifiuta cure immediate;0;NON DECEDUTO;;
4396410;1;27/05/2019 10:00:00;Strada Urbana;VIALE PRETORIANO;all'intersezione con;VIA DEL CASTRO PRETORIO;VIA DEL CASTRO PRETORIO;;;Scontro laterale fra veicoli in marcia;Incrocio;Una carreggiata a doppio senso;Bagnato (pioggia);Asfaltata;Verticale ed orizzontale;Pioggia in atto;Intenso;Buona;Ore Diurne;2;0;0;1;12.5082;41.9005;-1;2;Motociclo con passeggero;In marcia / fermata / arresto;Conducente;M;Rimandato;0;NON DECEDUTO;;
4396410;1;27/05/2019 10:00:00;Strada Urbana;VIALE PRETORIANO;all'intersezione con;VIA DEL CASTRO PRETORIO;VIA DEL CASTRO PRETORIO;;;Scontro laterale fra veicoli in marcia;Incrocio;Una carreggiata a doppio senso;Bagnato (pioggia);Asfaltata;Verticale ed orizzontale;Pioggia in atto;Intenso;Buona;Ore Diurne;2;0;0;1;12.5082;41.9005;-1;2;Motociclo con passeggero;In marcia / fermata / arresto;Passeggero;M;Illeso;0;;;
4396417;12;27/05/2019 06:45:00;Strada Urbana;VIA OSTIENSE;da specificare;;;;dir. Roma 100 mt dopo svincolo Sheraton;Fuoriuscita dalla sede stradale;Rettilineo;Una carreggiata a doppio senso;Bagnato (pioggia);Asfaltata;Verticale ed orizzontale;Pioggia in atto;Intenso;Sufficiente;Ore Diurne;1;0;0;0;12.4696;41.8445;-1;1;Autovettura privata;In marcia / fermata / arresto;Conducente;M;Rimandato;0;NON DECEDUTO;;
4396437;8;27/05/2019 10:30:00;Strada Urbana;VIA ANDREA NOALE;in prossimità;;del civico n.;206;;Tamponamento Multiplo;Rettilineo;Una carreggiata a doppio senso;Bagnato (pioggia);Asfaltata;Verticale ed orizzontale;Pioggia in atto;Normale;Sufficiente;Ore Diurne;2;0;0;0;12.6217;41.9129;-1;1;Autovettura privata;In marcia / fermata / arresto;Conducente;M;Rifiuta cure immediate;0;NON DECEDUTO;Non accertato;Inesploso
4396437;8;27/05/2019 10:30:00;Strada Urbana;VIA ANDREA NOALE;in prossimità;;del civico n.;206;;Tamponamento Multiplo;Rettilineo;Una carreggiata a doppio senso;Bagnato (pioggia);Asfaltata;Verticale ed orizzontale;Pioggia in atto;Normale;Sufficiente;Ore Diurne;2;0;0;0;12.6217;41.9129;-1;2;Autovettura privata;In marcia / fermata / arresto;Conducente;F;Rifiuta cure immediate;0;NON DECEDUTO;Non accertato;Inesploso
4396437;8;27/05/2019 10:30:00;Strada Urbana;VIA ANDREA NOALE;in prossimità;;del civico n.;206;;Tamponamento Multiplo;Rettilineo;Una carreggiata a doppio senso;Bagnato (pioggia);Asfaltata;Verticale ed orizzontale;Pioggia in atto;Normale;Sufficiente;Ore Diurne;2;0;0;0;12.6217;41.9129;-1;3;Autovettura privata;Allontanatosi;;;;;;;
4396440;12;28/05/2019 09:10:00;Strada Urbana;VIALE DELL'AGRICOLTURA;in prossimità;;del palo luce n.;3;;Scontro frontale/laterale SX fra veicoli in marcia;Pendenza;Una carreggiata a doppio senso;Asciutto;Asfaltata;Verticale ed orizzontale;Nuvoloso;Normale;Buona;Ore Diurne;1;0;0;1;12.4726;41.8393;-1;1;Motociclo a solo;In marcia / fermata / arresto;Conducente;M;Rimandato;0;NON DECEDUTO;Non accertato;
4396440;12;28/05/2019 09:10:00;Strada Urbana;VIALE DELL'AGRICOLTURA;in prossimità;;del palo luce n.;3;;Scontro frontale/laterale SX fra veicoli in marcia;Pendenza;Una carreggiata a doppio senso;Asciutto;Asfaltata;Verticale ed orizzontale;Nuvoloso;Normale;Buona;Ore Diurne;1;0;0;1;12.4726;41.8393;-1;2;Autovettura privata;In marcia / fermata / arresto;Conducente;M;Illeso;0;;Non accertato;Inesploso
4396441;8;27/05/2019 17:50:00;Strada Urbana;VIA DELLA FONTANA DEL FINOCCHIO;all'intersezione con;VIA GAGLIANO CASTELFERRATO;VIA GAGLIANO CASTELFERRATO;;;Scontro frontale/laterale DX fra veicoli in marcia;Incrocio;Una carreggiata a doppio senso;Bagnato (pioggia);Asfaltata;Verticale ed orizzontale;Pioggia in atto;Normale;Sufficiente;Ore Diurne;1;0;0;1;12.6893;41.8554;-1;1;Autovettura privata;In marcia / fermata / arresto;Conducente;M;Illeso;0;;Non accertato;Inesploso
4396441;8;27/05/2019 17:50:00;Strada Urbana;VIA DELLA FONTANA DEL FINOCCHIO;all'intersezione con;VIA GAGLIANO CASTELFERRATO;VIA GAGLIANO CASTELFERRATO;;;Scontro frontale/laterale DX fra veicoli in marcia;Incrocio;Una carreggiata a doppio senso;Bagnato (pioggia);Asfaltata;Verticale ed orizzontale;Pioggia in atto;Normale;Sufficiente;Ore Diurne;1;0;0;1;12.6893;41.8554;-1;2;Autovettura privata;In marcia / fermata / arresto;Conducente;F;Rifiuta cure immediate;0;NON DECEDUTO;Non accertato;Inesploso
4396448;18;24/05/2019 16:30:00;Strada Urbana;VIA GREGORIO VII;in corrispondenza;;del civico n.;352;;Investimento di pedone;Rettilineo;Più di due carreggiate;Asciutto;Asfaltata;Verticale ed orizzontale;Sereno;Normale;Buona;Ore Diurne;1;0;0;1;12.4365;41.8939;-1;;;;Pedone;F;Rimandato;0;NON DECEDUTO;;
4396448;18;24/05/2019 16:30:00;Strada Urbana;VIA GREGORIO VII;in corrispondenza;;del civico n.;352;;Investimento di pedone;Rettilineo;Più di due carreggiate;Asciutto;Asfaltata;Verticale ed orizzontale;Sereno;Normale;Buona;Ore Diurne;1;0;0;1;12.4365;41.8939;-1;1;Autovettura privata;In marcia / fermata / arresto;Conducente;F;Illeso;0;;;
4396450;8;27/05/2019 11:15:00;Strada Urbana;VIA CASILINA;in corrispondenza;;del civico n.;1781;;Tamponamento;Rettilineo;Una carreggiata a doppio senso;Bagnato (pioggia);Asfaltata;Verticale;Pioggia in atto;Normale;Buona;Ore Diurne;0;0;0;2;12.6714;41.8643;-1;1;Autovettura privata;In marcia / fermata / arresto;Conducente;F;Illeso;0;;Non accertato;Inesploso
4396450;8;27/05/2019 11:15:00;Strada Urbana;VIA CASILINA;in corrispondenza;;del civico n.;1781;;Tamponamento;Rettilineo;Una carreggiata a doppio senso;Bagnato (pioggia);Asfaltata;Verticale;Pioggia in atto;Normale;Buona;Ore Diurne;0;0;0;2;12.6714;41.8643;-1;2;Autocarro inferiore 35 q.;In marcia / fermata / arresto;Conducente;M;Illeso;0;;;
4396454;8;27/05/2019 18:30:00;;VIA DI LUNGHEZZINA;da specificare;;;;50 M DOPO USCITA A24 DIR. VIA POLENSE;Scontro laterale fra veicoli in marcia;;;;;;;;;;0;0;0;3;12.708;41.9293;0;1;Autovettura privata;In marcia / fermata / arresto;Conducente;M;Illeso;0;;Non accertato;Inesploso
4396454;8;27/05/2019 18:30:00;;VIA DI LUNGHEZZINA;da specificare;;;;50 M DOPO USCITA A24 DIR. VIA POLENSE;Scontro laterale fra veicoli in marcia;;;;;;;;;;0;0;0;3;12.708;41.9293;0;2;Autovettura privata;In marcia / fermata / arresto;Conducente;M;Illeso;0;;Non accertato;Inesploso
4396454;8;27/05/2019 18:30:00;;VIA DI LUNGHEZZINA;da specificare;;;;50 M DOPO USCITA A24 DIR. VIA POLENSE;Scontro laterale fra veicoli in marcia;;;;;;;;;;0;0;0;3;12.708;41.9293;0;2;Autovettura privata;In marcia / fermata / arresto;Passeggero;M;Illeso;0;;Non accertato;Inesploso
4396463;8;27/05/2019 12:20:00;Strada Urbana;VIA ZAGAROLESE;in prossimità;;della chilometrica;5.4;;Veicolo in marcia contro ostacolo fisso;Curva senza visuale libera;Una carreggiata a doppio senso;Bagnato (pioggia);Asfaltata;Verticale ed orizzontale;Pioggia in atto;Normale;Buona;Ore Diurne;1;0;0;0;12.7622;41.9099;-1;1;Autovettura privata;In marcia / fermata / arresto;Conducente;F;Rimandato;0;NON DECEDUTO;Non accertato;Inesploso
4396473;4;27/05/2019 14:50:00;Provinciale entro l'abitato;VIA NOMENTANA;all'intersezione con;VIA DELLA CESARINA;VIA DELLA CESARINA;;;Scontro frontale/laterale DX fra veicoli in marcia;Intersezione stradale segnalata;Una carreggiata a doppio senso;Bagnato (pioggia);Asfaltata;Verticale;Pioggia in atto;Normale;Buona;Ore Diurne;0;0;0;2;12.5728;41.9579;-1;1;Autovettura privata;In marcia / fermata / arresto;Conducente;M;Illeso;0;;Non accertato;
4396473;4;27/05/2019 14:50:00;Provinciale entro l'abitato;VIA NOMENTANA;all'intersezione con;VIA DELLA CESARINA;VIA DELLA CESARINA;;;Scontro frontale/laterale DX fra veicoli in marcia;Intersezione stradale segnalata;Una carreggiata a doppio senso;Bagnato (pioggia);Asfaltata;Verticale;Pioggia in atto;Normale;Buona;Ore Diurne;0;0;0;2;12.5728;41.9579;-1;2;Autovettura privata;In marcia / fermata / arresto;Conducente;M;Illeso;0;;Non accertato;
4396474;8;27/05/2019 15:15:00;;VIA VINCENZO BONIFATI;in prossimità;;del palo luce n.;11;;Fuoriuscita dalla sede stradale;;;;;;;;;;0;0;0;3;12.6605;41.9164;0;1;Autovettura privata;In marcia / fermata / arresto;Conducente;F;Illeso;0;;;
4396474;8;27/05/2019 15:15:00;;VIA VINCENZO BONIFATI;in prossimità;;del palo luce n.;11;;Fuoriuscita dalla sede stradale;;;;;;;;;;0;0;0;3;12.6605;41.9164;0;1;Autovettura privata;In marcia / fermata / arresto;Passeggero;M;Illeso;0;;;
4396474;8;27/05/2019 15:15:00;;VIA VINCENZO BONIFATI;in prossimità;;del palo luce n.;11;;Fuoriuscita dalla sede stradale;;;;;;;;;;0;0;0;3;12.6605;41.9164;0;1;Autovettura privata;In marcia / fermata / arresto;Passeggero;M;Illeso;0;;;
4396486;8;27/05/2019 19:30:00;;VIALE DELL'ARCHIGINNASIO;all'intersezione con;VIALE GUIDO CARLI;VIALE GUIDO CARLI;;;Veicolo in marcia contro ostacolo fisso;;;;;;;;;;0;0;0;1;12.6398;41.8483;0;1;Autovettura privata;In marcia / fermata / arresto;Conducente;M;Illeso;0;;;
4396489;8;28/05/2019 00:05:00;;VIA DI LUNGHEZZINA;da specificare;;;;200 m svincolo A24 dir. via POLENSE;Veicolo in marcia contro ostacolo accidentale;;;;;;;;;;0;0;0;1;12.708;41.9293;0;1;Autovettura privata;In marcia / fermata / arresto;Conducente;M;Illeso;0;;;
4396491;8;28/05/2019 05:00:00;Strada Urbana;VIA DI TORRENOVA;in corrispondenza;;del civico n.;687;;Veicolo in marcia contro ostacolo accidentale;Curva a visuale libera;Una carreggiata a doppio senso;Asciutto;Asfaltata;Orizzontale;Sereno;Scarso;Sufficiente;Sufficiente;0;0;0;2;12.6237;41.8922;-1;1;Autovettura privata;In marcia / fermata / arresto;Conducente;F;Illeso;0;;Non accertato;Inesploso
4396491;8;28/05/2019 05:00:00;Strada Urbana;VIA DI TORRENOVA;in corrispondenza;;del civico n.;687;;Veicolo in marcia contro ostacolo accidentale;Curva a visuale libera;Una carreggiata a doppio senso;Asciutto;Asfaltata;Orizzontale;Sereno;Scarso;Sufficiente;Sufficiente;0;0;0;2;12.6237;41.8922;-1;1;Autovettura privata;In marcia / fermata / arresto;Passeggero;F;Illeso;0;;Non accertato;Inesploso
4396496;12;27/05/2019 19:00:00;Strada Urbana;VIALE CRISTOFORO COLOMBO;da specificare;;;;alt. 1780 (alt. parcheggio Elite);Scontro laterale fra veicoli in marcia;Rettilineo;Una carreggiata a senso unico di marcia;Bagnato (umidità in atto);Asfaltata;Orizzontale;Nuvoloso;Scarso;Buona;Ore Diurne;0;0;0;4;12.4356;41.7958;-1;1;Autovettura privata;In marcia / fermata / arresto;Conducente;M;Illeso;0;;;
4396496;12;27/05/2019 19:00:00;Strada Urbana;VIALE CRISTOFORO COLOMBO;da specificare;;;;alt. 1780 (alt. parcheggio Elite);Scontro laterale fra veicoli in marcia;Rettilineo;Una carreggiata a senso unico di marcia;Bagnato (umidità in atto);Asfaltata;Orizzontale;Nuvoloso;Scarso;Buona;Ore Diurne;0;0;0;4;12.4356;41.7958;-1;1;Autovettura privata;In marcia / fermata / arresto;Passeggero;F;Illeso;0;;;
4396496;12;27/05/2019 19:00:00;Strada Urbana;VIALE CRISTOFORO COLOMBO;da specificare;;;;alt. 1780 (alt. parcheggio Elite);Scontro laterale fra veicoli in marcia;Rettilineo;Una carreggiata a senso unico di marcia;Bagnato (umidità in atto);Asfaltata;Orizzontale;Nuvoloso;Scarso;Buona;Ore Diurne;0;0;0;4;12.4356;41.7958;-1;1;Autovettura privata;In marcia / fermata / arresto;Passeggero;M;Illeso;0;;;
4396496;12;27/05/2019 19:00:00;Strada Urbana;VIALE CRISTOFORO COLOMBO;da specificare;;;;alt. 1780 (alt. parcheggio Elite);Scontro laterale fra veicoli in marcia;Rettilineo;Una carreggiata a senso unico di marcia;Bagnato (umidità in atto);Asfaltata;Orizzontale;Nuvoloso;Scarso;Buona;Ore Diurne;0;0;0;4;12.4356;41.7958;-1;2;Autovettura privata;In marcia / fermata / arresto;Conducente;M;Illeso;0;;;
4396504;18;28/05/2019 10:10:00;Strada Urbana;VIA DOMENICO BARONE;in corrispondenza;;del civico n.;41;;Scontro laterale fra veicoli in marcia;Rettilineo;Una carreggiata a senso unico di marcia;Asciutto;Asfaltata;Verticale ed orizzontale;Nuvoloso;Scarso;Buona;Ore Diurne;0;0;0;2;12.4394;41.8949;-1;1;Autocarro inferiore 35 q.;In marcia / fermata / arresto;Conducente;M;Illeso;0;;Non accertato;Inesploso
4396504;18;28/05/2019 10:10:00;Strada Urbana;VIA DOMENICO BARONE;in corrispondenza;;del civico n.;41;;Scontro laterale fra veicoli in marcia;Rettilineo;Una carreggiata a senso unico di marcia;Asciutto;Asfaltata;Verticale ed orizzontale;Nuvoloso;Scarso;Buona;Ore Diurne;0;0;0;2;12.4394;41.8949;-1;2;Autovettura privata;In marcia / fermata / arresto;Conducente;F;Illeso;0;;Non accertato;Inesploso
4396512;12;27/05/2019 09:25:00;Strada Urbana;VIALE OCEANO ATLANTICO ;all'intersezione con;PIAZZALE XXV MARZO 1957;PIAZZALE XXV MARZO 1957;;;Scontro laterale fra veicoli in marcia;Incrocio;Due carreggiate;Bagnato (pioggia);Asfaltata;Verticale ed orizzontale;Pioggia in atto;Normale;Sufficiente;Ore Diurne;0;0;0;2;12.4716;41.8202;-1;1;Autovettura privata;In marcia / fermata / arresto;Conducente;M;Illeso;0;;Utilizzato;Inesploso
4396512;12;27/05/2019 09:25:00;Strada Urbana;VIALE OCEANO ATLANTICO ;all'intersezione con;PIAZZALE XXV MARZO 1957;PIAZZALE XXV MARZO 1957;;;Scontro laterale fra veicoli in marcia;Incrocio;Due carreggiate;Bagnato (pioggia);Asfaltata;Verticale ed orizzontale;Pioggia in atto;Normale;Sufficiente;Ore Diurne;0;0;0;2;12.4716;41.8202;-1;2;Autovettura privata;In marcia / fermata / arresto;Conducente;M;Illeso;0;;Utilizzato;Inesploso
4396545;12;27/05/2019 21:30:00;Statale entro l'abitato;VIA OSTIENSE;da specificare;;;;altezza Via Monte del Finocchio;Scontro frontale fra veicoli in marcia;Rettilineo;Una carreggiata a doppio senso;Bagnato (pioggia);Asfaltata;Verticale ed orizzontale;Nuvoloso;Normale;Insufficiente;Inesistente;0;0;0;2;12.4538;41.8331;0;1;Autovettura privata;In marcia / fermata / arresto;Conducente;M;Illeso;0;;;
4396545;12;27/05/2019 21:30:00;Statale entro l'abitato;VIA OSTIENSE;da specificare;;;;altezza Via Monte del Finocchio;Scontro frontale fra veicoli in marcia;Rettilineo;Una carreggiata a doppio senso;Bagnato (pioggia);Asfaltata;Verticale ed orizzontale;Nuvoloso;Normale;Insufficiente;Inesistente;0;0;0;2;12.4538;41.8331;0;2;Autovettura privata;In marcia / fermata / arresto;Conducente;M;Illeso;0;;;
4396565;12;27/05/2019;Strada Urbana;VIA DI TOR PAGNOTTA;da specificare;;;;rotatoria alt. Via della Cecchignola;Scontro frontale fra veicoli in marcia;Rotatoria;Una carreggiata a senso unico di marcia;Asciutto;Asfaltata;Verticale ed orizzontale;Sereno;Normale;Buona;Ore Diurne;0;0;0;2;12.5061;41.8038;-1;1;Autovettura di polizia;In marcia / fermata / arresto;Conducente;M;Illeso;0;;Non accertato;Inesploso
4396565;12;27/05/2019;Strada Urbana;VIA DI TOR PAGNOTTA;da specificare;;;;rotatoria alt. Via della Cecchignola;Scontro frontale fra veicoli in marcia;Rotatoria;Una carreggiata a senso unico di marcia;Asciutto;Asfaltata;Verticale ed orizzontale;Sereno;Normale;Buona;Ore Diurne;0;0;0;2;12.5061;41.8038;-1;2;Autovettura privata;In marcia / fermata / arresto;Conducente;M;Illeso;0;;Non accertato;Inesploso
4396587;11;28/05/2019 10:30:00;Strada Urbana;VIA CRISTOFORO COLOMBO;in prossimità;;del palo luce n.;301;;Tamponamento Multiplo;Rettilineo;Più di due carreggiate;Asciutto;Asfaltata;Verticale ed orizzontale;Nuvoloso;Normale;Buona;Ore Diurne;0;0;0;4;12.4809;41.8472;-1;1;Autovettura privata;In marcia / fermata / arresto;Conducente;F;Illeso;0;;Non accertato;Inesploso
4396587;11;28/05/2019 10:30:00;Strada Urbana;VIA CRISTOFORO COLOMBO;in prossimità;;del palo luce n.;301;;Tamponamento Multiplo;Rettilineo;Più di due carreggiate;Asciutto;Asfaltata;Verticale ed orizzontale;Nuvoloso;Normale;Buona;Ore Diurne;0;0;0;4;12.4809;41.8472;-1;1;Autovettura privata;In marcia / fermata / arresto;Passeggero;M;Illeso;0;;Non accertato;Inesploso
4396587;11;28/05/2019 10:30:00;Strada Urbana;VIA CRISTOFORO COLOMBO;in prossimità;;del palo luce n.;301;;Tamponamento Multiplo;Rettilineo;Più di due carreggiate;Asciutto;Asfaltata;Verticale ed orizzontale;Nuvoloso;Normale;Buona;Ore Diurne;0;0;0;4;12.4809;41.8472;-1;2;Autovettura privata;In marcia / fermata / arresto;Conducente;M;Illeso;0;;Non accertato;Inesploso
4396587;11;28/05/2019 10:30:00;Strada Urbana;VIA CRISTOFORO COLOMBO;in prossimità;;del palo luce n.;301;;Tamponamento Multiplo;Rettilineo;Più di due carreggiate;Asciutto;Asfaltata;Verticale ed orizzontale;Nuvoloso;Normale;Buona;Ore Diurne;0;0;0;4;12.4809;41.8472;-1;3;Autovettura privata;In marcia / fermata / arresto;Conducente;M;Illeso;0;;Non accertato;Inesploso
4396591;18;24/05/2019 09:30:00;Strada Urbana;VIA DI BOCCEA;all'intersezione con;VIA FEDERICO GALEOTTI;VIA FEDERICO GALEOTTI;;;Veicolo in marcia contro ostacolo accidentale;Intersezione non regolata/non segnalata;Una carreggiata a doppio senso;Asciutto;Asfaltata;Verticale ed orizzontale;Sereno;Intenso;Buona;Ore Diurne;0;0;0;1;12.424;41.9025;-1;2;Autovettura privata;In marcia / fermata / arresto;Conducente;M;Illeso;0;;Non accertato;Inesploso
4396602;2;27/05/2019 23:50:00;Strada Urbana;Tangenziale Est;da specificare;;;;DIR. SALARIA ALT. STAZ. TIBURTINA;Veicolo in marcia contro ostacolo fisso;Curva a visuale libera;Una carreggiata a senso unico di marcia;Bagnato (pioggia);Asfaltata;Verticale ed orizzontale;Pioggia in atto;Scarso;Insufficiente;Insufficiente;1;0;0;0;12.5282;41.9181;-1;1;Motociclo a solo;In marcia / fermata / arresto;Conducente;M;Ricoverato;0;NON DECEDUTO;;
4396608;2;27/05/2019 21:25:00;Strada Urbana;PIAZZA UNGHERIA;all'intersezione con;VIALE ROMANIA;VIALE ROMANIA;;;Scontro laterale fra veicoli in marcia;Incrocio;Più di due carreggiate;Bagnato (pioggia);Asfaltata;Verticale ed orizzontale;Pioggia in atto;Intenso;Sufficiente;Sufficiente;0;0;0;3;12.4927;41.9225;-1;1;Autovettura privata;In marcia / fermata / arresto;Conducente;M;Illeso;0;;Non accertato;Inesploso
4396608;2;27/05/2019 21:25:00;Strada Urbana;PIAZZA UNGHERIA;all'intersezione con;VIALE ROMANIA;VIALE ROMANIA;;;Scontro laterale fra veicoli in marcia;Incrocio;Più di due carreggiate;Bagnato (pioggia);Asfaltata;Verticale ed orizzontale;Pioggia in atto;Intenso;Sufficiente;Sufficiente;0;0;0;3;12.4927;41.9225;-1;2;Autovettura privata;In marcia / fermata / arresto;Conducente;F;Illeso;0;;Non accertato;Inesploso
4396608;2;27/05/2019 21:25:00;Strada Urbana;PIAZZA UNGHERIA;all'intersezione con;VIALE ROMANIA;VIALE ROMANIA;;;Scontro laterale fra veicoli in marcia;Incrocio;Più di due carreggiate;Bagnato (pioggia);Asfaltata;Verticale ed orizzontale;Pioggia in atto;Intenso;Sufficiente;Sufficiente;0;0;0;3;12.4927;41.9225;-1;2;Autovettura privata;In marcia / fermata / arresto;Passeggero;F;Illeso;0;;Non accertato;Inesploso
4396620;2;27/05/2019 11:20:00;Strada Urbana;SOTTOVIA IGNAZIO GUIDI;da specificare;;;;alt. rampa uscita NOMENTANA;Veicolo in marcia contro ostacolo fisso;Curva senza visuale libera;Una carreggiata a senso unico di marcia;Bagnato (pioggia);Asfaltata;Verticale ed orizzontale;Nuvoloso;Normale;Buona;Ore Diurne;1;0;0;0;12.5014;41.9096;-1;1;Autovettura privata;In marcia / fermata / arresto;Conducente;F;Rimandato;0;NON DECEDUTO;Non accertato;Inesploso
4396629;2;27/05/2019 10:00:00;Strada Urbana;VIA LARIANA;in corrispondenza;;del civico n.;13;;Scontro laterale fra veicoli in marcia;Rettilineo;Una carreggiata a senso unico di marcia;Asciutto;Asfaltata;Verticale ed orizzontale;Sereno;Normale;Buona;Ore Diurne;0;0;0;2;12.5047;41.9241;-1;1;Autovettura privata;In marcia / fermata / arresto;Conducente;M;Illeso;0;;Non accertato;Inesploso