Protocollo;Gruppo;DataOraIncidente;Localizzazione1;STRADA1;Localizzazione2;STRADA2;Strada02;Chilometrica;DaSpecificare;NaturaIncidente;particolaritastrade;TipoStrada;FondoStradale;Pavimentazione;Segnaletica;CondizioneAtmosferica;Traffico;Visibilita;Illuminazione;NUM_FERITI;NUM_RISERVATA;NUM_MORTI;NUM_ILLESI;Longitudine;Latitudine;Confermato;Progressivo;TipoVeicolo;StatoVeicolo;TipoPersona;Sesso;Tipolesione;Deceduto;DecedutoDopo;CinturaCascoUtilizzato;Airbag;
4398963;10;29/05/2019 13:20:00;Strada Urbana;VIA TUSCOLANA;all'intersezione con;VIA VINCENZO LAMARO;VIA VINCENZO LAMARO;;;Veicolo in marcia contro veicolo in sosta;Incrocio;Due carreggiate;Asciutto;Asfaltata;Verticale ed orizzontale;Nuvoloso;Normale;Buona;Ore Diurne;0;0;0;1;12.5721;41.8511;-1;2;Autovettura privata;Sosta;;;;;;;
4398963;10;29/05/2019 13:20:00;Strada Urbana;VIA TUSCOLANA;all'intersezione con;VIA VINCENZO LAMARO;VIA VINCENZO LAMARO;;;Veicolo in marcia contro veicolo in sosta;Incrocio;Due carreggiate;Asciutto;Asfaltata;Verticale ed orizzontale;Nuvoloso;Normale;Buona;Ore Diurne;0;0;0;1;12.5721;41.8511;-1;3;Autovettura privata;Sosta;;;;;;;
4398963;10;29/05/2019 13:20:00;Strada Urbana;VIA TUSCOLANA;all'intersezione con;VIA VINCENZO LAMARO;VIA VINCENZO LAMARO;;;Veicolo in marcia contro veicolo in sosta;Incrocio;Due carreggiate;Asciutto;Asfaltata;Verticale ed orizzontale;Nuvoloso;Normale;Buona;Ore Diurne;0;0;0;1;12.5721;41.8511;-1;4;Autovettura privata;Sosta;;;;;;;
4398963;10;29/05/2019 13:20:00;Strada Urbana;VIA TUSCOLANA;all'intersezione con;VIA VINCENZO LAMARO;VIA VINCENZO LAMARO;;;Veicolo in marcia contro veicolo in sosta;Incrocio;Due carreggiate;Asciutto;Asfaltata;Verticale ed orizzontale;Nuvoloso;Normale;Buona;Ore Diurne;0;0;0;1;12.5721;41.8511;-1;5;Autovettura privata;Sosta;;;;;;;
4398992;1;27/05/2019 14:15:00;Strada Urbana;VIA CAVOUR;all'intersezione semaforizzata con;VIA FARINI;VIA FARINI;;;Tamponamento Multiplo;Intersezione semaforizzata;Una carreggiata a doppio senso;Bagnato (pioggia);Asfaltata;Verticale;Pioggia in atto;Normale;Buona;Ore Diurne;0;0;0;3;12.4952;41.8966;-1;1;Autovettura pubblica;In marcia / fermata / arresto;Conducente;M;Illeso;0;;Non accertato;Inesploso
4398992;1;27/05/2019 14:15:00;Strada Urbana;VIA CAVOUR;all'intersezione semaforizzata con;VIA FARINI;VIA FARINI;;;Tamponamento Multiplo;Intersezione semaforizzata;Una carreggiata a doppio senso;Bagnato (pioggia);Asfaltata;Verticale;Pioggia in atto;Normale;Buona;Ore Diurne;0;0;0;3;12.4952;41.8966;-1;2;Autovettura privata;In marcia / fermata / arresto;Conducente;M;Illeso;0;;Non accertato;Inesploso
4398992;1;27/05/2019 14:15:00;Strada Urbana;VIA CAVOUR;all'intersezione semaforizzata con;VIA FARINI;VIA FARINI;;;Tamponamento Multiplo;Intersezione semaforizzata;Una carreggiata a doppio senso;Bagnato (pioggia);Asfaltata;Verticale;Pioggia in atto;Normale;Buona;Ore Diurne;0;0;0;3;12.4952;41.8966;-1;3;Vettura tranviaria;In marcia / fermata / arresto;Conducente;M;Illeso;0;;Esente;
4399038;7;29/05/2019 14:00:00;Strada Urbana;VIA DEI FIORI;all'intersezione con;VIA DEL CAMPO;VIA DEL CAMPO;;;Scontro frontale/laterale SX fra veicoli in marcia;Incrocio;Una carreggiata a senso unico di marcia;Asciutto;Asfaltata;Verticale ed orizzontale;Nuvoloso;Normale;Buona;Ore Diurne;1;0;0;0;12.5773;41.8768;0;1;Autovettura privata;In marcia / fermata / arresto;Conducente;M;Rimandato;0;NON DECEDUTO;Non accertato;Inesploso
4399038;7;29/05/2019 14:00:00;Strada Urbana;VIA DEI FIORI;all'intersezione con;VIA DEL CAMPO;VIA DEL CAMPO;;;Scontro frontale/laterale SX fra veicoli in marcia;Incrocio;Una carreggiata a senso unico di marcia;Asciutto;Asfaltata;Verticale ed orizzontale;Nuvoloso;Normale;Buona;Ore Diurne;1;0;0;0;12.5773;41.8768;0;2;Autovettura privata;Allontanatosi;;;;;;;
4399044;1;29/05/2019 10:00:00;Strada Urbana;VIA DEL CORSO;in prossimità;;del civico n.;101;;Veicolo in marcia contro ostacolo fisso;Rettilineo;Una carreggiata a senso unico di marcia;Asciutto;Asfaltata;Verticale ed orizzontale;Nuvoloso;Scarso;Buona;Ore Diurne;0;0;0;1;;;0;1;Veicolo speciale;In marcia / fermata / arresto;Conducente;M;Illeso;0;;Non accertato;Inesploso
4399061;12;29/05/2019 13:25:00;Strada Urbana;VIA CRISTOFORO COLOMBO;da specificare;;;;direz. GRA pross. Palo luce n. 348;Scontro laterale fra veicoli in marcia;Rettilineo;Più di due carreggiate;Asciutto;Asfaltata;Verticale ed orizzontale;Sereno;Normale;Buona;Ore Diurne;0;0;0;3;12.4494;41.8048;-1;1;Autobus di linea;In marcia / fermata / arresto;Conducente;M;Illeso;0;;Non accertato;Inesploso
4399061;12;29/05/2019 13:25:00;Strada Urbana;VIA CRISTOFORO COLOMBO;da specificare;;;;direz. GRA pross. Palo luce n. 348;Scontro laterale fra veicoli in marcia;Rettilineo;Più di due carreggiate;Asciutto;Asfaltata;Verticale ed orizzontale;Sereno;Normale;Buona;Ore Diurne;0;0;0;3;12.4494;41.8048;-1;2;Autovettura pubblica;In marcia / fermata / arresto;Conducente;M;Illeso;0;;Non accertato;Inesploso
4399061;12;29/05/2019 13:25:00;Strada Urbana;VIA CRISTOFORO COLOMBO;da specificare;;;;direz. GRA pross. Palo luce n. 348;Scontro laterale fra veicoli in marcia;Rettilineo;Più di due carreggiate;Asciutto;Asfaltata;Verticale ed orizzontale;Sereno;Normale;Buona;Ore Diurne;0;0;0;3;12.4494;41.8048;-1;3;Autocarro inferiore 35 q.;In marcia / fermata / arresto;Conducente;M;Illeso;0;;Non accertato;Inesploso
4399087;1;28/05/2019 11:45:00;Strada Urbana;VIA DEGLI ARTISTI;in corrispondenza;;del civico n.;40;;Veicolo in marcia contro ostacolo fisso;Rettilineo;Una carreggiata a senso unico di marcia;Asciutto;In cubetti di porfido;Verticale ed orizzontale;Nuvoloso;Scarso;Buona;Ore Diurne;0;0;0;1;12.4866;41.9059;-1;1;Motociclo a solo;In marcia / fermata / arresto;Conducente;M;Illeso;0;;;
4399119;9;29/05/2019 13:00:00;Strada Urbana;VIA TODI;in prossimità;;del civico n.;75;;Scontro laterale fra veicoli in marcia;Rettilineo;Una carreggiata a doppio senso;Asciutto;Asfaltata;Assente;Nuvoloso;Scarso;Buona;Ore Diurne;1;0;0;1;12.5298;41.8804;-1;1;Autovettura privata;In marcia / fermata / arresto;Conducente;F;Illeso;0;;Non accertato;Inesploso
4399119;9;29/05/2019 13:00:00;Strada Urbana;VIA TODI;in prossimità;;del civico n.;75;;Scontro laterale fra veicoli in marcia;Rettilineo;Una carreggiata a doppio senso;Asciutto;Asfaltata;Assente;Nuvoloso;Scarso;Buona;Ore Diurne;1;0;0;1;12.5298;41.8804;-1;2;Motociclo a solo;In marcia / fermata / arresto;Conducente;M;Rimandato;0;NON DECEDUTO;Non accertato;
4399156;1;28/05/2019 19:40:00;Strada Urbana;VIA DI S. GREGORIO;all'intersezione con;VIA DEI CERCHI;VIA DEI CERCHI;;;Scontro laterale fra veicoli in marcia;Intersezione stradale segnalata;Due carreggiate;Bagnato (umidità in atto);Asfaltata;Verticale ed orizzontale;Nuvoloso;Normale;Buona;Ore Diurne;1;0;0;1;12.4894;41.8849;-1;1;Autovettura privata;In marcia / fermata / arresto;Conducente;M;Illeso;0;;Non accertato;Inesploso
4399156;1;28/05/2019 19:40:00;Strada Urbana;VIA DI S. GREGORIO;all'intersezione con;VIA DEI CERCHI;VIA DEI CERCHI;;;Scontro laterale fra veicoli in marcia;Intersezione stradale segnalata;Due carreggiate;Bagnato (umidità in atto);Asfaltata;Verticale ed orizzontale;Nuvoloso;Normale;Buona;Ore Diurne;1;0;0;1;12.4894;41.8849;-1;2;Motociclo a solo;In marcia / fermata / arresto;Conducente;M;Rimandato;0;NON DECEDUTO;Non accertato;
4399162;1;28/05/2019 16:00:00;Strada Urbana;VIA MILAZZO;in prossimità;;del civico n.;24;;Veicolo in marcia contro veicolo in sosta;Rettilineo;Una carreggiata a senso unico di marcia;Asciutto;Asfaltata;Verticale ed orizzontale;Sereno;Normale;Buona;Ore Diurne;0;0;0;1;12.5051;41.9025;-1;1;Autovettura privata;In marcia / fermata / arresto;Conducente;M;Illeso;0;;Non accertato;
4399162;1;28/05/2019 16:00:00;Strada Urbana;VIA MILAZZO;in prossimità;;del civico n.;24;;Veicolo in marcia contro veicolo in sosta;Rettilineo;Una carreggiata a senso unico di marcia;Asciutto;Asfaltata;Verticale ed orizzontale;Sereno;Normale;Buona;Ore Diurne;0;0;0;1;12.5051;41.9025;-1;2;Autovettura di polizia;Sosta;;;;;;;
4399273;1;29/05/2019 07:35:00;Strada Urbana;VIA MARSALA;in prossimità;;del civico n.;85;;Scontro frontale/laterale DX fra veicoli in marcia;Rettilineo;Una carreggiata a doppio senso;Asciutto;In cubetti di porfido;Verticale ed orizzontale;Nuvoloso;Scarso;Buona;Ore Diurne;1;0;0;1;12.5075;41.8991;-1;1;Autovettura privata;In marcia / fermata / arresto;Conducente;M;Illeso;0;;Non accertato;Inesploso
4399273;1;29/05/2019 07:35:00;Strada Urbana;VIA MARSALA;in prossimità;;del civico n.;85;;Scontro frontale/laterale DX fra veicoli in marcia;Rettilineo;Una carreggiata a doppio senso;Asciutto;In cubetti di porfido;Verticale ed orizzontale;Nuvoloso;Scarso;Buona;Ore Diurne;1;0;0;1;12.5075;41.8991;-1;2;Motociclo a solo;In marcia / fermata / arresto;Conducente;M;Rimandato;0;NON DECEDUTO;Non accertato;
4399315;1;28/05/2019 13:45:00;Strada Urbana;LUNGOTEVERE DEI SANGALLO;da specificare;;;;altezza LARGO DEI FIORENTINI;Tamponamento;Rettilineo;Una carreggiata a senso unico di marcia;Asciutto;Asfaltata;Verticale ed orizzontale;Sereno;Normale;Buona;Ore Diurne;0;0;0;2;12.4645;41.8991;-1;1;Motociclo a solo;In marcia / fermata / arresto;Conducente;M;Illeso;0;;Non accertato;
4399315;1;28/05/2019 13:45:00;Strada Urbana;LUNGOTEVERE DEI SANGALLO;da specificare;;;;altezza LARGO DEI FIORENTINI;Tamponamento;Rettilineo;Una carreggiata a senso unico di marcia;Asciutto;Asfaltata;Verticale ed orizzontale;Sereno;Normale;Buona;Ore Diurne;0;0;0;2;12.4645;41.8991;-1;2;Motociclo a solo;In marcia / fermata / arresto;Conducente;M;Illeso;0;;Non accertato;
4399335;1;28/05/2019 07:40:00;Strada Urbana;PIAZZA DELLA CONSOLAZIONE;in prossimità;;del civico n.;39;;Veicolo in marcia contro veicolo in sosta;Rettilineo;Una carreggiata a senso unico di marcia;Bagnato (umidità in atto);In cubetti di porfido;Orizzontale;Nuvoloso;Scarso;Buona;Ore Diurne;0;0;0;1;12.482;41.8911;-1;1;Autovettura privata;Sosta;;;;;;;
4399335;1;28/05/2019 07:40:00;Strada Urbana;PIAZZA DELLA CONSOLAZIONE;in prossimità;;del civico n.;39;;Veicolo in marcia contro veicolo in sosta;Rettilineo;Una carreggiata a senso unico di marcia;Bagnato (umidità in atto);In cubetti di porfido;Orizzontale;Nuvoloso;Scarso;Buona;Ore Diurne;0;0;0;1;12.482;41.8911;-1;2;Autovettura privata;In marcia / fermata / arresto;Conducente;M;Illeso;0;;;
4399369;1;28/05/2019 21:15:00;Strada Urbana;PIAZZA DELL'INDIPENDENZA;in prossimità;;del civico n.;28;;Investimento di pedone;Rettilineo;Una carreggiata a doppio senso;Asciutto;Asfaltata;Verticale ed orizzontale;Nuvoloso;Normale;Sufficiente;Sufficiente;1;0;0;1;12.5015;41.9048;-1;;;;Pedone;F;Rimandato;0;NON DECEDUTO;;
4399369;1;28/05/2019 21:15:00;Strada Urbana;PIAZZA DELL'INDIPENDENZA;in prossimità;;del civico n.;28;;Investimento di pedone;Rettilineo;Una carreggiata a doppio senso;Asciutto;Asfaltata;Verticale ed orizzontale;Nuvoloso;Normale;Sufficiente;Sufficiente;1;0;0;1;12.5015;41.9048;-1;1;Autobus turistico;In marcia / fermata / arresto;Conducente;F;Illeso;0;;Non accertato;Inesploso
4399388;17;29/05/2019 10:40:00;Strada Urbana;VIA TRIONFALE;all'intersezione con;VIA CUNFIDA;VIA CUNFIDA;;;Scontro frontale/laterale DX fra veicoli in marcia;Incrocio;Una carreggiata a doppio senso;Asciutto;Asfaltata;Orizzontale;Nuvoloso;Normale;Buona;Ore Diurne;1;0;0;1;12.4229;41.9409;-1;1;Autovettura privata;In marcia / fermata / arresto;Conducente;M;Illeso;0;;;
4399388;17;29/05/2019 10:40:00;Strada Urbana;VIA TRIONFALE;all'intersezione con;VIA CUNFIDA;VIA CUNFIDA;;;Scontro frontale/laterale DX fra veicoli in marcia;Incrocio;Una carreggiata a doppio senso;Asciutto;Asfaltata;Orizzontale;Nuvoloso;Normale;Buona;Ore Diurne;1;0;0;1;12.4229;41.9409;-1;2;Motociclo a solo;In marcia / fermata / arresto;Conducente;M;Rifiuta cure immediate;0;NON DECEDUTO;;
4399424;1;29/05/2019 14:00:00;Strada Urbana;PONTE CAVOUR;all'intersezione semaforizzata con;LUNGOTEVERE MARZIO;LUNGOTEVERE MARZIO;;;Tamponamento;Intersezione semaforizzata;Una carreggiata a doppio senso;Asciutto;In cubetti di porfido;Verticale ed orizzontale;Nuvoloso;Normale;Buona;Ore Diurne;0;0;0;2;12.475;41.9049;-1;1;Motociclo a solo;In marcia / fermata / arresto;Conducente;M;Illeso;0;;Non accertato;
4399424;1;29/05/2019 14:00:00;Strada Urbana;PONTE CAVOUR;all'intersezione semaforizzata con;LUNGOTEVERE MARZIO;LUNGOTEVERE MARZIO;;;Tamponamento;Intersezione semaforizzata;Una carreggiata a doppio senso;Asciutto;In cubetti di porfido;Verticale ed orizzontale;Nuvoloso;Normale;Buona;Ore Diurne;0;0;0;2;12.475;41.9049;-1;2;Autovettura privata;In marcia / fermata / arresto;Conducente;M;Illeso;0;;Non accertato;Inesploso
4399430;10;29/05/2019 17:55:00;Strada Urbana;VIA APPIA NUOVA;all'intersezione semaforizzata con;VIA DELLE CAPANNELLE;VIA DELLE CAPANNELLE;;;Scontro laterale fra veicoli in marcia;Intersezione semaforizzata;Una carreggiata a senso unico di marcia;Asciutto;Asfaltata;Verticale ed orizzontale;Nuvoloso;Normale;Buona;Ore Diurne;1;0;0;1;12.562;41.8246;-1;1;Autovettura privata;In marcia / fermata / arresto;Conducente;M;Illeso;0;;Non accertato;Inesploso
4399430;10;29/05/2019 17:55:00;Strada Urbana;VIA APPIA NUOVA;all'intersezione semaforizzata con;VIA DELLE CAPANNELLE;VIA DELLE CAPANNELLE;;;Scontro laterale fra veicoli in marcia;Intersezione semaforizzata;Una carreggiata a senso unico di marcia;Asciutto;Asfaltata;Verticale ed orizzontale;Nuvoloso;Normale;Buona;Ore Diurne;1;0;0;1;12.562;41.8246;-1;2;Motociclo a solo;In marcia / fermata / arresto;Conducente;M;Rimandato;0;NON DECEDUTO;Utilizzato;
4399434;19;29/05/2019 08:20:00;Strada Urbana;VIA PIETRO BEMBO;in prossimità;;del civico n.;142;;Tamponamento;Rettilineo;Una carreggiata a doppio senso;Bagnato (pioggia);Asfaltata;Orizzontale;Nuvoloso;Normale;Buona;Ore Diurne;0;0;0;2;12.4107;41.9159;-1;1;Autovettura privata;In marcia / fermata / arresto;Conducente;F;Illeso;0;;Non accertato;
4399434;19;29/05/2019 08:20:00;Strada Urbana;VIA PIETRO BEMBO;in prossimità;;del civico n.;142;;Tamponamento;Rettilineo;Una carreggiata a doppio senso;Bagnato (pioggia);Asfaltata;Orizzontale;Nuvoloso;Normale;Buona;Ore Diurne;0;0;0;2;12.4107;41.9159;-1;2;Autovettura privata;In marcia / fermata / arresto;Conducente;M;Illeso;0;;Non accertato;
4399440;10;28/05/2019 14:20:00;Strada Urbana;VIA TUSCOLANA;in prossimità;;del civico n.;2086;;Veicolo in marcia contro ostacolo accidentale;Rettilineo;Una carreggiata a senso unico di marcia;Asciutto;Con buche;Assente;Nuvoloso;Scarso;Buona;Ore Diurne;0;0;0;1;12.6229;41.8282;-1;1;Autovettura privata;In marcia / fermata / arresto;Conducente;F;Illeso;0;;Non accertato;Inesploso
4399442;19;29/05/2019 09:30:00;Strada Urbana;VIA FEDERICO BORROMEO;all'intersezione con;VIA GIUSEPPE MEZZOFANTI;VIA GIUSEPPE MEZZOFANTI;;;Scontro laterale fra veicoli in marcia;Intersezione stradale segnalata;Una carreggiata a doppio senso;Asciutto;Asfaltata;Verticale;Nuvoloso;Normale;Buona;Ore Diurne;1;0;0;1;12.4148;41.915;-1;1;Autovettura privata;In marcia / fermata / arresto;Conducente;F;Illeso;0;;Non accertato;Inesploso
4399442;19;29/05/2019 09:30:00;Strada Urbana;VIA FEDERICO BORROMEO;all'intersezione con;VIA GIUSEPPE MEZZOFANTI;VIA GIUSEPPE MEZZOFANTI;;;Scontro laterale fra veicoli in marcia;Intersezione stradale segnalata;Una carreggiata a doppio senso;Asciutto;Asfaltata;Verticale;Nuvoloso;Normale;Buona;Ore Diurne;1;0;0;1;12.4148;41.915;-1;2;Motociclo a solo;In marcia / fermata / arresto;Conducente;F;Rifiuta cure immediate;0;NON DECEDUTO;Non accertato;
4399443;1;29/05/2019 15:30:00;Strada Urbana;VIA GERMANO SOMMEILLER;in corrispondenza;;del civico n.;26;;Scontro frontale/laterale SX fra veicoli in marcia;Rettilineo;Una carreggiata a doppio senso;Bagnato (pioggia);Asfaltata;Verticale ed orizzontale;Nuvoloso;Scarso;Sufficiente;Ore Diurne;1;0;0;1;12.5131;41.8894;-1;1;Motociclo a solo;In marcia / fermata / arresto;Conducente;M;Rimandato;0;NON DECEDUTO;;
4399443;1;29/05/2019 15:30:00;Strada Urbana;VIA GERMANO SOMMEILLER;in corrispondenza;;del civico n.;26;;Scontro frontale/laterale SX fra veicoli in marcia;Rettilineo;Una carreggiata a doppio senso;Bagnato (pioggia);Asfaltata;Verticale ed orizzontale;Nuvoloso;Scarso;Sufficiente;Ore Diurne;1;0;0;1;12.5131;41.8894;-1;2;Autovettura privata;In marcia / fermata / arresto;Conducente;M;Illeso;0;;Non accertato;Inesploso
4399450;12;28/05/2019 19:40:00;Strada Urbana;VIALE OCEANO ATLANTICO ;da specificare;;;;prox Piazzale 25 marzo 1957;Scontro laterale fra veicoli in marcia;Rettilineo;Due carreggiate;Bagnato (umidità in atto);Asfaltata;Verticale ed orizzontale;Nuvoloso;Normale;Sufficiente;Ore Diurne;0;0;0;2;12.4638;41.8185;-1;1;Autovettura privata;In marcia / fermata / arresto;Conducente;M;Illeso;0;;;
4399450;12;28/05/2019 19:40:00;Strada Urbana;VIALE OCEANO ATLANTICO ;da specificare;;;;prox Piazzale 25 marzo 1957;Scontro laterale fra veicoli in marcia;Rettilineo;Due carreggiate;Bagnato (umidità in atto);Asfaltata;Verticale ed orizzontale;Nuvoloso;Normale;Sufficiente;Ore Diurne;0;0;0;2;12.4638;41.8185;-1;2;Autovettura privata;In marcia / fermata / arresto;Conducente;M;Illeso;0;;;
4399458;19;29/05/2019 12:10:00;Strada Urbana;VIA DELLA LUCCHINA;all'intersezione semaforizzata con;VIA ANTONIO PANIZZI;VIA ANTONIO PANIZZI;;;Veicolo in marcia contro veicolo in sosta;Intersezione semaforizzata;Una carreggiata a doppio senso;Asciutto;Asfaltata;Verticale ed orizzontale;Nuvoloso;Scarso;Buona;Ore Diurne;0;0;0;1;12.3991;41.958;-1;1;Autovettura privata;In marcia / fermata / arresto;Conducente;F;Illeso;0;;Non accertato;
4399458;19;29/05/2019 12:10:00;Strada Urbana;VIA DELLA LUCCHINA;all'intersezione semaforizzata con;VIA ANTONIO PANIZZI;VIA ANTONIO PANIZZI;;;Veicolo in marcia contro veicolo in sosta;Intersezione semaforizzata;Una carreggiata a doppio senso;Asciutto;Asfaltata;Verticale ed orizzontale;Nuvoloso;Scarso;Buona;Ore Diurne;0;0;0;1;12.3991;41.958;-1;2;Autocarro inferiore 35 q.;Sosta;;;;;;;
4399463;12;29/05/2019 08:35:00;Strada Urbana;VIA ALVARO DEL PORTILLO;da specificare;;;;(sport city) palo Acea 84;Tamponamento Multiplo;Rettilineo;Una carreggiata a doppio senso;Asciutto;Asfaltata;Verticale ed orizzontale;Nuvoloso;Normale;Buona;Ore Diurne;1;0;0;2;12.476;41.7819;-1;1;Autovettura privata;In marcia / fermata / arresto;Conducente;M;Illeso;0;;;
4399463;12;29/05/2019 08:35:00;Strada Urbana;VIA ALVARO DEL PORTILLO;da specificare;;;;(sport city) palo Acea 84;Tamponamento Multiplo;Rettilineo;Una carreggiata a doppio senso;Asciutto;Asfaltata;Verticale ed orizzontale;Nuvoloso;Normale;Buona;Ore Diurne;1;0;0;2;12.476;41.7819;-1;2;Autovettura privata;In marcia / fermata / arresto;Conducente;M;Illeso;0;;;
4399463;12;29/05/2019 08:35:00;Strada Urbana;VIA ALVARO DEL PORTILLO;da specificare;;;;(sport city) palo Acea 84;Tamponamento Multiplo;Rettilineo;Una carreggiata a doppio senso;Asciutto;Asfaltata;Verticale ed orizzontale;Nuvoloso;Normale;Buona;Ore Diurne;1;0;0;2;12.476;41.7819;-1;3;Autovettura privata;In marcia / fermata / arresto;Conducente;M;Rimandato;0;NON DECEDUTO;;
4399468;13;29/05/2019 17:00:00;Strada Urbana;VIALE DEI ROMAGNOLI;in prossimità;;del civico n.;2105;;Veicolo in marcia contro veicolo in sosta;Rettilineo;Una carreggiata a senso unico di marcia;Asciutto;Asfaltata;Verticale ed orizzontale;Nuvoloso;Normale;Buona;Ore Diurne;0;0;0;2;12.3624;41.7849;-1;1;Autovettura privata;In marcia / fermata / arresto;Conducente;F;Illeso;0;;Non accertato;Inesploso
4399468;13;29/05/2019 17:00:00;Strada Urbana;VIALE DEI ROMAGNOLI;in prossimità;;del civico n.;2105;;Veicolo in marcia contro veicolo in sosta;Rettilineo;Una carreggiata a senso unico di marcia;Asciutto;Asfaltata;Verticale ed orizzontale;Nuvoloso;Normale;Buona;Ore Diurne;0;0;0;2;12.3624;41.7849;-1;1;Autovettura privata;In marcia / fermata / arresto;Passeggero;F;Illeso;0;;Non accertato;Inesploso
4399468;13;29/05/2019 17:00:00;Strada Urbana;VIALE DEI ROMAGNOLI;in prossimità;;del civico n.;2105;;Veicolo in marcia contro veicolo in sosta;Rettilineo;Una carreggiata a senso unico di marcia;Asciutto;Asfaltata;Verticale ed orizzontale;Nuvoloso;Normale;Buona;Ore Diurne;0;0;0;2;12.3624;41.7849;-1;2;Autovettura privata;Sosta;;;;;;;
4399478;1;29/05/2019 15:30:00;Strada Urbana;VIA NAZIONALE;all'intersezione semaforizzata con;VIA MILANO;VIA MILANO;;;Scontro frontale/laterale SX fra veicoli in marcia;Intersezione semaforizzata;Una carreggiata a doppio senso;Asciutto;In cubetti di porfido;Verticale ed orizzontale;Nuvoloso;Normale;Buona;Ore Diurne;0;0;0;2;12.4904;41.8988;-1;1;Autovettura pubblica;In marcia / fermata / arresto;Conducente;M;Illeso;0;;Non accertato;Inesploso
4399478;1;29/05/2019 15:30:00;Strada Urbana;VIA NAZIONALE;all'intersezione semaforizzata con;VIA MILANO;VIA MILANO;;;Scontro frontale/laterale SX fra veicoli in marcia;Intersezione semaforizzata;Una carreggiata a doppio senso;Asciutto;In cubetti di porfido;Verticale ed orizzontale;Nuvoloso;Normale;Buona;Ore Diurne;0;0;0;2;12.4904;41.8988;-1;2;Motociclo a solo;In marcia / fermata / arresto;Conducente;M;Illeso;0;;Non accertato;
4399546;19;29/05/2019 17:00:00;Strada Urbana;VIA DI SELVA CANDIDA;da specificare;;;;PROX VIA FORNO SARACENO;Scontro frontale/laterale SX fra veicoli in marcia;Rettilineo;Una carreggiata a doppio senso;Asciutto;Asfaltata;Verticale ed orizzontale;Sereno;Normale;Buona;Ore Diurne;0;0;0;5;12.3779;41.9347;-1;1;Autovettura privata;In marcia / fermata / arresto;Conducente;F;Illeso;0;;Non accertato;Inesploso
4399546;19;29/05/2019 17:00:00;Strada Urbana;VIA DI SELVA CANDIDA;da specificare;;;;PROX VIA FORNO SARACENO;Scontro frontale/laterale SX fra veicoli in marcia;Rettilineo;Una carreggiata a doppio senso;Asciutto;Asfaltata;Verticale ed orizzontale;Sereno;Normale;Buona;Ore Diurne;0;0;0;5;12.3779;41.9347;-1;1;Autovettura privata;In marcia / fermata / arresto;Passeggero;F;Illeso;0;;Non accertato;
4399546;19;29/05/2019 17:00:00;Strada Urbana;VIA DI SELVA CANDIDA;da specificare;;;;PROX VIA FORNO SARACENO;Scontro frontale/laterale SX fra veicoli in marcia;Rettilineo;Una carreggiata a doppio senso;Asciutto;Asfaltata;Verticale ed orizzontale;Sereno;Normale;Buona;Ore Diurne;0;0;0;5;12.3779;41.9347;-1;1;Autovettura privata;In marcia / fermata / arresto;Passeggero;F;Illeso;0;;Non accertato;
4399546;19;29/05/2019 17:00:00;Strada Urbana;VIA DI SELVA CANDIDA;da specificare;;;;PROX VIA FORNO SARACENO;Scontro frontale/laterale SX fra veicoli in marcia;Rettilineo;Una carreggiata a doppio senso;Asciutto;Asfaltata;Verticale ed orizzontale;Sereno;Normale;Buona;Ore Diurne;0;0;0;5;12.3779;41.9347;-1;1;Autovettura privata;In marcia / fermata / arresto;Passeggero;M;Illeso;0;;Non accertato;
4399546;19;29/05/2019 17:00:00;Strada Urbana;VIA DI SELVA CANDIDA;da specificare;;;;PROX VIA FORNO SARACENO;Scontro frontale/laterale SX fra veicoli in marcia;Rettilineo;Una carreggiata a doppio senso;Asciutto;Asfaltata;Verticale ed orizzontale;Sereno;Normale;Buona;Ore Diurne;0;0;0;5;12.3779;41.9347;-1;2;Autovettura privata;In marcia / fermata / arresto;Conducente;M;Illeso;0;;Non accertato;Inesploso
4399594;2;29/05/2019 19:15:00;Strada Urbana;VIA GUIDO RENI;all'intersezione semaforizzata con;VIA FLAMINIA;VIA FLAMINIA;;;Scontro frontale/laterale DX fra veicoli in marcia;Intersezione semaforizzata;Una carreggiata a senso unico di marcia;Asciutto;Asfaltata;Verticale ed orizzontale;Nuvoloso;Normale;Sufficiente;Ore Diurne;0;0;0;2;12.469;41.9285;-1;1;Autovettura privata;In marcia / fermata / arresto;Conducente;M;Illeso;0;;Non accertato;Inesploso
4399594;2;29/05/2019 19:15:00;Strada Urbana;VIA GUIDO RENI;all'intersezione semaforizzata con;VIA FLAMINIA;VIA FLAMINIA;;;Scontro frontale/laterale DX fra veicoli in marcia;Intersezione semaforizzata;Una carreggiata a senso unico di marcia;Asciutto;Asfaltata;Verticale ed orizzontale;Nuvoloso;Normale;Sufficiente;Ore Diurne;0;0;0;2;12.469;41.9285;-1;2;Autovettura privata;In marcia / fermata / arresto;Conducente;M;Illeso;0;;Non accertato;Inesploso
4399930;15;29/05/2019 14:10:00;Comunale extraurbana;VIA DELLA MAGLIANA;in prossimità;;del civico n.;1052;;Tamponamento;Rettilineo;Una carreggiata a doppio senso;Asciutto;Asfaltata;Verticale ed orizzontale;Nuvoloso;Normale;Buona;Ore Diurne;0;0;0;2;12.3867;41.8273;-1;1;Autovettura privata;In marcia / fermata / arresto;Conducente;M;Illeso;0;;Non accertato;Inesploso