Protocollo;Gruppo;DataOraIncidente;Localizzazione1;STRADA1;Localizzazione2;STRADA2;Strada02;Chilometrica;DaSpecificare;NaturaIncidente;particolaritastrade;TipoStrada;FondoStradale;Pavimentazione;Segnaletica;CondizioneAtmosferica;Traffico;Visibilita;Illuminazione;NUM_FERITI;NUM_RISERVATA;NUM_MORTI;NUM_ILLESI;Longitudine;Latitudine;Confermato;Progressivo;TipoVeicolo;StatoVeicolo;TipoPersona;Sesso;Tipolesione;Deceduto;DecedutoDopo;CinturaCascoUtilizzato;Airbag;
4404653;7;31/05/2019 19:30:00;Strada Urbana;VIA DELLE ACACIE;in corrispondenza;;del civico n.;3/c;;Veicolo in marcia contro veicolo in sosta;Rettilineo;Una carreggiata a doppio senso;Asciutto;Asfaltata;Verticale ed orizzontale;Sereno;Normale;Buona;Ore Diurne;0;0;0;1;12.5622;41.8873;-1;1;Autovettura privata;Sosta;;;;;;;
4404653;7;31/05/2019 19:30:00;Strada Urbana;VIA DELLE ACACIE;in corrispondenza;;del civico n.;3/c;;Veicolo in marcia contro veicolo in sosta;Rettilineo;Una carreggiata a doppio senso;Asciutto;Asfaltata;Verticale ed orizzontale;Sereno;Normale;Buona;Ore Diurne;0;0;0;1;12.5622;41.8873;-1;2;Autocarro inferiore 35 q.;In marcia / fermata / arresto;Conducente;M;Illeso;0;;;
4404664;7;31/05/2019 21:00:00;Strada Urbana;VIALE ALESSANDRINO;da specificare;;;;alt. V.le Bella Villa;Veicolo in marcia contro veicolo in sosta;Rettilineo;Una carreggiata a doppio senso;Asciutto;Asfaltata;Verticale ed orizzontale;Sereno;Normale;Buona;Sufficiente;0;0;0;1;12.5803;41.8727;-1;1;Autobus urbano;In marcia / fermata / arresto;Conducente;M;Illeso;0;;Non accertato;Inesploso
4404664;7;31/05/2019 21:00:00;Strada Urbana;VIALE ALESSANDRINO;da specificare;;;;alt. V.le Bella Villa;Veicolo in marcia contro veicolo in sosta;Rettilineo;Una carreggiata a doppio senso;Asciutto;Asfaltata;Verticale ed orizzontale;Sereno;Normale;Buona;Sufficiente;0;0;0;1;12.5803;41.8727;-1;2;Autovettura privata;Sosta;;;;;;;
4404679;7;31/05/2019 23:00:00;Strada Urbana;CIRCONVALLAZIONE ORIENTALE;all'intersezione con;VIA LUCREZIA ROMANA;VIA LUCREZIA ROMANA;;;Scontro frontale/laterale DX fra veicoli in marcia;Intersezione stradale segnalata;Una carreggiata a senso unico di marcia;Bagnato (umidità in atto);Asfaltata;Verticale;Nuvoloso;Scarso;Sufficiente;Sufficiente;1;0;0;2;12.6154;41.8981;-1;1;Autovettura privata;In marcia / fermata / arresto;Conducente;F;Illeso;0;;;
4404679;7;31/05/2019 23:00:00;Strada Urbana;CIRCONVALLAZIONE ORIENTALE;all'intersezione con;VIA LUCREZIA ROMANA;VIA LUCREZIA ROMANA;;;Scontro frontale/laterale DX fra veicoli in marcia;Intersezione stradale segnalata;Una carreggiata a senso unico di marcia;Bagnato (umidità in atto);Asfaltata;Verticale;Nuvoloso;Scarso;Sufficiente;Sufficiente;1;0;0;2;12.6154;41.8981;-1;2;Autovettura privata;In marcia / fermata / arresto;Conducente;F;Illeso;0;;Non accertato;Inesploso
4404679;7;31/05/2019 23:00:00;Strada Urbana;CIRCONVALLAZIONE ORIENTALE;all'intersezione con;VIA LUCREZIA ROMANA;VIA LUCREZIA ROMANA;;;Scontro frontale/laterale DX fra veicoli in marcia;Intersezione stradale segnalata;Una carreggiata a senso unico di marcia;Bagnato (umidità in atto);Asfaltata;Verticale;Nuvoloso;Scarso;Sufficiente;Sufficiente;1;0;0;2;12.6154;41.8981;-1;2;Autovettura privata;In marcia / fermata / arresto;Passeggero;F;Rimandato;0;NON DECEDUTO;;
4405099;2;31/05/2019 19:00:00;Strada Urbana;VIA EMANUELE GIANTURCO;in corrispondenza;;del civico n.;1;;Veicolo in marcia contro veicolo in sosta;Rettilineo;Una carreggiata a doppio senso;Asciutto;Asfaltata;Verticale ed orizzontale;Sereno;Intenso;Buona;Ore Diurne;0;0;0;1;12.4741;41.9137;-1;1;Autovettura privata;In marcia / fermata / arresto;Conducente;F;Illeso;0;;Non accertato;Inesploso
4405099;2;31/05/2019 19:00:00;Strada Urbana;VIA EMANUELE GIANTURCO;in corrispondenza;;del civico n.;1;;Veicolo in marcia contro veicolo in sosta;Rettilineo;Una carreggiata a doppio senso;Asciutto;Asfaltata;Verticale ed orizzontale;Sereno;Intenso;Buona;Ore Diurne;0;0;0;1;12.4741;41.9137;-1;2;Motociclo a solo;Sosta;;;;;;;
4405334;17;31/05/2019 02:15:00;Strada Urbana;VIA VESPASIANO;all'intersezione con;VIA DEGLI SCIPIONI;VIA DEGLI SCIPIONI;;;Scontro laterale fra veicoli in marcia;Intersezione stradale segnalata;Una carreggiata a senso unico di marcia;Asciutto;In cubetti di porfido;Verticale ed orizzontale;Sereno;Scarso;Buona;Sufficiente;0;0;0;2;12.4568;41.9082;-1;1;Autovettura pubblica;In marcia / fermata / arresto;Conducente;M;Illeso;0;;Non accertato;Inesploso
4405334;17;31/05/2019 02:15:00;Strada Urbana;VIA VESPASIANO;all'intersezione con;VIA DEGLI SCIPIONI;VIA DEGLI SCIPIONI;;;Scontro laterale fra veicoli in marcia;Intersezione stradale segnalata;Una carreggiata a senso unico di marcia;Asciutto;In cubetti di porfido;Verticale ed orizzontale;Sereno;Scarso;Buona;Sufficiente;0;0;0;2;12.4568;41.9082;-1;2;Autovettura privata;In marcia / fermata / arresto;Conducente;M;Illeso;0;;Non accertato;Inesploso
4405382;17;31/05/2019 08:50:00;Strada Urbana;VIA LEONE IV;in corrispondenza;;del civico n.;42;;Scontro laterale fra veicoli in marcia;Rettilineo;Una carreggiata a doppio senso;Asciutto;Asfaltata;Verticale ed orizzontale;Sereno;Normale;Buona;Ore Diurne;1;0;0;1;12.455;41.9092;-1;1;Autovettura privata;In marcia / fermata / arresto;Conducente;F;Illeso;0;;;
4405382;17;31/05/2019 08:50:00;Strada Urbana;VIA LEONE IV;in corrispondenza;;del civico n.;42;;Scontro laterale fra veicoli in marcia;Rettilineo;Una carreggiata a doppio senso;Asciutto;Asfaltata;Verticale ed orizzontale;Sereno;Normale;Buona;Ore Diurne;1;0;0;1;12.455;41.9092;-1;2;Ciclomotore;In marcia / fermata / arresto;Conducente;M;Rifiuta cure immediate;0;NON DECEDUTO;;
4405418;17;31/05/2019 16:50:00;Strada Urbana;VIA LEONE IV;all'intersezione con;VIA SEBASTIANO VENIERO;VIA SEBASTIANO VENIERO;;;Tamponamento;Intersezione stradale segnalata;Una carreggiata a doppio senso;Asciutto;Asfaltata;Verticale ed orizzontale;Sereno;Intenso;Buona;Ore Diurne;1;0;0;1;12.4555;41.9079;-1;1;Autovettura privata;In marcia / fermata / arresto;Conducente;M;Illeso;0;;;
4405418;17;31/05/2019 16:50:00;Strada Urbana;VIA LEONE IV;all'intersezione con;VIA SEBASTIANO VENIERO;VIA SEBASTIANO VENIERO;;;Tamponamento;Intersezione stradale segnalata;Una carreggiata a doppio senso;Asciutto;Asfaltata;Verticale ed orizzontale;Sereno;Intenso;Buona;Ore Diurne;1;0;0;1;12.4555;41.9079;-1;2;Motociclo a solo;In marcia / fermata / arresto;Conducente;M;Rifiuta cure immediate;0;NON DECEDUTO;;
4405575;17;31/05/2019 20:40:00;Strada Urbana;VIALE DELLE MEDAGLIE D'ORO;in prossimità;;del civico n.;44;;Scontro laterale fra veicoli in marcia;Rettilineo;Una carreggiata a doppio senso;Asciutto;Asfaltata;Verticale ed orizzontale;Nuvoloso;Normale;Sufficiente;Sufficiente;1;0;0;1;12.4464;41.9107;-1;1;Autovettura privata;In marcia / fermata / arresto;Conducente;F;Illeso;0;;;
4405575;17;31/05/2019 20:40:00;Strada Urbana;VIALE DELLE MEDAGLIE D'ORO;in prossimità;;del civico n.;44;;Scontro laterale fra veicoli in marcia;Rettilineo;Una carreggiata a doppio senso;Asciutto;Asfaltata;Verticale ed orizzontale;Nuvoloso;Normale;Sufficiente;Sufficiente;1;0;0;1;12.4464;41.9107;-1;2;Motociclo a solo;In marcia / fermata / arresto;Conducente;F;Rifiuta cure immediate;0;NON DECEDUTO;;
4405986;5;31/05/2019 06:40:00;Strada Urbana;VIA TIBURTINA;da specificare;;;;altezza via di Settecamini;Scontro laterale fra veicoli in marcia;Rettilineo;Due carreggiate;Asciutto;Asfaltata;Verticale ed orizzontale;Sereno;Intenso;Buona;Ore Diurne;0;0;0;2;12.6212;41.938;-1;1;Autovettura privata;In marcia / fermata / arresto;Conducente;M;Illeso;0;;Non accertato;Inesploso
4405986;5;31/05/2019 06:40:00;Strada Urbana;VIA TIBURTINA;da specificare;;;;altezza via di Settecamini;Scontro laterale fra veicoli in marcia;Rettilineo;Due carreggiate;Asciutto;Asfaltata;Verticale ed orizzontale;Sereno;Intenso;Buona;Ore Diurne;0;0;0;2;12.6212;41.938;-1;2;Autocarro superiore 35 q.;In marcia / fermata / arresto;Conducente;M;Illeso;0;;Non accertato;Inesploso
4405996;5;31/05/2019 10:15:00;Strada Urbana;VIA DONATO MENICHELLA;in prossimità;;del civico n.;146;;Veicolo in marcia contro veicoli in sosta;Rettilineo;Una carreggiata a senso unico di marcia;Asciutto;Asfaltata;Verticale ed orizzontale;Sereno;Normale;Buona;Ore Diurne;1;0;0;0;12.5851;41.9483;-1;1;Autovettura privata;Sosta;;;;;;;
4405996;5;31/05/2019 10:15:00;Strada Urbana;VIA DONATO MENICHELLA;in prossimità;;del civico n.;146;;Veicolo in marcia contro veicoli in sosta;Rettilineo;Una carreggiata a senso unico di marcia;Asciutto;Asfaltata;Verticale ed orizzontale;Sereno;Normale;Buona;Ore Diurne;1;0;0;0;12.5851;41.9483;-1;2;Autovettura privata;Sosta;;;;;;;
4405996;5;31/05/2019 10:15:00;Strada Urbana;VIA DONATO MENICHELLA;in prossimità;;del civico n.;146;;Veicolo in marcia contro veicoli in sosta;Rettilineo;Una carreggiata a senso unico di marcia;Asciutto;Asfaltata;Verticale ed orizzontale;Sereno;Normale;Buona;Ore Diurne;1;0;0;0;12.5851;41.9483;-1;3;Autovettura privata;Sosta;;;;;;;
4405996;5;31/05/2019 10:15:00;Strada Urbana;VIA DONATO MENICHELLA;in prossimità;;del civico n.;146;;Veicolo in marcia contro veicoli in sosta;Rettilineo;Una carreggiata a senso unico di marcia;Asciutto;Asfaltata;Verticale ed orizzontale;Sereno;Normale;Buona;Ore Diurne;1;0;0;0;12.5851;41.9483;-1;4;Autovettura privata;In marcia / fermata / arresto;Conducente;M;Rimandato;0;NON DECEDUTO;Non accertato;
4406018;5;31/05/2019 16:10:00;Strada Urbana;VIA DOMENICO DE DOMINICIS;in prossimità;;del civico n.;49;;Tamponamento;Rettilineo;Due carreggiate;Asciutto;Asfaltata;Verticale ed orizzontale;Sereno;Normale;Buona;Ore Diurne;0;0;0;2;12.5355;41.9021;-1;1;Autovettura privata;In marcia / fermata / arresto;Conducente;M;Illeso;0;;Non accertato;
4406018;5;31/05/2019 16:10:00;Strada Urbana;VIA DOMENICO DE DOMINICIS;in prossimità;;del civico n.;49;;Tamponamento;Rettilineo;Due carreggiate;Asciutto;Asfaltata;Verticale ed orizzontale;Sereno;Normale;Buona;Ore Diurne;0;0;0;2;12.5355;41.9021;-1;2;Autovettura privata;In marcia / fermata / arresto;Conducente;F;Illeso;0;;Non accertato;
4406024;5;31/05/2019 16:30:00;Strada Urbana;VIA DI S. ALESSANDRO;all'intersezione con;VIALE DELLA TORRE DI PRATOLUNGO;VIALE DELLA TORRE DI PRATOLUNGO;;;Scontro frontale/laterale SX fra veicoli in marcia;Intersezione non regolata/non segnalata;Una carreggiata a doppio senso;Asciutto;Asfaltata;Verticale ed orizzontale;Sereno;Scarso;Buona;Ore Diurne;1;0;0;1;12.6039;41.9456;-1;1;Autovettura privata;In marcia / fermata / arresto;Conducente;F;Rimandato;0;NON DECEDUTO;Non accertato;Inesploso
4406024;5;31/05/2019 16:30:00;Strada Urbana;VIA DI S. ALESSANDRO;all'intersezione con;VIALE DELLA TORRE DI PRATOLUNGO;VIALE DELLA TORRE DI PRATOLUNGO;;;Scontro frontale/laterale SX fra veicoli in marcia;Intersezione non regolata/non segnalata;Una carreggiata a doppio senso;Asciutto;Asfaltata;Verticale ed orizzontale;Sereno;Scarso;Buona;Ore Diurne;1;0;0;1;12.6039;41.9456;-1;2;Autovettura privata;In marcia / fermata / arresto;Conducente;F;Illeso;0;;Non accertato;Inesploso
4406031;5;31/05/2019 23:00:00;;VIA TIBURTINA;in corrispondenza;;del civico n.;1578;;Veicolo in marcia contro ostacolo accidentale;;;;;;;;;;0;0;0;0;12.6435;41.9415;0;1;Autovettura privata;In marcia / fermata / arresto;;;;;;;
4406038;5;31/05/2019 23:05:00;Strada Urbana;VIA TIBURTINA;in corrispondenza;;del civico n.;1578;;Veicolo in marcia contro ostacolo accidentale;Rettilineo;Una carreggiata a doppio senso;Asciutto;Asfaltata;Verticale ed orizzontale;Nuvoloso;Normale;Sufficiente;Sufficiente;0;0;0;1;12.6435;41.9415;-1;1;Autovettura privata;In marcia / fermata / arresto;Conducente;M;Illeso;0;;Non accertato;Inesploso
4406089;4;31/05/2019 15:50:00;Strada Urbana;VIA GARGANO;in corrispondenza;;del civico n.;23;;Tamponamento Multiplo;Rettilineo;Una carreggiata a doppio senso;Asciutto;Asfaltata;Verticale ed orizzontale;Sereno;Intenso;Buona;Ore Diurne;0;0;0;3;12.5339;41.9367;-1;1;Autovettura privata;In marcia / fermata / arresto;Conducente;F;Illeso;0;;;
4406089;4;31/05/2019 15:50:00;Strada Urbana;VIA GARGANO;in corrispondenza;;del civico n.;23;;Tamponamento Multiplo;Rettilineo;Una carreggiata a doppio senso;Asciutto;Asfaltata;Verticale ed orizzontale;Sereno;Intenso;Buona;Ore Diurne;0;0;0;3;12.5339;41.9367;-1;2;Autovettura privata;In marcia / fermata / arresto;Conducente;F;Illeso;0;;;
4406089;4;31/05/2019 15:50:00;Strada Urbana;VIA GARGANO;in corrispondenza;;del civico n.;23;;Tamponamento Multiplo;Rettilineo;Una carreggiata a doppio senso;Asciutto;Asfaltata;Verticale ed orizzontale;Sereno;Intenso;Buona;Ore Diurne;0;0;0;3;12.5339;41.9367;-1;3;Autovettura privata;In marcia / fermata / arresto;Conducente;F;Illeso;0;;;
4406142;4;31/05/2019 13:50:00;Strada Urbana;VIA LUCIANO ZUCCOLI;in corrispondenza;;del civico n.;45;;Tamponamento;Rettilineo;Una carreggiata a senso unico di marcia;Asciutto;Asfaltata;Verticale ed orizzontale;Sereno;Normale;Buona;Ore Diurne;1;0;0;1;12.5454;41.9507;-1;1;Autovettura pubblica;In marcia / fermata / arresto;Conducente;M;Illeso;0;;Non accertato;Inesploso
4406142;4;31/05/2019 13:50:00;Strada Urbana;VIA LUCIANO ZUCCOLI;in corrispondenza;;del civico n.;45;;Tamponamento;Rettilineo;Una carreggiata a senso unico di marcia;Asciutto;Asfaltata;Verticale ed orizzontale;Sereno;Normale;Buona;Ore Diurne;1;0;0;1;12.5454;41.9507;-1;2;Autovettura privata;In marcia / fermata / arresto;Conducente;F;Rifiuta cure immediate;0;NON DECEDUTO;Non accertato;Inesploso
4406169;19;31/05/2019 13:30:00;Strada Urbana;VIA TRIONFALE;in prossimità;;del civico n.;10600;;Scontro laterale fra veicoli in marcia;Rettilineo;Una carreggiata a doppio senso;Asciutto;Asfaltata;Orizzontale;Sereno;Normale;Buona;Ore Diurne;0;0;0;3;12.4123;41.9543;-1;1;Autovettura privata;In marcia / fermata / arresto;Conducente;F;Illeso;0;;Non accertato;Inesploso
4406169;19;31/05/2019 13:30:00;Strada Urbana;VIA TRIONFALE;in prossimità;;del civico n.;10600;;Scontro laterale fra veicoli in marcia;Rettilineo;Una carreggiata a doppio senso;Asciutto;Asfaltata;Orizzontale;Sereno;Normale;Buona;Ore Diurne;0;0;0;3;12.4123;41.9543;-1;1;Autovettura privata;In marcia / fermata / arresto;Passeggero;F;Illeso;0;;Non accertato;Inesploso
4406169;19;31/05/2019 13:30:00;Strada Urbana;VIA TRIONFALE;in prossimità;;del civico n.;10600;;Scontro laterale fra veicoli in marcia;Rettilineo;Una carreggiata a doppio senso;Asciutto;Asfaltata;Orizzontale;Sereno;Normale;Buona;Ore Diurne;0;0;0;3;12.4123;41.9543;-1;2;Autoambulanza in servizio;In marcia / fermata / arresto;Conducente;M;Illeso;0;;Non accertato;Inesploso
4406172;18;31/05/2019 16:50:00;Strada Urbana;VIA DI BOCCEA;in prossimità;;del civico n.;506;;Investimento di pedone;Rettilineo;Due carreggiate;Asciutto;Asfaltata;Verticale;Nuvoloso;Intenso;Sufficiente;Ore Diurne;1;0;0;1;12.343;41.9318;-1;;;;Pedone;F;Rimandato;0;NON DECEDUTO;;
4406172;18;31/05/2019 16:50:00;Strada Urbana;VIA DI BOCCEA;in prossimità;;del civico n.;506;;Investimento di pedone;Rettilineo;Due carreggiate;Asciutto;Asfaltata;Verticale;Nuvoloso;Intenso;Sufficiente;Ore Diurne;1;0;0;1;12.343;41.9318;-1;1;Motociclo a solo;In marcia / fermata / arresto;Conducente;M;Illeso;0;;Non accertato;
4406187;19;31/05/2019 22:45:00;Strada Urbana;VIALE ANTONINO DI SAN GIULIANO;all'intersezione con;PIAZZALE DELLA FARNESINA;PIAZZALE DELLA FARNESINA;;;Scontro frontale/laterale SX fra veicoli in marcia;Incrocio;Due carreggiate;Asciutto;Asfaltata;Verticale;Sereno;Normale;Buona;Sufficiente;1;0;0;5;12.4605;41.9372;-1;1;Autovettura privata;In marcia / fermata / arresto;Conducente;F;Illeso;0;;Non accertato;Inesploso
4406187;19;31/05/2019 22:45:00;Strada Urbana;VIALE ANTONINO DI SAN GIULIANO;all'intersezione con;PIAZZALE DELLA FARNESINA;PIAZZALE DELLA FARNESINA;;;Scontro frontale/laterale SX fra veicoli in marcia;Incrocio;Due carreggiate;Asciutto;Asfaltata;Verticale;Sereno;Normale;Buona;Sufficiente;1;0;0;5;12.4605;41.9372;-1;1;Autovettura privata;In marcia / fermata / arresto;Passeggero;F;Illeso;0;;Non accertato;Inesploso
4406187;19;31/05/2019 22:45:00;Strada Urbana;VIALE ANTONINO DI SAN GIULIANO;all'intersezione con;PIAZZALE DELLA FARNESINA;PIAZZALE DELLA FARNESINA;;;Scontro frontale/laterale SX fra veicoli in marcia;Incrocio;Due carreggiate;Asciutto;Asfaltata;Verticale;Sereno;Normale;Buona;Sufficiente;1;0;0;5;12.4605;41.9372;-1;2;Autovettura privata;In marcia / fermata / arresto;Conducente;M;Illeso;0;;;
4406187;19;31/05/2019 22:45:00;Strada Urbana;VIALE ANTONINO DI SAN GIULIANO;all'intersezione con;PIAZZALE DELLA FARNESINA;PIAZZALE DELLA FARNESINA;;;Scontro frontale/laterale SX fra veicoli in marcia;Incrocio;Due carreggiate;Asciutto;Asfaltata;Verticale;Sereno;Normale;Buona;Sufficiente;1;0;0;5;12.4605;41.9372;-1;2;Autovettura privata;In marcia / fermata / arresto;Passeggero;M;Illeso;0;;;
4406187;19;31/05/2019 22:45:00;Strada Urbana;VIALE ANTONINO DI SAN GIULIANO;all'intersezione con;PIAZZALE DELLA FARNESINA;PIAZZALE DELLA FARNESINA;;;Scontro frontale/laterale SX fra veicoli in marcia;Incrocio;Due carreggiate;Asciutto;Asfaltata;Verticale;Sereno;Normale;Buona;Sufficiente;1;0;0;5;12.4605;41.9372;-1;2;Autovettura privata;In marcia / fermata / arresto;Passeggero;M;Rimandato;0;NON DECEDUTO;;
4406218;4;31/05/2019 22:00:00;Strada Urbana;VIA NOMENTANA;all'intersezione con;VIA DEL CASALE DI S. BASILIO;VIA DEL CASALE DI S. BASILIO;;;Tamponamento Multiplo;Intersezione semaforizzata;Due carreggiate;Asciutto;Asfaltata;Verticale ed orizzontale;Sereno;Normale;Buona;Sufficiente;0;0;0;3;12.5728;41.9579;-1;1;Autovettura privata;In marcia / fermata / arresto;Conducente;M;Illeso;0;;Non accertato;
4406218;4;31/05/2019 22:00:00;Strada Urbana;VIA NOMENTANA;all'intersezione con;VIA DEL CASALE DI S. BASILIO;VIA DEL CASALE DI S. BASILIO;;;Tamponamento Multiplo;Intersezione semaforizzata;Due carreggiate;Asciutto;Asfaltata;Verticale ed orizzontale;Sereno;Normale;Buona;Sufficiente;0;0;0;3;12.5728;41.9579;-1;2;Autovettura privata;In marcia / fermata / arresto;Conducente;M;Illeso;0;;Non accertato;
4406218;4;31/05/2019 22:00:00;Strada Urbana;VIA NOMENTANA;all'intersezione con;VIA DEL CASALE DI S. BASILIO;VIA DEL CASALE DI S. BASILIO;;;Tamponamento Multiplo;Intersezione semaforizzata;Due carreggiate;Asciutto;Asfaltata;Verticale ed orizzontale;Sereno;Normale;Buona;Sufficiente;0;0;0;3;12.5728;41.9579;-1;3;Autovettura privata;In marcia / fermata / arresto;Conducente;M;Illeso;0;;Non accertato;
4406238;16;31/05/2019 13:30:00;Strada Urbana;VIA BERNARDINO RAMAZZINI;in prossimità;;del civico n.;93;;Scontro frontale/laterale SX fra veicoli in marcia;Rettilineo;Due carreggiate;Asciutto;Asfaltata;Assente;Nuvoloso;Normale;Buona;Ore Diurne;1;0;0;1;12.4509;41.8681;-1;1;Autovettura privata;In marcia / fermata / arresto;Conducente;M;Illeso;0;;;
4406238;16;31/05/2019 13:30:00;Strada Urbana;VIA BERNARDINO RAMAZZINI;in prossimità;;del civico n.;93;;Scontro frontale/laterale SX fra veicoli in marcia;Rettilineo;Due carreggiate;Asciutto;Asfaltata;Assente;Nuvoloso;Normale;Buona;Ore Diurne;1;0;0;1;12.4509;41.8681;-1;2;Ciclomotore;In marcia / fermata / arresto;Conducente;M;Rimandato;0;NON DECEDUTO;;
4406255;3;30/05/2019 18:45:00;Strada Urbana;LARGO DEGLI OSCI;in corrispondenza;;del civico n.;20;;Veicolo in marcia contro veicolo in sosta;Rettilineo;Una carreggiata a senso unico di marcia;Asciutto;In cubetti di porfido;Verticale ed orizzontale;Nuvoloso;Normale;Buona;Ore Diurne;0;0;0;0;12.5143;41.8968;-1;1;Autovettura privata;Sosta;;;;;;;
4406255;3;30/05/2019 18:45:00;Strada Urbana;LARGO DEGLI OSCI;in corrispondenza;;del civico n.;20;;Veicolo in marcia contro veicolo in sosta;Rettilineo;Una carreggiata a senso unico di marcia;Asciutto;In cubetti di porfido;Verticale ed orizzontale;Nuvoloso;Normale;Buona;Ore Diurne;0;0;0;0;12.5143;41.8968;-1;2;Autovettura privata;Allontanatosi;;;;;;;
4406283;16;31/05/2019 11:15:00;Strada Urbana;VIA PORTUENSE;in corrispondenza;;del civico n.;96/C;;Scontro laterale fra veicoli in marcia;Rettilineo;Una carreggiata a doppio senso;Asciutto;Asfaltata;Verticale ed orizzontale;Sereno;Intenso;Buona;Ore Diurne;1;0;0;2;12.4677;41.8768;-1;1;Motociclo a solo;In marcia / fermata / arresto;Conducente;M;Rimandato;0;NON DECEDUTO;Non accertato;
4406283;16;31/05/2019 11:15:00;Strada Urbana;VIA PORTUENSE;in corrispondenza;;del civico n.;96/C;;Scontro laterale fra veicoli in marcia;Rettilineo;Una carreggiata a doppio senso;Asciutto;Asfaltata;Verticale ed orizzontale;Sereno;Intenso;Buona;Ore Diurne;1;0;0;2;12.4677;41.8768;-1;2;Autovettura privata;In marcia / fermata / arresto;Conducente;M;Illeso;0;;Non accertato;Inesploso
4406283;16;31/05/2019 11:15:00;Strada Urbana;VIA PORTUENSE;in corrispondenza;;del civico n.;96/C;;Scontro laterale fra veicoli in marcia;Rettilineo;Una carreggiata a doppio senso;Asciutto;Asfaltata;Verticale ed orizzontale;Sereno;Intenso;Buona;Ore Diurne;1;0;0;2;12.4677;41.8768;-1;2;Autovettura privata;In marcia / fermata / arresto;Passeggero;M;Illeso;0;;Non accertato;Inesploso
4406293;19;30/05/2019 20:30:00;Strada Urbana;VIA DELLA TENUTA DI S. AGATA;in prossimità;;del civico n.;47;;Veicolo in marcia contro veicoli in sosta;Rettilineo;Una carreggiata a doppio senso;Asciutto;Asfaltata;Assente;Sereno;Scarso;Buona;Sufficiente;0;0;0;0;12.4299;41.94;-1;1;Autovettura privata;Sosta;;;;;;;
4406293;19;30/05/2019 20:30:00;Strada Urbana;VIA DELLA TENUTA DI S. AGATA;in prossimità;;del civico n.;47;;Veicolo in marcia contro veicoli in sosta;Rettilineo;Una carreggiata a doppio senso;Asciutto;Asfaltata;Assente;Sereno;Scarso;Buona;Sufficiente;0;0;0;0;12.4299;41.94;-1;2;Autovettura privata;Sosta;;;;;;;
4406293;19;30/05/2019 20:30:00;Strada Urbana;VIA DELLA TENUTA DI S. AGATA;in prossimità;;del civico n.;47;;Veicolo in marcia contro veicoli in sosta;Rettilineo;Una carreggiata a doppio senso;Asciutto;Asfaltata;Assente;Sereno;Scarso;Buona;Sufficiente;0;0;0;0;12.4299;41.94;-1;3;Autovettura privata;Sosta;;;;;;;
4406293;19;30/05/2019 20:30:00;Strada Urbana;VIA DELLA TENUTA DI S. AGATA;in prossimità;;del civico n.;47;;Veicolo in marcia contro veicoli in sosta;Rettilineo;Una carreggiata a doppio senso;Asciutto;Asfaltata;Assente;Sereno;Scarso;Buona;Sufficiente;0;0;0;0;12.4299;41.94;-1;4;Autovettura privata;Allontanatosi;;;;;;;
4406309;4;31/05/2019 13:00:00;Strada Urbana;VIA VALSOLDA;in corrispondenza;;del civico n.;45;;Veicolo in marcia contro veicolo in sosta;Rettilineo;Una carreggiata a senso unico di marcia;Asciutto;Asfaltata;Verticale;Sereno;Normale;Buona;Ore Diurne;0;0;0;0;12.5313;41.9355;0;1;Autovettura privata;Sosta;;;;;;;
4406309;4;31/05/2019 13:00:00;Strada Urbana;VIA VALSOLDA;in corrispondenza;;del civico n.;45;;Veicolo in marcia contro veicolo in sosta;Rettilineo;Una carreggiata a senso unico di marcia;Asciutto;Asfaltata;Verticale;Sereno;Normale;Buona;Ore Diurne;0;0;0;0;12.5313;41.9355;0;2;Autovettura privata;Allontanatosi;;;;;;;
4406312;3;31/05/2019 17:10:00;Strada Urbana;VIALE DELL'UNIVERSITA';in prossimità;;del civico n.;1c;;Scontro laterale fra veicoli in marcia;Rettilineo;Una carreggiata a senso unico di marcia;Asciutto;Asfaltata;Verticale ed orizzontale;Sereno;Normale;Buona;Ore Diurne;0;0;0;2;12.5077;41.903;-1;1;Autovettura privata;In marcia / fermata / arresto;Conducente;M;Illeso;0;;;
4406312;3;31/05/2019 17:10:00;Strada Urbana;VIALE DELL'UNIVERSITA';in prossimità;;del civico n.;1c;;Scontro laterale fra veicoli in marcia;Rettilineo;Una carreggiata a senso unico di marcia;Asciutto;Asfaltata;Verticale ed orizzontale;Sereno;Normale;Buona;Ore Diurne;0;0;0;2;12.5077;41.903;-1;2;Autovettura privata;In marcia / fermata / arresto;Conducente;M;Illeso;0;;;
4406384;12;31/05/2019 08:30:00;Strada Urbana;VIA DEGLI EROI DELLA DIFESA DI ROMA;all'intersezione con;VIALE DEI CADUTI NELLA GUERRA DI LIBERAZIONE;VIALE DEI CADUTI NELLA GUERRA DI LIBERAZIONE;;;Scontro laterale fra veicoli in marcia;Incrocio;Una carreggiata a senso unico di marcia;Asciutto;Asfaltata;Verticale ed orizzontale;Sereno;Normale;Buona;Ore Diurne;0;0;0;3;12.4508;41.7929;-1;1;Autobus di linea;In marcia / fermata / arresto;Conducente;M;Illeso;0;;;